START_TIME,STOP_TIME,PREDICTED,PROB_WEAR,PROB_SLEEP,PROB_NWEAR,STATE
2000-01-12 00:00:00,2000-01-12 00:00:30,2,0.066,0.379,0.554,NON-WEAR
2000-01-12 00:00:30,2000-01-12 00:01:00,2,0.066,0.379,0.554,NON-WEAR
2000-01-12 00:01:00,2000-01-12 00:01:30,2,0.066,0.379,0.554,NON-WEAR
2000-01-12 00:01:30,2000-01-12 00:02:00,2,0.066,0.379,0.554,NON-WEAR
2000-01-12 00:02:00,2000-01-12 00:02:30,2,0.066,0.379,0.554,NON-WEAR
2000-01-12 00:02:30,2000-01-12 00:03:00,2,0.066,0.379,0.554,NON-WEAR
2000-01-12 00:03:00,2000-01-12 00:03:30,2,0.066,0.379,0.554,NON-WEAR
2000-01-12 00:03:30,2000-01-12 00:04:00,2,0.066,0.379,0.554,NON-WEAR
2000-01-12 00:04:00,2000-01-12 00:04:30,2,0.066,0.379,0.554,NON-WEAR
2000-01-12 00:04:30,2000-01-12 00:05:00,1,0.443,0.557,0.0,SLEEP
2000-01-12 00:05:00,2000-01-12 00:05:30,2,0.066,0.381,0.553,NON-WEAR
2000-01-12 00:05:30,2000-01-12 00:06:00,2,0.066,0.381,0.553,NON-WEAR
2000-01-12 00:06:00,2000-01-12 00:06:30,2,0.066,0.381,0.553,NON-WEAR
2000-01-12 00:06:30,2000-01-12 00:07:00,2,0.066,0.381,0.553,NON-WEAR
2000-01-12 00:07:00,2000-01-12 00:07:30,2,0.066,0.381,0.553,NON-WEAR
2000-01-12 00:07:30,2000-01-12 00:08:00,2,0.066,0.381,0.553,NON-WEAR
2000-01-12 00:08:00,2000-01-12 00:08:30,1,0.183,0.78,0.037,SLEEP
2000-01-12 00:08:30,2000-01-12 00:09:00,2,0.079,0.411,0.511,NON-WEAR
2000-01-12 00:09:00,2000-01-12 00:09:30,0,1.0,0.0,0.0,WEAR
2000-01-12 00:09:30,2000-01-12 00:10:00,0,0.999,0.001,0.0,WEAR
2000-01-12 00:10:00,2000-01-12 00:10:30,0,0.921,0.079,0.0,WEAR
2000-01-12 00:10:30,2000-01-12 00:11:00,0,0.99,0.01,0.0,WEAR
2000-01-12 00:11:00,2000-01-12 00:11:30,0,0.999,0.001,0.0,WEAR
2000-01-12 00:11:30,2000-01-12 00:12:00,0,0.976,0.024,0.0,WEAR
2000-01-12 00:12:00,2000-01-12 00:12:30,0,0.979,0.021,0.0,WEAR
2000-01-12 00:12:30,2000-01-12 00:13:00,0,0.996,0.004,0.0,WEAR
2000-01-12 00:13:00,2000-01-12 00:13:30,1,0.33,0.67,0.0,SLEEP
2000-01-12 00:13:30,2000-01-12 00:14:00,2,0.067,0.383,0.55,NON-WEAR
2000-01-12 00:14:00,2000-01-12 00:14:30,2,0.067,0.383,0.55,NON-WEAR
2000-01-12 00:14:30,2000-01-12 00:15:00,2,0.067,0.383,0.55,NON-WEAR
2000-01-12 00:15:00,2000-01-12 00:15:30,2,0.067,0.383,0.55,NON-WEAR
2000-01-12 00:15:30,2000-01-12 00:16:00,2,0.067,0.383,0.55,NON-WEAR
2000-01-12 00:16:00,2000-01-12 00:16:30,2,0.067,0.383,0.55,NON-WEAR
2000-01-12 00:16:30,2000-01-12 00:17:00,2,0.067,0.383,0.55,NON-WEAR
2000-01-12 00:17:00,2000-01-12 00:17:30,2,0.067,0.383,0.55,NON-WEAR
2000-01-12 00:17:30,2000-01-12 00:18:00,1,0.301,0.699,0.0,SLEEP
2000-01-12 00:18:00,2000-01-12 00:18:30,1,0.143,0.661,0.197,SLEEP
2000-01-12 00:18:30,2000-01-12 00:19:00,2,0.068,0.386,0.547,NON-WEAR
2000-01-12 00:19:00,2000-01-12 00:19:30,2,0.068,0.386,0.547,NON-WEAR
2000-01-12 00:19:30,2000-01-12 00:20:00,2,0.068,0.386,0.547,NON-WEAR
2000-01-12 00:20:00,2000-01-12 00:20:30,2,0.068,0.386,0.547,NON-WEAR
2000-01-12 00:20:30,2000-01-12 00:21:00,2,0.068,0.386,0.547,NON-WEAR
2000-01-12 00:21:00,2000-01-12 00:21:30,2,0.068,0.386,0.547,NON-WEAR
2000-01-12 00:21:30,2000-01-12 00:22:00,2,0.068,0.386,0.547,NON-WEAR
2000-01-12 00:22:00,2000-01-12 00:22:30,2,0.068,0.386,0.547,NON-WEAR
2000-01-12 00:22:30,2000-01-12 00:23:00,2,0.068,0.386,0.547,NON-WEAR
2000-01-12 00:23:00,2000-01-12 00:23:30,2,0.068,0.386,0.547,NON-WEAR
2000-01-12 00:23:30,2000-01-12 00:24:00,1,0.227,0.772,0.001,SLEEP
2000-01-12 00:24:00,2000-01-12 00:24:30,1,0.097,0.483,0.421,SLEEP
2000-01-12 00:24:30,2000-01-12 00:25:00,2,0.08,0.418,0.501,NON-WEAR
2000-01-12 00:25:00,2000-01-12 00:25:30,2,0.08,0.418,0.501,NON-WEAR
2000-01-12 00:25:30,2000-01-12 00:26:00,2,0.08,0.418,0.501,NON-WEAR
2000-01-12 00:26:00,2000-01-12 00:26:30,2,0.08,0.418,0.501,NON-WEAR
2000-01-12 00:26:30,2000-01-12 00:27:00,2,0.08,0.418,0.501,NON-WEAR
2000-01-12 00:27:00,2000-01-12 00:27:30,2,0.08,0.418,0.501,NON-WEAR
2000-01-12 00:27:30,2000-01-12 00:28:00,2,0.08,0.418,0.501,NON-WEAR
2000-01-12 00:28:00,2000-01-12 00:28:30,2,0.08,0.418,0.501,NON-WEAR
2000-01-12 00:28:30,2000-01-12 00:29:00,2,0.08,0.418,0.501,NON-WEAR
2000-01-12 00:29:00,2000-01-12 00:29:30,2,0.08,0.418,0.501,NON-WEAR
2000-01-12 00:29:30,2000-01-12 00:30:00,2,0.08,0.418,0.501,NON-WEAR
2000-01-12 00:30:00,2000-01-12 00:30:30,2,0.08,0.418,0.501,NON-WEAR
2000-01-12 00:30:30,2000-01-12 00:31:00,0,1.0,0.0,0.0,WEAR
2000-01-12 00:31:00,2000-01-12 00:31:30,1,0.213,0.785,0.002,SLEEP
2000-01-12 00:31:30,2000-01-12 00:32:00,2,0.054,0.372,0.573,NON-WEAR
2000-01-12 00:32:00,2000-01-12 00:32:30,2,0.054,0.372,0.573,NON-WEAR
2000-01-12 00:32:30,2000-01-12 00:33:00,2,0.054,0.372,0.573,NON-WEAR
2000-01-12 00:33:00,2000-01-12 00:33:30,2,0.054,0.372,0.573,NON-WEAR
2000-01-12 00:33:30,2000-01-12 00:34:00,2,0.054,0.372,0.573,NON-WEAR
2000-01-12 00:34:00,2000-01-12 00:34:30,2,0.054,0.372,0.573,NON-WEAR
2000-01-12 00:34:30,2000-01-12 00:35:00,2,0.054,0.372,0.573,NON-WEAR
2000-01-12 00:35:00,2000-01-12 00:35:30,2,0.054,0.372,0.573,NON-WEAR
2000-01-12 00:35:30,2000-01-12 00:36:00,2,0.054,0.372,0.573,NON-WEAR
2000-01-12 00:36:00,2000-01-12 00:36:30,2,0.054,0.372,0.573,NON-WEAR
2000-01-12 00:36:30,2000-01-12 00:37:00,2,0.054,0.372,0.573,NON-WEAR
2000-01-12 00:37:00,2000-01-12 00:37:30,0,0.976,0.024,0.0,WEAR
2000-01-12 00:37:30,2000-01-12 00:38:00,1,0.11,0.535,0.354,SLEEP
2000-01-12 00:38:00,2000-01-12 00:38:30,2,0.054,0.373,0.573,NON-WEAR
2000-01-12 00:38:30,2000-01-12 00:39:00,2,0.054,0.373,0.573,NON-WEAR
2000-01-12 00:39:00,2000-01-12 00:39:30,2,0.054,0.373,0.573,NON-WEAR
2000-01-12 00:39:30,2000-01-12 00:40:00,0,0.925,0.075,0.0,WEAR
2000-01-12 00:40:00,2000-01-12 00:40:30,1,0.186,0.777,0.037,SLEEP
2000-01-12 00:40:30,2000-01-12 00:41:00,2,0.054,0.373,0.573,NON-WEAR
2000-01-12 00:41:00,2000-01-12 00:41:30,0,0.999,0.001,0.0,WEAR
2000-01-12 00:41:30,2000-01-12 00:42:00,1,0.101,0.5,0.399,SLEEP
2000-01-12 00:42:00,2000-01-12 00:42:30,2,0.067,0.383,0.55,NON-WEAR
2000-01-12 00:42:30,2000-01-12 00:43:00,2,0.067,0.383,0.55,NON-WEAR
2000-01-12 00:43:00,2000-01-12 00:43:30,2,0.067,0.383,0.55,NON-WEAR
2000-01-12 00:43:30,2000-01-12 00:44:00,2,0.067,0.383,0.55,NON-WEAR
2000-01-12 00:44:00,2000-01-12 00:44:30,2,0.067,0.383,0.55,NON-WEAR
2000-01-12 00:44:30,2000-01-12 00:45:00,2,0.067,0.383,0.55,NON-WEAR
2000-01-12 00:45:00,2000-01-12 00:45:30,2,0.067,0.383,0.55,NON-WEAR
2000-01-12 00:45:30,2000-01-12 00:46:00,2,0.067,0.383,0.55,NON-WEAR
2000-01-12 00:46:00,2000-01-12 00:46:30,2,0.067,0.383,0.55,NON-WEAR
2000-01-12 00:46:30,2000-01-12 00:47:00,2,0.067,0.383,0.55,NON-WEAR
2000-01-12 00:47:00,2000-01-12 00:47:30,2,0.067,0.383,0.55,NON-WEAR
2000-01-12 00:47:30,2000-01-12 00:48:00,2,0.067,0.383,0.55,NON-WEAR
2000-01-12 00:48:00,2000-01-12 00:48:30,1,0.248,0.752,0.0,SLEEP
2000-01-12 00:48:30,2000-01-12 00:49:00,2,0.059,0.374,0.567,NON-WEAR
2000-01-12 00:49:00,2000-01-12 00:49:30,2,0.059,0.374,0.567,NON-WEAR
2000-01-12 00:49:30,2000-01-12 00:50:00,1,0.193,0.789,0.018,SLEEP
2000-01-12 00:50:00,2000-01-12 00:50:30,1,0.223,0.776,0.001,SLEEP
2000-01-12 00:50:30,2000-01-12 00:51:00,2,0.059,0.374,0.567,NON-WEAR
2000-01-12 00:51:00,2000-01-12 00:51:30,2,0.059,0.374,0.567,NON-WEAR
2000-01-12 00:51:30,2000-01-12 00:52:00,0,0.783,0.217,0.0,WEAR
2000-01-12 00:52:00,2000-01-12 00:52:30,1,0.317,0.683,0.0,SLEEP
2000-01-12 00:52:30,2000-01-12 00:53:00,1,0.19,0.783,0.026,SLEEP
2000-01-12 00:53:00,2000-01-12 00:53:30,0,0.866,0.134,0.0,WEAR
2000-01-12 00:53:30,2000-01-12 00:54:00,2,0.068,0.385,0.547,NON-WEAR
2000-01-12 00:54:00,2000-01-12 00:54:30,1,0.229,0.77,0.001,SLEEP
2000-01-12 00:54:30,2000-01-12 00:55:00,2,0.067,0.381,0.552,NON-WEAR
2000-01-12 00:55:00,2000-01-12 00:55:30,2,0.067,0.381,0.552,NON-WEAR
2000-01-12 00:55:30,2000-01-12 00:56:00,2,0.067,0.381,0.552,NON-WEAR
2000-01-12 00:56:00,2000-01-12 00:56:30,2,0.067,0.381,0.552,NON-WEAR
2000-01-12 00:56:30,2000-01-12 00:57:00,2,0.067,0.381,0.552,NON-WEAR
2000-01-12 00:57:00,2000-01-12 00:57:30,0,0.605,0.395,0.0,WEAR
2000-01-12 00:57:30,2000-01-12 00:58:00,2,0.067,0.38,0.553,NON-WEAR
2000-01-12 00:58:00,2000-01-12 00:58:30,2,0.067,0.38,0.553,NON-WEAR
2000-01-12 00:58:30,2000-01-12 00:59:00,2,0.067,0.38,0.553,NON-WEAR
2000-01-12 00:59:00,2000-01-12 00:59:30,2,0.067,0.38,0.553,NON-WEAR
2000-01-12 00:59:30,2000-01-12 01:00:00,2,0.067,0.38,0.553,NON-WEAR
2000-01-12 01:00:00,2000-01-12 01:00:30,2,0.067,0.38,0.553,NON-WEAR
2000-01-12 01:00:30,2000-01-12 01:01:00,2,0.067,0.38,0.553,NON-WEAR
2000-01-12 01:01:00,2000-01-12 01:01:30,2,0.067,0.38,0.553,NON-WEAR
2000-01-12 01:01:30,2000-01-12 01:02:00,2,0.067,0.38,0.553,NON-WEAR
2000-01-12 01:02:00,2000-01-12 01:02:30,2,0.067,0.38,0.553,NON-WEAR
2000-01-12 01:02:30,2000-01-12 01:03:00,2,0.067,0.38,0.553,NON-WEAR
2000-01-12 01:03:00,2000-01-12 01:03:30,2,0.067,0.38,0.553,NON-WEAR
2000-01-12 01:03:30,2000-01-12 01:04:00,2,0.067,0.38,0.553,NON-WEAR
2000-01-12 01:04:00,2000-01-12 01:04:30,2,0.067,0.38,0.553,NON-WEAR
2000-01-12 01:04:30,2000-01-12 01:05:00,2,0.067,0.38,0.553,NON-WEAR
2000-01-12 01:05:00,2000-01-12 01:05:30,2,0.067,0.38,0.553,NON-WEAR
2000-01-12 01:05:30,2000-01-12 01:06:00,2,0.067,0.38,0.553,NON-WEAR
2000-01-12 01:06:00,2000-01-12 01:06:30,2,0.067,0.38,0.553,NON-WEAR
2000-01-12 01:06:30,2000-01-12 01:07:00,2,0.067,0.38,0.553,NON-WEAR
2000-01-12 01:07:00,2000-01-12 01:07:30,2,0.067,0.38,0.553,NON-WEAR
2000-01-12 01:07:30,2000-01-12 01:08:00,2,0.067,0.38,0.553,NON-WEAR
2000-01-12 01:08:00,2000-01-12 01:08:30,2,0.067,0.38,0.553,NON-WEAR
2000-01-12 01:08:30,2000-01-12 01:09:00,2,0.067,0.38,0.553,NON-WEAR
2000-01-12 01:09:00,2000-01-12 01:09:30,2,0.067,0.38,0.553,NON-WEAR
2000-01-12 01:09:30,2000-01-12 01:10:00,2,0.067,0.38,0.553,NON-WEAR
2000-01-12 01:10:00,2000-01-12 01:10:30,2,0.067,0.38,0.553,NON-WEAR
2000-01-12 01:10:30,2000-01-12 01:11:00,2,0.067,0.38,0.553,NON-WEAR
2000-01-12 01:11:00,2000-01-12 01:11:30,2,0.067,0.38,0.553,NON-WEAR
2000-01-12 01:11:30,2000-01-12 01:12:00,2,0.067,0.38,0.553,NON-WEAR
2000-01-12 01:12:00,2000-01-12 01:12:30,2,0.067,0.38,0.553,NON-WEAR
2000-01-12 01:12:30,2000-01-12 01:13:00,2,0.067,0.38,0.553,NON-WEAR
2000-01-12 01:13:00,2000-01-12 01:13:30,1,0.212,0.785,0.003,SLEEP
2000-01-12 01:13:30,2000-01-12 01:14:00,2,0.08,0.415,0.505,NON-WEAR
2000-01-12 01:14:00,2000-01-12 01:14:30,2,0.08,0.415,0.505,NON-WEAR
2000-01-12 01:14:30,2000-01-12 01:15:00,2,0.08,0.415,0.505,NON-WEAR
2000-01-12 01:15:00,2000-01-12 01:15:30,2,0.08,0.415,0.505,NON-WEAR
2000-01-12 01:15:30,2000-01-12 01:16:00,2,0.08,0.415,0.505,NON-WEAR
2000-01-12 01:16:00,2000-01-12 01:16:30,2,0.08,0.415,0.505,NON-WEAR
2000-01-12 01:16:30,2000-01-12 01:17:00,2,0.08,0.415,0.505,NON-WEAR
2000-01-12 01:17:00,2000-01-12 01:17:30,2,0.08,0.415,0.505,NON-WEAR
2000-01-12 01:17:30,2000-01-12 01:18:00,2,0.08,0.415,0.505,NON-WEAR
2000-01-12 01:18:00,2000-01-12 01:18:30,2,0.08,0.415,0.505,NON-WEAR
2000-01-12 01:18:30,2000-01-12 01:19:00,2,0.08,0.415,0.505,NON-WEAR
2000-01-12 01:19:00,2000-01-12 01:19:30,2,0.08,0.415,0.505,NON-WEAR
2000-01-12 01:19:30,2000-01-12 01:20:00,2,0.08,0.415,0.505,NON-WEAR
2000-01-12 01:20:00,2000-01-12 01:20:30,2,0.08,0.415,0.505,NON-WEAR
2000-01-12 01:20:30,2000-01-12 01:21:00,2,0.08,0.415,0.505,NON-WEAR
2000-01-12 01:21:00,2000-01-12 01:21:30,2,0.08,0.415,0.505,NON-WEAR
2000-01-12 01:21:30,2000-01-12 01:22:00,2,0.08,0.415,0.505,NON-WEAR
2000-01-12 01:22:00,2000-01-12 01:22:30,2,0.08,0.415,0.505,NON-WEAR
2000-01-12 01:22:30,2000-01-12 01:23:00,2,0.08,0.415,0.505,NON-WEAR
2000-01-12 01:23:00,2000-01-12 01:23:30,2,0.08,0.415,0.505,NON-WEAR
2000-01-12 01:23:30,2000-01-12 01:24:00,2,0.08,0.415,0.505,NON-WEAR
2000-01-12 01:24:00,2000-01-12 01:24:30,2,0.08,0.415,0.505,NON-WEAR
2000-01-12 01:24:30,2000-01-12 01:25:00,2,0.08,0.415,0.505,NON-WEAR
2000-01-12 01:25:00,2000-01-12 01:25:30,2,0.08,0.415,0.505,NON-WEAR
2000-01-12 01:25:30,2000-01-12 01:26:00,2,0.08,0.415,0.505,NON-WEAR
2000-01-12 01:26:00,2000-01-12 01:26:30,2,0.08,0.415,0.505,NON-WEAR
2000-01-12 01:26:30,2000-01-12 01:27:00,2,0.08,0.415,0.505,NON-WEAR
2000-01-12 01:27:00,2000-01-12 01:27:30,2,0.08,0.415,0.505,NON-WEAR
2000-01-12 01:27:30,2000-01-12 01:28:00,2,0.08,0.415,0.505,NON-WEAR
2000-01-12 01:28:00,2000-01-12 01:28:30,2,0.08,0.415,0.505,NON-WEAR
2000-01-12 01:28:30,2000-01-12 01:29:00,2,0.08,0.415,0.505,NON-WEAR
2000-01-12 01:29:00,2000-01-12 01:29:30,2,0.08,0.415,0.505,NON-WEAR
2000-01-12 01:29:30,2000-01-12 01:30:00,2,0.08,0.415,0.505,NON-WEAR
2000-01-12 01:30:00,2000-01-12 01:30:30,2,0.08,0.415,0.505,NON-WEAR
2000-01-12 01:30:30,2000-01-12 01:31:00,2,0.08,0.415,0.505,NON-WEAR
2000-01-12 01:31:00,2000-01-12 01:31:30,2,0.08,0.415,0.505,NON-WEAR
2000-01-12 01:31:30,2000-01-12 01:32:00,2,0.08,0.415,0.505,NON-WEAR
2000-01-12 01:32:00,2000-01-12 01:32:30,2,0.08,0.415,0.505,NON-WEAR
2000-01-12 01:32:30,2000-01-12 01:33:00,2,0.08,0.415,0.505,NON-WEAR
2000-01-12 01:33:00,2000-01-12 01:33:30,2,0.08,0.415,0.505,NON-WEAR
2000-01-12 01:33:30,2000-01-12 01:34:00,2,0.08,0.415,0.505,NON-WEAR
2000-01-12 01:34:00,2000-01-12 01:34:30,2,0.08,0.415,0.505,NON-WEAR
2000-01-12 01:34:30,2000-01-12 01:35:00,2,0.08,0.415,0.505,NON-WEAR
2000-01-12 01:35:00,2000-01-12 01:35:30,2,0.08,0.415,0.505,NON-WEAR
2000-01-12 01:35:30,2000-01-12 01:36:00,2,0.08,0.415,0.505,NON-WEAR
2000-01-12 01:36:00,2000-01-12 01:36:30,2,0.08,0.415,0.505,NON-WEAR
2000-01-12 01:36:30,2000-01-12 01:37:00,2,0.08,0.415,0.505,NON-WEAR
2000-01-12 01:37:00,2000-01-12 01:37:30,2,0.08,0.415,0.505,NON-WEAR
2000-01-12 01:37:30,2000-01-12 01:38:00,2,0.08,0.415,0.505,NON-WEAR
2000-01-12 01:38:00,2000-01-12 01:38:30,2,0.08,0.415,0.505,NON-WEAR
2000-01-12 01:38:30,2000-01-12 01:39:00,2,0.08,0.415,0.505,NON-WEAR
2000-01-12 01:39:00,2000-01-12 01:39:30,2,0.08,0.415,0.505,NON-WEAR
2000-01-12 01:39:30,2000-01-12 01:40:00,2,0.08,0.415,0.505,NON-WEAR
2000-01-12 01:40:00,2000-01-12 01:40:30,2,0.08,0.415,0.505,NON-WEAR
2000-01-12 01:40:30,2000-01-12 01:41:00,2,0.08,0.415,0.505,NON-WEAR
2000-01-12 01:41:00,2000-01-12 01:41:30,2,0.08,0.415,0.505,NON-WEAR
2000-01-12 01:41:30,2000-01-12 01:42:00,2,0.08,0.415,0.505,NON-WEAR
2000-01-12 01:42:00,2000-01-12 01:42:30,2,0.08,0.415,0.505,NON-WEAR
2000-01-12 01:42:30,2000-01-12 01:43:00,2,0.08,0.415,0.505,NON-WEAR
2000-01-12 01:43:00,2000-01-12 01:43:30,2,0.08,0.415,0.505,NON-WEAR
2000-01-12 01:43:30,2000-01-12 01:44:00,2,0.08,0.415,0.505,NON-WEAR
2000-01-12 01:44:00,2000-01-12 01:44:30,2,0.08,0.415,0.505,NON-WEAR
2000-01-12 01:44:30,2000-01-12 01:45:00,2,0.08,0.415,0.505,NON-WEAR
2000-01-12 01:45:00,2000-01-12 01:45:30,2,0.08,0.415,0.505,NON-WEAR
2000-01-12 01:45:30,2000-01-12 01:46:00,2,0.08,0.415,0.505,NON-WEAR
2000-01-12 01:46:00,2000-01-12 01:46:30,2,0.08,0.415,0.505,NON-WEAR
2000-01-12 01:46:30,2000-01-12 01:47:00,2,0.08,0.415,0.505,NON-WEAR
2000-01-12 01:47:00,2000-01-12 01:47:30,2,0.08,0.415,0.505,NON-WEAR
2000-01-12 01:47:30,2000-01-12 01:48:00,2,0.08,0.415,0.505,NON-WEAR
2000-01-12 01:48:00,2000-01-12 01:48:30,2,0.08,0.415,0.505,NON-WEAR
2000-01-12 01:48:30,2000-01-12 01:49:00,2,0.08,0.415,0.505,NON-WEAR
2000-01-12 01:49:00,2000-01-12 01:49:30,0,1.0,0.0,0.0,WEAR
2000-01-12 01:49:30,2000-01-12 01:50:00,1,0.189,0.782,0.029,SLEEP
2000-01-12 01:50:00,2000-01-12 01:50:30,1,0.184,0.779,0.037,SLEEP
2000-01-12 01:50:30,2000-01-12 01:51:00,2,0.06,0.374,0.566,NON-WEAR
2000-01-12 01:51:00,2000-01-12 01:51:30,2,0.06,0.374,0.566,NON-WEAR
2000-01-12 01:51:30,2000-01-12 01:52:00,2,0.06,0.374,0.566,NON-WEAR
2000-01-12 01:52:00,2000-01-12 01:52:30,2,0.06,0.374,0.566,NON-WEAR
2000-01-12 01:52:30,2000-01-12 01:53:00,2,0.06,0.374,0.566,NON-WEAR
2000-01-12 01:53:00,2000-01-12 01:53:30,2,0.06,0.374,0.566,NON-WEAR
2000-01-12 01:53:30,2000-01-12 01:54:00,2,0.06,0.374,0.566,NON-WEAR
2000-01-12 01:54:00,2000-01-12 01:54:30,2,0.06,0.374,0.566,NON-WEAR
2000-01-12 01:54:30,2000-01-12 01:55:00,1,0.233,0.766,0.0,SLEEP
2000-01-12 01:55:00,2000-01-12 01:55:30,2,0.06,0.374,0.566,NON-WEAR
2000-01-12 01:55:30,2000-01-12 01:56:00,2,0.06,0.374,0.566,NON-WEAR
2000-01-12 01:56:00,2000-01-12 01:56:30,2,0.06,0.374,0.566,NON-WEAR
2000-01-12 01:56:30,2000-01-12 01:57:00,2,0.06,0.374,0.566,NON-WEAR
2000-01-12 01:57:00,2000-01-12 01:57:30,2,0.06,0.374,0.566,NON-WEAR
2000-01-12 01:57:30,2000-01-12 01:58:00,2,0.06,0.374,0.566,NON-WEAR
2000-01-12 01:58:00,2000-01-12 01:58:30,2,0.06,0.374,0.566,NON-WEAR
2000-01-12 01:58:30,2000-01-12 01:59:00,2,0.06,0.374,0.566,NON-WEAR
2000-01-12 01:59:00,2000-01-12 01:59:30,2,0.06,0.374,0.566,NON-WEAR
2000-01-12 01:59:30,2000-01-12 02:00:00,2,0.06,0.374,0.566,NON-WEAR
2000-01-12 02:00:00,2000-01-12 02:00:30,2,0.06,0.374,0.566,NON-WEAR
2000-01-12 02:00:30,2000-01-12 02:01:00,2,0.06,0.374,0.566,NON-WEAR
2000-01-12 02:01:00,2000-01-12 02:01:30,2,0.06,0.374,0.566,NON-WEAR
2000-01-12 02:01:30,2000-01-12 02:02:00,2,0.06,0.374,0.566,NON-WEAR
2000-01-12 02:02:00,2000-01-12 02:02:30,2,0.06,0.374,0.566,NON-WEAR
2000-01-12 02:02:30,2000-01-12 02:03:00,2,0.06,0.374,0.566,NON-WEAR
2000-01-12 02:03:00,2000-01-12 02:03:30,2,0.06,0.374,0.566,NON-WEAR
2000-01-12 02:03:30,2000-01-12 02:04:00,2,0.06,0.374,0.566,NON-WEAR
2000-01-12 02:04:00,2000-01-12 02:04:30,2,0.06,0.374,0.566,NON-WEAR
2000-01-12 02:04:30,2000-01-12 02:05:00,2,0.06,0.374,0.566,NON-WEAR
2000-01-12 02:05:00,2000-01-12 02:05:30,2,0.06,0.374,0.566,NON-WEAR
2000-01-12 02:05:30,2000-01-12 02:06:00,2,0.06,0.374,0.566,NON-WEAR
2000-01-12 02:06:00,2000-01-12 02:06:30,2,0.06,0.374,0.566,NON-WEAR
2000-01-12 02:06:30,2000-01-12 02:07:00,2,0.06,0.374,0.566,NON-WEAR
2000-01-12 02:07:00,2000-01-12 02:07:30,2,0.06,0.374,0.566,NON-WEAR
2000-01-12 02:07:30,2000-01-12 02:08:00,2,0.06,0.374,0.566,NON-WEAR
2000-01-12 02:08:00,2000-01-12 02:08:30,2,0.06,0.374,0.566,NON-WEAR
2000-01-12 02:08:30,2000-01-12 02:09:00,2,0.06,0.374,0.566,NON-WEAR
2000-01-12 02:09:00,2000-01-12 02:09:30,0,0.998,0.002,0.0,WEAR
2000-01-12 02:09:30,2000-01-12 02:10:00,0,0.795,0.205,0.0,WEAR
2000-01-12 02:10:00,2000-01-12 02:10:30,1,0.249,0.751,0.0,SLEEP
2000-01-12 02:10:30,2000-01-12 02:11:00,2,0.082,0.428,0.49,NON-WEAR
2000-01-12 02:11:00,2000-01-12 02:11:30,2,0.06,0.374,0.566,NON-WEAR
2000-01-12 02:11:30,2000-01-12 02:12:00,1,0.19,0.784,0.026,SLEEP
2000-01-12 02:12:00,2000-01-12 02:12:30,0,0.75,0.25,0.0,WEAR
2000-01-12 02:12:30,2000-01-12 02:13:00,1,0.362,0.638,0.0,SLEEP
2000-01-12 02:13:00,2000-01-12 02:13:30,2,0.06,0.374,0.566,NON-WEAR
2000-01-12 02:13:30,2000-01-12 02:14:00,2,0.06,0.374,0.566,NON-WEAR
2000-01-12 02:14:00,2000-01-12 02:14:30,2,0.06,0.374,0.566,NON-WEAR
2000-01-12 02:14:30,2000-01-12 02:15:00,2,0.06,0.374,0.566,NON-WEAR
2000-01-12 02:15:00,2000-01-12 02:15:30,2,0.06,0.374,0.566,NON-WEAR
2000-01-12 02:15:30,2000-01-12 02:16:00,2,0.06,0.374,0.566,NON-WEAR
2000-01-12 02:16:00,2000-01-12 02:16:30,2,0.06,0.374,0.566,NON-WEAR
2000-01-12 02:16:30,2000-01-12 02:17:00,2,0.06,0.374,0.566,NON-WEAR
2000-01-12 02:17:00,2000-01-12 02:17:30,2,0.06,0.374,0.566,NON-WEAR
2000-01-12 02:17:30,2000-01-12 02:18:00,2,0.06,0.374,0.566,NON-WEAR
2000-01-12 02:18:00,2000-01-12 02:18:30,2,0.06,0.374,0.566,NON-WEAR
2000-01-12 02:18:30,2000-01-12 02:19:00,2,0.06,0.374,0.566,NON-WEAR
2000-01-12 02:19:00,2000-01-12 02:19:30,2,0.06,0.374,0.566,NON-WEAR
2000-01-12 02:19:30,2000-01-12 02:20:00,2,0.06,0.374,0.566,NON-WEAR
2000-01-12 02:20:00,2000-01-12 02:20:30,2,0.06,0.374,0.566,NON-WEAR
2000-01-12 02:20:30,2000-01-12 02:21:00,2,0.06,0.374,0.566,NON-WEAR
2000-01-12 02:21:00,2000-01-12 02:21:30,2,0.06,0.374,0.566,NON-WEAR
2000-01-12 02:21:30,2000-01-12 02:22:00,2,0.06,0.374,0.566,NON-WEAR
2000-01-12 02:22:00,2000-01-12 02:22:30,2,0.06,0.374,0.566,NON-WEAR
2000-01-12 02:22:30,2000-01-12 02:23:00,2,0.06,0.374,0.566,NON-WEAR
2000-01-12 02:23:00,2000-01-12 02:23:30,2,0.06,0.374,0.566,NON-WEAR
2000-01-12 02:23:30,2000-01-12 02:24:00,2,0.06,0.374,0.566,NON-WEAR
2000-01-12 02:24:00,2000-01-12 02:24:30,2,0.06,0.374,0.566,NON-WEAR
2000-01-12 02:24:30,2000-01-12 02:25:00,2,0.06,0.374,0.566,NON-WEAR
2000-01-12 02:25:00,2000-01-12 02:25:30,0,0.532,0.468,0.0,WEAR
2000-01-12 02:25:30,2000-01-12 02:26:00,0,0.998,0.002,0.0,WEAR
2000-01-12 02:26:00,2000-01-12 02:26:30,1,0.1,0.495,0.405,SLEEP
2000-01-12 02:26:30,2000-01-12 02:27:00,2,0.068,0.385,0.548,NON-WEAR
2000-01-12 02:27:00,2000-01-12 02:27:30,2,0.068,0.385,0.548,NON-WEAR
2000-01-12 02:27:30,2000-01-12 02:28:00,2,0.068,0.385,0.548,NON-WEAR
2000-01-12 02:28:00,2000-01-12 02:28:30,2,0.068,0.385,0.548,NON-WEAR
2000-01-12 02:28:30,2000-01-12 02:29:00,2,0.068,0.385,0.548,NON-WEAR
2000-01-12 02:29:00,2000-01-12 02:29:30,2,0.068,0.385,0.548,NON-WEAR
2000-01-12 02:29:30,2000-01-12 02:30:00,2,0.068,0.385,0.548,NON-WEAR
2000-01-12 02:30:00,2000-01-12 02:30:30,2,0.068,0.385,0.548,NON-WEAR
2000-01-12 02:30:30,2000-01-12 02:31:00,2,0.068,0.385,0.548,NON-WEAR
2000-01-12 02:31:00,2000-01-12 02:31:30,2,0.068,0.385,0.548,NON-WEAR
2000-01-12 02:31:30,2000-01-12 02:32:00,2,0.068,0.385,0.548,NON-WEAR
2000-01-12 02:32:00,2000-01-12 02:32:30,2,0.068,0.385,0.548,NON-WEAR
2000-01-12 02:32:30,2000-01-12 02:33:00,2,0.068,0.385,0.548,NON-WEAR
2000-01-12 02:33:00,2000-01-12 02:33:30,2,0.068,0.385,0.548,NON-WEAR
2000-01-12 02:33:30,2000-01-12 02:34:00,2,0.068,0.385,0.548,NON-WEAR
2000-01-12 02:34:00,2000-01-12 02:34:30,2,0.068,0.385,0.548,NON-WEAR
2000-01-12 02:34:30,2000-01-12 02:35:00,2,0.068,0.385,0.548,NON-WEAR
2000-01-12 02:35:00,2000-01-12 02:35:30,2,0.068,0.385,0.548,NON-WEAR
2000-01-12 02:35:30,2000-01-12 02:36:00,2,0.068,0.385,0.548,NON-WEAR
2000-01-12 02:36:00,2000-01-12 02:36:30,2,0.068,0.385,0.548,NON-WEAR
2000-01-12 02:36:30,2000-01-12 02:37:00,2,0.068,0.385,0.548,NON-WEAR
2000-01-12 02:37:00,2000-01-12 02:37:30,2,0.068,0.385,0.548,NON-WEAR
2000-01-12 02:37:30,2000-01-12 02:38:00,2,0.068,0.385,0.548,NON-WEAR
2000-01-12 02:38:00,2000-01-12 02:38:30,2,0.068,0.385,0.548,NON-WEAR
2000-01-12 02:38:30,2000-01-12 02:39:00,2,0.068,0.385,0.548,NON-WEAR
2000-01-12 02:39:00,2000-01-12 02:39:30,2,0.068,0.385,0.548,NON-WEAR
2000-01-12 02:39:30,2000-01-12 02:40:00,2,0.068,0.385,0.548,NON-WEAR
2000-01-12 02:40:00,2000-01-12 02:40:30,2,0.068,0.385,0.548,NON-WEAR
2000-01-12 02:40:30,2000-01-12 02:41:00,2,0.068,0.385,0.548,NON-WEAR
2000-01-12 02:41:00,2000-01-12 02:41:30,2,0.068,0.385,0.548,NON-WEAR
2000-01-12 02:41:30,2000-01-12 02:42:00,2,0.068,0.385,0.548,NON-WEAR
2000-01-12 02:42:00,2000-01-12 02:42:30,1,0.246,0.754,0.0,SLEEP
2000-01-12 02:42:30,2000-01-12 02:43:00,1,0.274,0.726,0.0,SLEEP
2000-01-12 02:43:00,2000-01-12 02:43:30,0,0.966,0.034,0.0,WEAR
2000-01-12 02:43:30,2000-01-12 02:44:00,1,0.238,0.762,0.0,SLEEP
2000-01-12 02:44:00,2000-01-12 02:44:30,2,0.054,0.372,0.573,NON-WEAR
2000-01-12 02:44:30,2000-01-12 02:45:00,2,0.054,0.372,0.573,NON-WEAR
2000-01-12 02:45:00,2000-01-12 02:45:30,2,0.054,0.372,0.573,NON-WEAR
2000-01-12 02:45:30,2000-01-12 02:46:00,2,0.054,0.372,0.573,NON-WEAR
2000-01-12 02:46:00,2000-01-12 02:46:30,0,0.721,0.279,0.0,WEAR
2000-01-12 02:46:30,2000-01-12 02:47:00,2,0.06,0.374,0.566,NON-WEAR
2000-01-12 02:47:00,2000-01-12 02:47:30,2,0.06,0.374,0.566,NON-WEAR
2000-01-12 02:47:30,2000-01-12 02:48:00,2,0.06,0.374,0.566,NON-WEAR
2000-01-12 02:48:00,2000-01-12 02:48:30,2,0.06,0.374,0.566,NON-WEAR
2000-01-12 02:48:30,2000-01-12 02:49:00,2,0.06,0.374,0.566,NON-WEAR
2000-01-12 02:49:00,2000-01-12 02:49:30,2,0.06,0.374,0.566,NON-WEAR
2000-01-12 02:49:30,2000-01-12 02:50:00,2,0.06,0.374,0.566,NON-WEAR
2000-01-12 02:50:00,2000-01-12 02:50:30,2,0.06,0.374,0.566,NON-WEAR
2000-01-12 02:50:30,2000-01-12 02:51:00,2,0.06,0.374,0.566,NON-WEAR
2000-01-12 02:51:00,2000-01-12 02:51:30,2,0.06,0.374,0.566,NON-WEAR
2000-01-12 02:51:30,2000-01-12 02:52:00,2,0.06,0.374,0.566,NON-WEAR
2000-01-12 02:52:00,2000-01-12 02:52:30,2,0.06,0.374,0.566,NON-WEAR
2000-01-12 02:52:30,2000-01-12 02:53:00,2,0.06,0.374,0.566,NON-WEAR
2000-01-12 02:53:00,2000-01-12 02:53:30,2,0.06,0.374,0.566,NON-WEAR
2000-01-12 02:53:30,2000-01-12 02:54:00,2,0.06,0.374,0.566,NON-WEAR
2000-01-12 02:54:00,2000-01-12 02:54:30,2,0.06,0.374,0.566,NON-WEAR
2000-01-12 02:54:30,2000-01-12 02:55:00,2,0.06,0.374,0.566,NON-WEAR
2000-01-12 02:55:00,2000-01-12 02:55:30,2,0.06,0.374,0.566,NON-WEAR
2000-01-12 02:55:30,2000-01-12 02:56:00,2,0.06,0.374,0.566,NON-WEAR
2000-01-12 02:56:00,2000-01-12 02:56:30,2,0.06,0.374,0.566,NON-WEAR
2000-01-12 02:56:30,2000-01-12 02:57:00,2,0.06,0.374,0.566,NON-WEAR
2000-01-12 02:57:00,2000-01-12 02:57:30,2,0.06,0.374,0.566,NON-WEAR
2000-01-12 02:57:30,2000-01-12 02:58:00,2,0.06,0.374,0.566,NON-WEAR
2000-01-12 02:58:00,2000-01-12 02:58:30,2,0.06,0.374,0.566,NON-WEAR
2000-01-12 02:58:30,2000-01-12 02:59:00,2,0.06,0.374,0.566,NON-WEAR
2000-01-12 02:59:00,2000-01-12 02:59:30,0,0.989,0.011,0.0,WEAR
2000-01-12 02:59:30,2000-01-12 03:00:00,1,0.271,0.729,0.0,SLEEP
2000-01-12 03:00:00,2000-01-12 03:00:30,2,0.06,0.374,0.566,NON-WEAR
2000-01-12 03:00:30,2000-01-12 03:01:00,2,0.06,0.374,0.566,NON-WEAR
2000-01-12 03:01:00,2000-01-12 03:01:30,2,0.06,0.374,0.566,NON-WEAR
2000-01-12 03:01:30,2000-01-12 03:02:00,2,0.06,0.374,0.566,NON-WEAR
2000-01-12 03:02:00,2000-01-12 03:02:30,2,0.06,0.374,0.566,NON-WEAR
2000-01-12 03:02:30,2000-01-12 03:03:00,1,0.344,0.656,0.0,SLEEP
2000-01-12 03:03:00,2000-01-12 03:03:30,2,0.059,0.374,0.567,NON-WEAR
2000-01-12 03:03:30,2000-01-12 03:04:00,2,0.059,0.374,0.567,NON-WEAR
2000-01-12 03:04:00,2000-01-12 03:04:30,2,0.059,0.374,0.567,NON-WEAR
2000-01-12 03:04:30,2000-01-12 03:05:00,2,0.059,0.374,0.567,NON-WEAR
2000-01-12 03:05:00,2000-01-12 03:05:30,2,0.059,0.374,0.567,NON-WEAR
2000-01-12 03:05:30,2000-01-12 03:06:00,2,0.059,0.374,0.567,NON-WEAR
2000-01-12 03:06:00,2000-01-12 03:06:30,2,0.059,0.374,0.567,NON-WEAR
2000-01-12 03:06:30,2000-01-12 03:07:00,2,0.059,0.374,0.567,NON-WEAR
2000-01-12 03:07:00,2000-01-12 03:07:30,2,0.059,0.374,0.567,NON-WEAR
2000-01-12 03:07:30,2000-01-12 03:08:00,2,0.059,0.374,0.567,NON-WEAR
2000-01-12 03:08:00,2000-01-12 03:08:30,2,0.059,0.374,0.567,NON-WEAR
2000-01-12 03:08:30,2000-01-12 03:09:00,2,0.059,0.374,0.567,NON-WEAR
2000-01-12 03:09:00,2000-01-12 03:09:30,1,0.233,0.766,0.0,SLEEP
2000-01-12 03:09:30,2000-01-12 03:10:00,2,0.059,0.374,0.567,NON-WEAR
2000-01-12 03:10:00,2000-01-12 03:10:30,2,0.059,0.374,0.567,NON-WEAR
2000-01-12 03:10:30,2000-01-12 03:11:00,2,0.059,0.374,0.567,NON-WEAR
2000-01-12 03:11:00,2000-01-12 03:11:30,2,0.059,0.374,0.567,NON-WEAR
2000-01-12 03:11:30,2000-01-12 03:12:00,2,0.059,0.374,0.567,NON-WEAR
2000-01-12 03:12:00,2000-01-12 03:12:30,2,0.059,0.374,0.567,NON-WEAR
2000-01-12 03:12:30,2000-01-12 03:13:00,2,0.059,0.374,0.567,NON-WEAR
2000-01-12 03:13:00,2000-01-12 03:13:30,2,0.059,0.374,0.567,NON-WEAR
2000-01-12 03:13:30,2000-01-12 03:14:00,2,0.059,0.374,0.567,NON-WEAR
2000-01-12 03:14:00,2000-01-12 03:14:30,2,0.059,0.374,0.567,NON-WEAR
2000-01-12 03:14:30,2000-01-12 03:15:00,2,0.059,0.374,0.567,NON-WEAR
2000-01-12 03:15:00,2000-01-12 03:15:30,2,0.059,0.374,0.567,NON-WEAR
2000-01-12 03:15:30,2000-01-12 03:16:00,1,0.364,0.636,0.0,SLEEP
2000-01-12 03:16:00,2000-01-12 03:16:30,1,0.212,0.785,0.003,SLEEP
2000-01-12 03:16:30,2000-01-12 03:17:00,0,0.869,0.131,0.0,WEAR
2000-01-12 03:17:00,2000-01-12 03:17:30,1,0.251,0.749,0.0,SLEEP
2000-01-12 03:17:30,2000-01-12 03:18:00,2,0.066,0.381,0.553,NON-WEAR
2000-01-12 03:18:00,2000-01-12 03:18:30,2,0.066,0.381,0.553,NON-WEAR
2000-01-12 03:18:30,2000-01-12 03:19:00,2,0.066,0.381,0.553,NON-WEAR
2000-01-12 03:19:00,2000-01-12 03:19:30,2,0.066,0.381,0.553,NON-WEAR
2000-01-12 03:19:30,2000-01-12 03:20:00,2,0.066,0.381,0.553,NON-WEAR
2000-01-12 03:20:00,2000-01-12 03:20:30,2,0.066,0.381,0.553,NON-WEAR
2000-01-12 03:20:30,2000-01-12 03:21:00,2,0.066,0.381,0.553,NON-WEAR
2000-01-12 03:21:00,2000-01-12 03:21:30,2,0.066,0.381,0.553,NON-WEAR
2000-01-12 03:21:30,2000-01-12 03:22:00,2,0.066,0.381,0.553,NON-WEAR
2000-01-12 03:22:00,2000-01-12 03:22:30,2,0.066,0.381,0.553,NON-WEAR
2000-01-12 03:22:30,2000-01-12 03:23:00,2,0.066,0.381,0.553,NON-WEAR
2000-01-12 03:23:00,2000-01-12 03:23:30,2,0.066,0.381,0.553,NON-WEAR
2000-01-12 03:23:30,2000-01-12 03:24:00,1,0.182,0.772,0.046,SLEEP
2000-01-12 03:24:00,2000-01-12 03:24:30,2,0.067,0.382,0.551,NON-WEAR
2000-01-12 03:24:30,2000-01-12 03:25:00,2,0.067,0.382,0.551,NON-WEAR
2000-01-12 03:25:00,2000-01-12 03:25:30,2,0.067,0.382,0.551,NON-WEAR
2000-01-12 03:25:30,2000-01-12 03:26:00,2,0.067,0.382,0.551,NON-WEAR
2000-01-12 03:26:00,2000-01-12 03:26:30,2,0.067,0.382,0.551,NON-WEAR
2000-01-12 03:26:30,2000-01-12 03:27:00,2,0.067,0.382,0.551,NON-WEAR
2000-01-12 03:27:00,2000-01-12 03:27:30,2,0.067,0.382,0.551,NON-WEAR
2000-01-12 03:27:30,2000-01-12 03:28:00,2,0.067,0.382,0.551,NON-WEAR
2000-01-12 03:28:00,2000-01-12 03:28:30,2,0.067,0.382,0.551,NON-WEAR
2000-01-12 03:28:30,2000-01-12 03:29:00,2,0.067,0.382,0.551,NON-WEAR
2000-01-12 03:29:00,2000-01-12 03:29:30,2,0.067,0.382,0.551,NON-WEAR
2000-01-12 03:29:30,2000-01-12 03:30:00,0,0.971,0.029,0.0,WEAR
2000-01-12 03:30:00,2000-01-12 03:30:30,1,0.118,0.564,0.318,SLEEP
2000-01-12 03:30:30,2000-01-12 03:31:00,2,0.068,0.384,0.548,NON-WEAR
2000-01-12 03:31:00,2000-01-12 03:31:30,2,0.068,0.384,0.548,NON-WEAR
2000-01-12 03:31:30,2000-01-12 03:32:00,2,0.068,0.384,0.548,NON-WEAR
2000-01-12 03:32:00,2000-01-12 03:32:30,2,0.068,0.384,0.548,NON-WEAR
2000-01-12 03:32:30,2000-01-12 03:33:00,2,0.068,0.384,0.548,NON-WEAR
2000-01-12 03:33:00,2000-01-12 03:33:30,2,0.068,0.384,0.548,NON-WEAR
2000-01-12 03:33:30,2000-01-12 03:34:00,2,0.068,0.384,0.548,NON-WEAR
2000-01-12 03:34:00,2000-01-12 03:34:30,2,0.068,0.384,0.548,NON-WEAR
2000-01-12 03:34:30,2000-01-12 03:35:00,2,0.068,0.384,0.548,NON-WEAR
2000-01-12 03:35:00,2000-01-12 03:35:30,1,0.099,0.494,0.407,SLEEP
2000-01-12 03:35:30,2000-01-12 03:36:00,1,0.204,0.789,0.007,SLEEP
2000-01-12 03:36:00,2000-01-12 03:36:30,2,0.059,0.374,0.567,NON-WEAR
2000-01-12 03:36:30,2000-01-12 03:37:00,2,0.059,0.374,0.567,NON-WEAR
2000-01-12 03:37:00,2000-01-12 03:37:30,2,0.059,0.374,0.567,NON-WEAR
2000-01-12 03:37:30,2000-01-12 03:38:00,2,0.059,0.374,0.567,NON-WEAR
2000-01-12 03:38:00,2000-01-12 03:38:30,2,0.059,0.374,0.567,NON-WEAR
2000-01-12 03:38:30,2000-01-12 03:39:00,2,0.059,0.374,0.567,NON-WEAR
2000-01-12 03:39:00,2000-01-12 03:39:30,0,0.991,0.009,0.0,WEAR
2000-01-12 03:39:30,2000-01-12 03:40:00,0,0.999,0.001,0.0,WEAR
2000-01-12 03:40:00,2000-01-12 03:40:30,0,0.998,0.002,0.0,WEAR
2000-01-12 03:40:30,2000-01-12 03:41:00,0,0.997,0.003,0.0,WEAR
2000-01-12 03:41:00,2000-01-12 03:41:30,0,0.85,0.15,0.0,WEAR
2000-01-12 03:41:30,2000-01-12 03:42:00,0,0.996,0.004,0.0,WEAR
2000-01-12 03:42:00,2000-01-12 03:42:30,0,1.0,0.0,0.0,WEAR
2000-01-12 03:42:30,2000-01-12 03:43:00,0,0.996,0.004,0.0,WEAR
2000-01-12 03:43:00,2000-01-12 03:43:30,0,0.999,0.001,0.0,WEAR
2000-01-12 03:43:30,2000-01-12 03:44:00,0,0.81,0.19,0.0,WEAR
2000-01-12 03:44:00,2000-01-12 03:44:30,2,0.081,0.421,0.498,NON-WEAR
2000-01-12 03:44:30,2000-01-12 03:45:00,2,0.081,0.421,0.498,NON-WEAR
2000-01-12 03:45:00,2000-01-12 03:45:30,2,0.081,0.421,0.498,NON-WEAR
2000-01-12 03:45:30,2000-01-12 03:46:00,2,0.081,0.421,0.498,NON-WEAR
2000-01-12 03:46:00,2000-01-12 03:46:30,2,0.081,0.421,0.498,NON-WEAR
2000-01-12 03:46:30,2000-01-12 03:47:00,2,0.081,0.421,0.498,NON-WEAR
2000-01-12 03:47:00,2000-01-12 03:47:30,1,0.317,0.683,0.0,SLEEP
2000-01-12 03:47:30,2000-01-12 03:48:00,2,0.08,0.416,0.504,NON-WEAR
2000-01-12 03:48:00,2000-01-12 03:48:30,2,0.08,0.416,0.504,NON-WEAR
2000-01-12 03:48:30,2000-01-12 03:49:00,2,0.08,0.416,0.504,NON-WEAR
2000-01-12 03:49:00,2000-01-12 03:49:30,2,0.08,0.416,0.504,NON-WEAR
2000-01-12 03:49:30,2000-01-12 03:50:00,2,0.08,0.416,0.504,NON-WEAR
2000-01-12 03:50:00,2000-01-12 03:50:30,2,0.08,0.416,0.504,NON-WEAR
2000-01-12 03:50:30,2000-01-12 03:51:00,2,0.08,0.416,0.504,NON-WEAR
2000-01-12 03:51:00,2000-01-12 03:51:30,2,0.08,0.416,0.504,NON-WEAR
2000-01-12 03:51:30,2000-01-12 03:52:00,2,0.08,0.416,0.504,NON-WEAR
2000-01-12 03:52:00,2000-01-12 03:52:30,2,0.08,0.416,0.504,NON-WEAR
2000-01-12 03:52:30,2000-01-12 03:53:00,2,0.08,0.416,0.504,NON-WEAR
2000-01-12 03:53:00,2000-01-12 03:53:30,2,0.08,0.416,0.504,NON-WEAR
2000-01-12 03:53:30,2000-01-12 03:54:00,2,0.08,0.416,0.504,NON-WEAR
2000-01-12 03:54:00,2000-01-12 03:54:30,2,0.08,0.416,0.504,NON-WEAR
2000-01-12 03:54:30,2000-01-12 03:55:00,2,0.08,0.416,0.504,NON-WEAR
2000-01-12 03:55:00,2000-01-12 03:55:30,2,0.08,0.416,0.504,NON-WEAR
2000-01-12 03:55:30,2000-01-12 03:56:00,2,0.08,0.416,0.504,NON-WEAR
2000-01-12 03:56:00,2000-01-12 03:56:30,2,0.08,0.416,0.504,NON-WEAR
2000-01-12 03:56:30,2000-01-12 03:57:00,2,0.08,0.416,0.504,NON-WEAR
2000-01-12 03:57:00,2000-01-12 03:57:30,2,0.08,0.416,0.504,NON-WEAR
2000-01-12 03:57:30,2000-01-12 03:58:00,2,0.08,0.416,0.504,NON-WEAR
2000-01-12 03:58:00,2000-01-12 03:58:30,2,0.08,0.416,0.504,NON-WEAR
2000-01-12 03:58:30,2000-01-12 03:59:00,2,0.08,0.416,0.504,NON-WEAR
2000-01-12 03:59:00,2000-01-12 03:59:30,2,0.08,0.416,0.504,NON-WEAR
2000-01-12 03:59:30,2000-01-12 04:00:00,2,0.08,0.416,0.504,NON-WEAR
2000-01-12 04:00:00,2000-01-12 04:00:30,2,0.08,0.416,0.504,NON-WEAR
2000-01-12 04:00:30,2000-01-12 04:01:00,2,0.08,0.416,0.504,NON-WEAR
2000-01-12 04:01:00,2000-01-12 04:01:30,2,0.08,0.416,0.504,NON-WEAR
2000-01-12 04:01:30,2000-01-12 04:02:00,2,0.08,0.416,0.504,NON-WEAR
2000-01-12 04:02:00,2000-01-12 04:02:30,2,0.08,0.416,0.504,NON-WEAR
2000-01-12 04:02:30,2000-01-12 04:03:00,2,0.08,0.416,0.504,NON-WEAR
2000-01-12 04:03:00,2000-01-12 04:03:30,2,0.08,0.416,0.504,NON-WEAR
2000-01-12 04:03:30,2000-01-12 04:04:00,2,0.08,0.416,0.504,NON-WEAR
2000-01-12 04:04:00,2000-01-12 04:04:30,2,0.08,0.416,0.504,NON-WEAR
2000-01-12 04:04:30,2000-01-12 04:05:00,0,0.558,0.442,0.0,WEAR
2000-01-12 04:05:00,2000-01-12 04:05:30,2,0.06,0.374,0.566,NON-WEAR
2000-01-12 04:05:30,2000-01-12 04:06:00,1,0.345,0.655,0.0,SLEEP
2000-01-12 04:06:00,2000-01-12 04:06:30,2,0.054,0.373,0.573,NON-WEAR
2000-01-12 04:06:30,2000-01-12 04:07:00,2,0.054,0.373,0.573,NON-WEAR
2000-01-12 04:07:00,2000-01-12 04:07:30,2,0.054,0.373,0.573,NON-WEAR
2000-01-12 04:07:30,2000-01-12 04:08:00,2,0.054,0.373,0.573,NON-WEAR
2000-01-12 04:08:00,2000-01-12 04:08:30,2,0.054,0.373,0.573,NON-WEAR
2000-01-12 04:08:30,2000-01-12 04:09:00,2,0.054,0.373,0.573,NON-WEAR
2000-01-12 04:09:00,2000-01-12 04:09:30,2,0.054,0.373,0.573,NON-WEAR
2000-01-12 04:09:30,2000-01-12 04:10:00,2,0.054,0.373,0.573,NON-WEAR
2000-01-12 04:10:00,2000-01-12 04:10:30,2,0.054,0.373,0.573,NON-WEAR
2000-01-12 04:10:30,2000-01-12 04:11:00,2,0.054,0.373,0.573,NON-WEAR
2000-01-12 04:11:00,2000-01-12 04:11:30,2,0.054,0.373,0.573,NON-WEAR
2000-01-12 04:11:30,2000-01-12 04:12:00,2,0.054,0.373,0.573,NON-WEAR
2000-01-12 04:12:00,2000-01-12 04:12:30,2,0.054,0.373,0.573,NON-WEAR
2000-01-12 04:12:30,2000-01-12 04:13:00,2,0.054,0.373,0.573,NON-WEAR
2000-01-12 04:13:00,2000-01-12 04:13:30,2,0.054,0.373,0.573,NON-WEAR
2000-01-12 04:13:30,2000-01-12 04:14:00,2,0.054,0.373,0.573,NON-WEAR
2000-01-12 04:14:00,2000-01-12 04:14:30,2,0.054,0.373,0.573,NON-WEAR
2000-01-12 04:14:30,2000-01-12 04:15:00,0,1.0,0.0,0.0,WEAR
2000-01-12 04:15:00,2000-01-12 04:15:30,1,0.194,0.789,0.017,SLEEP
2000-01-12 04:15:30,2000-01-12 04:16:00,2,0.059,0.374,0.567,NON-WEAR
2000-01-12 04:16:00,2000-01-12 04:16:30,2,0.059,0.374,0.567,NON-WEAR
2000-01-12 04:16:30,2000-01-12 04:17:00,1,0.196,0.79,0.014,SLEEP
2000-01-12 04:17:00,2000-01-12 04:17:30,2,0.066,0.379,0.555,NON-WEAR
2000-01-12 04:17:30,2000-01-12 04:18:00,2,0.066,0.379,0.555,NON-WEAR
2000-01-12 04:18:00,2000-01-12 04:18:30,2,0.066,0.379,0.555,NON-WEAR
2000-01-12 04:18:30,2000-01-12 04:19:00,2,0.066,0.379,0.555,NON-WEAR
2000-01-12 04:19:00,2000-01-12 04:19:30,2,0.066,0.379,0.555,NON-WEAR
2000-01-12 04:19:30,2000-01-12 04:20:00,2,0.066,0.379,0.555,NON-WEAR
2000-01-12 04:20:00,2000-01-12 04:20:30,2,0.066,0.379,0.555,NON-WEAR
2000-01-12 04:20:30,2000-01-12 04:21:00,2,0.066,0.379,0.555,NON-WEAR
2000-01-12 04:21:00,2000-01-12 04:21:30,2,0.066,0.379,0.555,NON-WEAR
2000-01-12 04:21:30,2000-01-12 04:22:00,2,0.066,0.379,0.555,NON-WEAR
2000-01-12 04:22:00,2000-01-12 04:22:30,1,0.237,0.763,0.0,SLEEP
2000-01-12 04:22:30,2000-01-12 04:23:00,2,0.059,0.374,0.567,NON-WEAR
2000-01-12 04:23:00,2000-01-12 04:23:30,2,0.059,0.374,0.567,NON-WEAR
2000-01-12 04:23:30,2000-01-12 04:24:00,2,0.059,0.374,0.567,NON-WEAR
2000-01-12 04:24:00,2000-01-12 04:24:30,1,0.127,0.593,0.279,SLEEP
2000-01-12 04:24:30,2000-01-12 04:25:00,2,0.066,0.381,0.553,NON-WEAR
2000-01-12 04:25:00,2000-01-12 04:25:30,1,0.467,0.533,0.0,SLEEP
2000-01-12 04:25:30,2000-01-12 04:26:00,2,0.079,0.412,0.509,NON-WEAR
2000-01-12 04:26:00,2000-01-12 04:26:30,2,0.079,0.412,0.509,NON-WEAR
2000-01-12 04:26:30,2000-01-12 04:27:00,2,0.079,0.412,0.509,NON-WEAR
2000-01-12 04:27:00,2000-01-12 04:27:30,2,0.079,0.412,0.509,NON-WEAR
2000-01-12 04:27:30,2000-01-12 04:28:00,2,0.079,0.412,0.509,NON-WEAR
2000-01-12 04:28:00,2000-01-12 04:28:30,2,0.079,0.412,0.509,NON-WEAR
2000-01-12 04:28:30,2000-01-12 04:29:00,1,0.45,0.55,0.0,SLEEP
2000-01-12 04:29:00,2000-01-12 04:29:30,1,0.186,0.778,0.036,SLEEP
2000-01-12 04:29:30,2000-01-12 04:30:00,2,0.078,0.407,0.516,NON-WEAR
2000-01-12 04:30:00,2000-01-12 04:30:30,2,0.078,0.407,0.516,NON-WEAR
2000-01-12 04:30:30,2000-01-12 04:31:00,2,0.078,0.407,0.516,NON-WEAR
2000-01-12 04:31:00,2000-01-12 04:31:30,2,0.078,0.407,0.516,NON-WEAR
2000-01-12 04:31:30,2000-01-12 04:32:00,1,0.253,0.747,0.0,SLEEP
2000-01-12 04:32:00,2000-01-12 04:32:30,1,0.171,0.751,0.078,SLEEP
2000-01-12 04:32:30,2000-01-12 04:33:00,2,0.06,0.374,0.566,NON-WEAR
2000-01-12 04:33:00,2000-01-12 04:33:30,2,0.06,0.374,0.566,NON-WEAR
2000-01-12 04:33:30,2000-01-12 04:34:00,2,0.06,0.374,0.566,NON-WEAR
2000-01-12 04:34:00,2000-01-12 04:34:30,2,0.06,0.374,0.566,NON-WEAR
2000-01-12 04:34:30,2000-01-12 04:35:00,1,0.146,0.673,0.182,SLEEP
2000-01-12 04:35:00,2000-01-12 04:35:30,1,0.123,0.586,0.291,SLEEP
2000-01-12 04:35:30,2000-01-12 04:36:00,2,0.067,0.383,0.55,NON-WEAR
2000-01-12 04:36:00,2000-01-12 04:36:30,2,0.067,0.383,0.55,NON-WEAR
2000-01-12 04:36:30,2000-01-12 04:37:00,2,0.067,0.383,0.55,NON-WEAR
2000-01-12 04:37:00,2000-01-12 04:37:30,2,0.067,0.383,0.55,NON-WEAR
2000-01-12 04:37:30,2000-01-12 04:38:00,2,0.067,0.383,0.55,NON-WEAR
2000-01-12 04:38:00,2000-01-12 04:38:30,2,0.067,0.383,0.55,NON-WEAR
2000-01-12 04:38:30,2000-01-12 04:39:00,2,0.067,0.383,0.55,NON-WEAR
2000-01-12 04:39:00,2000-01-12 04:39:30,2,0.067,0.383,0.55,NON-WEAR
2000-01-12 04:39:30,2000-01-12 04:40:00,2,0.067,0.383,0.55,NON-WEAR
2000-01-12 04:40:00,2000-01-12 04:40:30,2,0.067,0.383,0.55,NON-WEAR
2000-01-12 04:40:30,2000-01-12 04:41:00,2,0.067,0.383,0.55,NON-WEAR
2000-01-12 04:41:00,2000-01-12 04:41:30,2,0.067,0.383,0.55,NON-WEAR
2000-01-12 04:41:30,2000-01-12 04:42:00,2,0.067,0.383,0.55,NON-WEAR
2000-01-12 04:42:00,2000-01-12 04:42:30,2,0.067,0.383,0.55,NON-WEAR
2000-01-12 04:42:30,2000-01-12 04:43:00,2,0.067,0.383,0.55,NON-WEAR
2000-01-12 04:43:00,2000-01-12 04:43:30,2,0.067,0.383,0.55,NON-WEAR
2000-01-12 04:43:30,2000-01-12 04:44:00,2,0.067,0.383,0.55,NON-WEAR
2000-01-12 04:44:00,2000-01-12 04:44:30,2,0.067,0.383,0.55,NON-WEAR
2000-01-12 04:44:30,2000-01-12 04:45:00,2,0.067,0.383,0.55,NON-WEAR
2000-01-12 04:45:00,2000-01-12 04:45:30,1,0.263,0.737,0.0,SLEEP
2000-01-12 04:45:30,2000-01-12 04:46:00,1,0.239,0.761,0.0,SLEEP
2000-01-12 04:46:00,2000-01-12 04:46:30,2,0.066,0.379,0.555,NON-WEAR
2000-01-12 04:46:30,2000-01-12 04:47:00,2,0.066,0.379,0.555,NON-WEAR
2000-01-12 04:47:00,2000-01-12 04:47:30,2,0.066,0.379,0.555,NON-WEAR
2000-01-12 04:47:30,2000-01-12 04:48:00,2,0.066,0.379,0.555,NON-WEAR
2000-01-12 04:48:00,2000-01-12 04:48:30,2,0.066,0.379,0.555,NON-WEAR
2000-01-12 04:48:30,2000-01-12 04:49:00,2,0.066,0.379,0.555,NON-WEAR
2000-01-12 04:49:00,2000-01-12 04:49:30,2,0.066,0.379,0.555,NON-WEAR
2000-01-12 04:49:30,2000-01-12 04:50:00,2,0.066,0.379,0.555,NON-WEAR
2000-01-12 04:50:00,2000-01-12 04:50:30,2,0.066,0.379,0.555,NON-WEAR
2000-01-12 04:50:30,2000-01-12 04:51:00,2,0.066,0.379,0.555,NON-WEAR
2000-01-12 04:51:00,2000-01-12 04:51:30,2,0.066,0.379,0.555,NON-WEAR
2000-01-12 04:51:30,2000-01-12 04:52:00,2,0.066,0.379,0.555,NON-WEAR
2000-01-12 04:52:00,2000-01-12 04:52:30,2,0.066,0.379,0.555,NON-WEAR
2000-01-12 04:52:30,2000-01-12 04:53:00,2,0.066,0.379,0.555,NON-WEAR
2000-01-12 04:53:00,2000-01-12 04:53:30,2,0.066,0.379,0.555,NON-WEAR
2000-01-12 04:53:30,2000-01-12 04:54:00,2,0.066,0.379,0.555,NON-WEAR
2000-01-12 04:54:00,2000-01-12 04:54:30,2,0.066,0.379,0.555,NON-WEAR
2000-01-12 04:54:30,2000-01-12 04:55:00,2,0.066,0.379,0.555,NON-WEAR
2000-01-12 04:55:00,2000-01-12 04:55:30,2,0.066,0.379,0.555,NON-WEAR
2000-01-12 04:55:30,2000-01-12 04:56:00,2,0.066,0.379,0.555,NON-WEAR
2000-01-12 04:56:00,2000-01-12 04:56:30,1,0.286,0.714,0.0,SLEEP
2000-01-12 04:56:30,2000-01-12 04:57:00,2,0.078,0.41,0.512,NON-WEAR
2000-01-12 04:57:00,2000-01-12 04:57:30,2,0.078,0.41,0.512,NON-WEAR
2000-01-12 04:57:30,2000-01-12 04:58:00,0,0.797,0.203,0.0,WEAR
2000-01-12 04:58:00,2000-01-12 04:58:30,2,0.066,0.379,0.555,NON-WEAR
2000-01-12 04:58:30,2000-01-12 04:59:00,2,0.066,0.379,0.555,NON-WEAR
2000-01-12 04:59:00,2000-01-12 04:59:30,1,0.219,0.78,0.001,SLEEP
2000-01-12 04:59:30,2000-01-12 05:00:00,2,0.059,0.374,0.567,NON-WEAR
2000-01-12 05:00:00,2000-01-12 05:00:30,2,0.059,0.374,0.567,NON-WEAR
2000-01-12 05:00:30,2000-01-12 05:01:00,0,0.818,0.182,0.0,WEAR
2000-01-12 05:01:00,2000-01-12 05:01:30,2,0.059,0.374,0.567,NON-WEAR
2000-01-12 05:01:30,2000-01-12 05:02:00,2,0.059,0.374,0.567,NON-WEAR
2000-01-12 05:02:00,2000-01-12 05:02:30,2,0.059,0.374,0.567,NON-WEAR
2000-01-12 05:02:30,2000-01-12 05:03:00,2,0.059,0.374,0.567,NON-WEAR
2000-01-12 05:03:00,2000-01-12 05:03:30,1,0.336,0.664,0.0,SLEEP
2000-01-12 05:03:30,2000-01-12 05:04:00,2,0.06,0.374,0.566,NON-WEAR
2000-01-12 05:04:00,2000-01-12 05:04:30,2,0.06,0.374,0.566,NON-WEAR
2000-01-12 05:04:30,2000-01-12 05:05:00,2,0.06,0.374,0.566,NON-WEAR
2000-01-12 05:05:00,2000-01-12 05:05:30,2,0.06,0.374,0.566,NON-WEAR
2000-01-12 05:05:30,2000-01-12 05:06:00,2,0.06,0.374,0.566,NON-WEAR
2000-01-12 05:06:00,2000-01-12 05:06:30,2,0.06,0.374,0.566,NON-WEAR
2000-01-12 05:06:30,2000-01-12 05:07:00,2,0.06,0.374,0.566,NON-WEAR
2000-01-12 05:07:00,2000-01-12 05:07:30,2,0.06,0.374,0.566,NON-WEAR
2000-01-12 05:07:30,2000-01-12 05:08:00,2,0.06,0.374,0.566,NON-WEAR
2000-01-12 05:08:00,2000-01-12 05:08:30,2,0.06,0.374,0.566,NON-WEAR
2000-01-12 05:08:30,2000-01-12 05:09:00,2,0.06,0.374,0.566,NON-WEAR
2000-01-12 05:09:00,2000-01-12 05:09:30,2,0.06,0.374,0.566,NON-WEAR
2000-01-12 05:09:30,2000-01-12 05:10:00,2,0.06,0.374,0.566,NON-WEAR
2000-01-12 05:10:00,2000-01-12 05:10:30,2,0.06,0.374,0.566,NON-WEAR
2000-01-12 05:10:30,2000-01-12 05:11:00,2,0.06,0.374,0.566,NON-WEAR
2000-01-12 05:11:00,2000-01-12 05:11:30,2,0.06,0.374,0.566,NON-WEAR
2000-01-12 05:11:30,2000-01-12 05:12:00,2,0.06,0.374,0.566,NON-WEAR
2000-01-12 05:12:00,2000-01-12 05:12:30,2,0.06,0.374,0.566,NON-WEAR
2000-01-12 05:12:30,2000-01-12 05:13:00,2,0.06,0.374,0.566,NON-WEAR
2000-01-12 05:13:00,2000-01-12 05:13:30,0,0.74,0.26,0.0,WEAR
2000-01-12 05:13:30,2000-01-12 05:14:00,1,0.209,0.786,0.005,SLEEP
2000-01-12 05:14:00,2000-01-12 05:14:30,2,0.054,0.373,0.573,NON-WEAR
2000-01-12 05:14:30,2000-01-12 05:15:00,2,0.054,0.373,0.573,NON-WEAR
2000-01-12 05:15:00,2000-01-12 05:15:30,2,0.054,0.373,0.573,NON-WEAR
2000-01-12 05:15:30,2000-01-12 05:16:00,2,0.054,0.373,0.573,NON-WEAR
2000-01-12 05:16:00,2000-01-12 05:16:30,2,0.054,0.373,0.573,NON-WEAR
2000-01-12 05:16:30,2000-01-12 05:17:00,2,0.054,0.373,0.573,NON-WEAR
2000-01-12 05:17:00,2000-01-12 05:17:30,2,0.054,0.373,0.573,NON-WEAR
2000-01-12 05:17:30,2000-01-12 05:18:00,2,0.054,0.373,0.573,NON-WEAR
2000-01-12 05:18:00,2000-01-12 05:18:30,2,0.054,0.373,0.573,NON-WEAR
2000-01-12 05:18:30,2000-01-12 05:19:00,0,0.811,0.189,0.0,WEAR
2000-01-12 05:19:00,2000-01-12 05:19:30,2,0.059,0.374,0.567,NON-WEAR
2000-01-12 05:19:30,2000-01-12 05:20:00,0,0.521,0.479,0.0,WEAR
2000-01-12 05:20:00,2000-01-12 05:20:30,2,0.075,0.405,0.519,NON-WEAR
2000-01-12 05:20:30,2000-01-12 05:21:00,2,0.06,0.374,0.566,NON-WEAR
2000-01-12 05:21:00,2000-01-12 05:21:30,2,0.06,0.374,0.566,NON-WEAR
2000-01-12 05:21:30,2000-01-12 05:22:00,2,0.06,0.374,0.566,NON-WEAR
2000-01-12 05:22:00,2000-01-12 05:22:30,2,0.06,0.374,0.566,NON-WEAR
2000-01-12 05:22:30,2000-01-12 05:23:00,2,0.06,0.374,0.566,NON-WEAR
2000-01-12 05:23:00,2000-01-12 05:23:30,2,0.06,0.374,0.566,NON-WEAR
2000-01-12 05:23:30,2000-01-12 05:24:00,2,0.06,0.374,0.566,NON-WEAR
2000-01-12 05:24:00,2000-01-12 05:24:30,2,0.06,0.374,0.566,NON-WEAR
2000-01-12 05:24:30,2000-01-12 05:25:00,0,0.886,0.114,0.0,WEAR
2000-01-12 05:25:00,2000-01-12 05:25:30,2,0.089,0.448,0.463,NON-WEAR
2000-01-12 05:25:30,2000-01-12 05:26:00,2,0.059,0.373,0.568,NON-WEAR
2000-01-12 05:26:00,2000-01-12 05:26:30,2,0.059,0.373,0.568,NON-WEAR
2000-01-12 05:26:30,2000-01-12 05:27:00,2,0.059,0.373,0.568,NON-WEAR
2000-01-12 05:27:00,2000-01-12 05:27:30,2,0.059,0.373,0.568,NON-WEAR
2000-01-12 05:27:30,2000-01-12 05:28:00,2,0.059,0.373,0.568,NON-WEAR
2000-01-12 05:28:00,2000-01-12 05:28:30,2,0.059,0.373,0.568,NON-WEAR
2000-01-12 05:28:30,2000-01-12 05:29:00,1,0.225,0.774,0.001,SLEEP
2000-01-12 05:29:00,2000-01-12 05:29:30,2,0.066,0.379,0.554,NON-WEAR
2000-01-12 05:29:30,2000-01-12 05:30:00,2,0.066,0.379,0.554,NON-WEAR
2000-01-12 05:30:00,2000-01-12 05:30:30,1,0.286,0.714,0.0,SLEEP
2000-01-12 05:30:30,2000-01-12 05:31:00,2,0.06,0.374,0.566,NON-WEAR
2000-01-12 05:31:00,2000-01-12 05:31:30,2,0.06,0.374,0.566,NON-WEAR
2000-01-12 05:31:30,2000-01-12 05:32:00,2,0.06,0.374,0.566,NON-WEAR
2000-01-12 05:32:00,2000-01-12 05:32:30,2,0.06,0.374,0.566,NON-WEAR
2000-01-12 05:32:30,2000-01-12 05:33:00,2,0.06,0.374,0.566,NON-WEAR
2000-01-12 05:33:00,2000-01-12 05:33:30,2,0.06,0.374,0.566,NON-WEAR
2000-01-12 05:33:30,2000-01-12 05:34:00,0,0.897,0.103,0.0,WEAR
2000-01-12 05:34:00,2000-01-12 05:34:30,2,0.054,0.373,0.573,NON-WEAR
2000-01-12 05:34:30,2000-01-12 05:35:00,2,0.054,0.373,0.573,NON-WEAR
2000-01-12 05:35:00,2000-01-12 05:35:30,2,0.054,0.373,0.573,NON-WEAR
2000-01-12 05:35:30,2000-01-12 05:36:00,2,0.054,0.373,0.573,NON-WEAR
2000-01-12 05:36:00,2000-01-12 05:36:30,1,0.253,0.747,0.0,SLEEP
2000-01-12 05:36:30,2000-01-12 05:37:00,2,0.054,0.373,0.573,NON-WEAR
2000-01-12 05:37:00,2000-01-12 05:37:30,2,0.054,0.373,0.573,NON-WEAR
2000-01-12 05:37:30,2000-01-12 05:38:00,0,0.999,0.001,0.0,WEAR
2000-01-12 05:38:00,2000-01-12 05:38:30,1,0.104,0.507,0.389,SLEEP
2000-01-12 05:38:30,2000-01-12 05:39:00,2,0.054,0.373,0.573,NON-WEAR
2000-01-12 05:39:00,2000-01-12 05:39:30,1,0.322,0.678,0.0,SLEEP
2000-01-12 05:39:30,2000-01-12 05:40:00,1,0.234,0.765,0.0,SLEEP
2000-01-12 05:40:00,2000-01-12 05:40:30,1,0.223,0.777,0.001,SLEEP
2000-01-12 05:40:30,2000-01-12 05:41:00,1,0.2,0.79,0.01,SLEEP
2000-01-12 05:41:00,2000-01-12 05:41:30,2,0.06,0.374,0.566,NON-WEAR
2000-01-12 05:41:30,2000-01-12 05:42:00,2,0.06,0.374,0.566,NON-WEAR
2000-01-12 05:42:00,2000-01-12 05:42:30,2,0.06,0.374,0.566,NON-WEAR
2000-01-12 05:42:30,2000-01-12 05:43:00,2,0.06,0.374,0.566,NON-WEAR
2000-01-12 05:43:00,2000-01-12 05:43:30,2,0.06,0.374,0.566,NON-WEAR
2000-01-12 05:43:30,2000-01-12 05:44:00,2,0.06,0.374,0.566,NON-WEAR
2000-01-12 05:44:00,2000-01-12 05:44:30,2,0.06,0.374,0.566,NON-WEAR
2000-01-12 05:44:30,2000-01-12 05:45:00,2,0.06,0.374,0.566,NON-WEAR
2000-01-12 05:45:00,2000-01-12 05:45:30,2,0.06,0.374,0.566,NON-WEAR
2000-01-12 05:45:30,2000-01-12 05:46:00,2,0.06,0.374,0.566,NON-WEAR
2000-01-12 05:46:00,2000-01-12 05:46:30,2,0.06,0.374,0.566,NON-WEAR
2000-01-12 05:46:30,2000-01-12 05:47:00,2,0.06,0.374,0.566,NON-WEAR
2000-01-12 05:47:00,2000-01-12 05:47:30,2,0.06,0.374,0.566,NON-WEAR
2000-01-12 05:47:30,2000-01-12 05:48:00,2,0.06,0.374,0.566,NON-WEAR
2000-01-12 05:48:00,2000-01-12 05:48:30,2,0.06,0.374,0.566,NON-WEAR
2000-01-12 05:48:30,2000-01-12 05:49:00,2,0.06,0.374,0.566,NON-WEAR
2000-01-12 05:49:00,2000-01-12 05:49:30,2,0.06,0.374,0.566,NON-WEAR
2000-01-12 05:49:30,2000-01-12 05:50:00,2,0.06,0.374,0.566,NON-WEAR
2000-01-12 05:50:00,2000-01-12 05:50:30,2,0.06,0.374,0.566,NON-WEAR
2000-01-12 05:50:30,2000-01-12 05:51:00,1,0.2,0.791,0.009,SLEEP
2000-01-12 05:51:00,2000-01-12 05:51:30,2,0.054,0.373,0.573,NON-WEAR
2000-01-12 05:51:30,2000-01-12 05:52:00,2,0.054,0.373,0.573,NON-WEAR
2000-01-12 05:52:00,2000-01-12 05:52:30,2,0.054,0.373,0.573,NON-WEAR
2000-01-12 05:52:30,2000-01-12 05:53:00,2,0.054,0.373,0.573,NON-WEAR
2000-01-12 05:53:00,2000-01-12 05:53:30,0,1.0,0.0,0.0,WEAR
2000-01-12 05:53:30,2000-01-12 05:54:00,1,0.228,0.772,0.0,SLEEP
2000-01-12 05:54:00,2000-01-12 05:54:30,1,0.21,0.787,0.002,SLEEP
2000-01-12 05:54:30,2000-01-12 05:55:00,1,0.21,0.787,0.004,SLEEP
2000-01-12 05:55:00,2000-01-12 05:55:30,1,0.187,0.784,0.029,SLEEP
2000-01-12 05:55:30,2000-01-12 05:56:00,1,0.113,0.545,0.342,SLEEP
2000-01-12 05:56:00,2000-01-12 05:56:30,2,0.06,0.374,0.566,NON-WEAR
2000-01-12 05:56:30,2000-01-12 05:57:00,2,0.06,0.374,0.566,NON-WEAR
2000-01-12 05:57:00,2000-01-12 05:57:30,2,0.06,0.374,0.566,NON-WEAR
2000-01-12 05:57:30,2000-01-12 05:58:00,2,0.06,0.374,0.566,NON-WEAR
2000-01-12 05:58:00,2000-01-12 05:58:30,0,0.697,0.303,0.0,WEAR
2000-01-12 05:58:30,2000-01-12 05:59:00,2,0.067,0.384,0.549,NON-WEAR
2000-01-12 05:59:00,2000-01-12 05:59:30,2,0.067,0.384,0.549,NON-WEAR
2000-01-12 05:59:30,2000-01-12 06:00:00,2,0.067,0.384,0.549,NON-WEAR
2000-01-12 06:00:00,2000-01-12 06:00:30,2,0.067,0.384,0.549,NON-WEAR
2000-01-12 06:00:30,2000-01-12 06:01:00,2,0.067,0.384,0.549,NON-WEAR
2000-01-12 06:01:00,2000-01-12 06:01:30,2,0.067,0.384,0.549,NON-WEAR
2000-01-12 06:01:30,2000-01-12 06:02:00,2,0.067,0.384,0.549,NON-WEAR
2000-01-12 06:02:00,2000-01-12 06:02:30,1,0.108,0.529,0.363,SLEEP
2000-01-12 06:02:30,2000-01-12 06:03:00,1,0.18,0.772,0.048,SLEEP
2000-01-12 06:03:00,2000-01-12 06:03:30,2,0.068,0.387,0.545,NON-WEAR
2000-01-12 06:03:30,2000-01-12 06:04:00,2,0.068,0.387,0.545,NON-WEAR
2000-01-12 06:04:00,2000-01-12 06:04:30,1,0.257,0.743,0.0,SLEEP
2000-01-12 06:04:30,2000-01-12 06:05:00,1,0.094,0.471,0.435,SLEEP
2000-01-12 06:05:00,2000-01-12 06:05:30,2,0.06,0.374,0.566,NON-WEAR
2000-01-12 06:05:30,2000-01-12 06:06:00,0,0.992,0.008,0.0,WEAR
2000-01-12 06:06:00,2000-01-12 06:06:30,1,0.2,0.79,0.009,SLEEP
2000-01-12 06:06:30,2000-01-12 06:07:00,2,0.054,0.373,0.573,NON-WEAR
2000-01-12 06:07:00,2000-01-12 06:07:30,2,0.054,0.373,0.573,NON-WEAR
2000-01-12 06:07:30,2000-01-12 06:08:00,2,0.054,0.373,0.573,NON-WEAR
2000-01-12 06:08:00,2000-01-12 06:08:30,2,0.054,0.373,0.573,NON-WEAR
2000-01-12 06:08:30,2000-01-12 06:09:00,2,0.054,0.373,0.573,NON-WEAR
2000-01-12 06:09:00,2000-01-12 06:09:30,2,0.054,0.373,0.573,NON-WEAR
2000-01-12 06:09:30,2000-01-12 06:10:00,2,0.054,0.373,0.573,NON-WEAR
2000-01-12 06:10:00,2000-01-12 06:10:30,2,0.054,0.373,0.573,NON-WEAR
2000-01-12 06:10:30,2000-01-12 06:11:00,2,0.054,0.373,0.573,NON-WEAR
2000-01-12 06:11:00,2000-01-12 06:11:30,2,0.054,0.373,0.573,NON-WEAR
2000-01-12 06:11:30,2000-01-12 06:12:00,2,0.054,0.373,0.573,NON-WEAR
2000-01-12 06:12:00,2000-01-12 06:12:30,2,0.054,0.373,0.573,NON-WEAR
2000-01-12 06:12:30,2000-01-12 06:13:00,2,0.054,0.373,0.573,NON-WEAR
2000-01-12 06:13:00,2000-01-12 06:13:30,2,0.054,0.373,0.573,NON-WEAR
2000-01-12 06:13:30,2000-01-12 06:14:00,0,0.842,0.158,0.0,WEAR
2000-01-12 06:14:00,2000-01-12 06:14:30,2,0.059,0.374,0.567,NON-WEAR
2000-01-12 06:14:30,2000-01-12 06:15:00,2,0.059,0.374,0.567,NON-WEAR
2000-01-12 06:15:00,2000-01-12 06:15:30,2,0.059,0.374,0.567,NON-WEAR
2000-01-12 06:15:30,2000-01-12 06:16:00,2,0.059,0.374,0.567,NON-WEAR
2000-01-12 06:16:00,2000-01-12 06:16:30,0,0.501,0.499,0.0,WEAR
2000-01-12 06:16:30,2000-01-12 06:17:00,1,0.108,0.527,0.365,SLEEP
2000-01-12 06:17:00,2000-01-12 06:17:30,1,0.221,0.778,0.001,SLEEP
2000-01-12 06:17:30,2000-01-12 06:18:00,2,0.054,0.373,0.573,NON-WEAR
2000-01-12 06:18:00,2000-01-12 06:18:30,2,0.054,0.373,0.573,NON-WEAR
2000-01-12 06:18:30,2000-01-12 06:19:00,2,0.054,0.373,0.573,NON-WEAR
2000-01-12 06:19:00,2000-01-12 06:19:30,2,0.054,0.373,0.573,NON-WEAR
2000-01-12 06:19:30,2000-01-12 06:20:00,1,0.281,0.719,0.0,SLEEP
2000-01-12 06:20:00,2000-01-12 06:20:30,1,0.104,0.51,0.387,SLEEP
2000-01-12 06:20:30,2000-01-12 06:21:00,1,0.22,0.779,0.001,SLEEP
2000-01-12 06:21:00,2000-01-12 06:21:30,2,0.067,0.38,0.553,NON-WEAR
2000-01-12 06:21:30,2000-01-12 06:22:00,2,0.067,0.38,0.553,NON-WEAR
2000-01-12 06:22:00,2000-01-12 06:22:30,2,0.067,0.38,0.553,NON-WEAR
2000-01-12 06:22:30,2000-01-12 06:23:00,2,0.067,0.38,0.553,NON-WEAR
2000-01-12 06:23:00,2000-01-12 06:23:30,2,0.067,0.38,0.553,NON-WEAR
2000-01-12 06:23:30,2000-01-12 06:24:00,0,0.983,0.017,0.0,WEAR
2000-01-12 06:24:00,2000-01-12 06:24:30,1,0.441,0.559,0.0,SLEEP
2000-01-12 06:24:30,2000-01-12 06:25:00,1,0.205,0.789,0.006,SLEEP
2000-01-12 06:25:00,2000-01-12 06:25:30,2,0.077,0.406,0.516,NON-WEAR
2000-01-12 06:25:30,2000-01-12 06:26:00,2,0.077,0.406,0.516,NON-WEAR
2000-01-12 06:26:00,2000-01-12 06:26:30,0,0.999,0.001,0.0,WEAR
2000-01-12 06:26:30,2000-01-12 06:27:00,2,0.06,0.374,0.567,NON-WEAR
2000-01-12 06:27:00,2000-01-12 06:27:30,1,0.289,0.711,0.0,SLEEP
2000-01-12 06:27:30,2000-01-12 06:28:00,1,0.17,0.749,0.081,SLEEP
2000-01-12 06:28:00,2000-01-12 06:28:30,2,0.06,0.374,0.567,NON-WEAR
2000-01-12 06:28:30,2000-01-12 06:29:00,1,0.247,0.753,0.0,SLEEP
2000-01-12 06:29:00,2000-01-12 06:29:30,2,0.067,0.383,0.55,NON-WEAR
2000-01-12 06:29:30,2000-01-12 06:30:00,2,0.067,0.383,0.55,NON-WEAR
2000-01-12 06:30:00,2000-01-12 06:30:30,1,0.286,0.714,0.0,SLEEP
2000-01-12 06:30:30,2000-01-12 06:31:00,2,0.067,0.38,0.553,NON-WEAR
2000-01-12 06:31:00,2000-01-12 06:31:30,0,0.999,0.001,0.0,WEAR
2000-01-12 06:31:30,2000-01-12 06:32:00,1,0.208,0.787,0.005,SLEEP
2000-01-12 06:32:00,2000-01-12 06:32:30,1,0.198,0.788,0.015,SLEEP
2000-01-12 06:32:30,2000-01-12 06:33:00,2,0.06,0.374,0.566,NON-WEAR
2000-01-12 06:33:00,2000-01-12 06:33:30,2,0.06,0.374,0.566,NON-WEAR
2000-01-12 06:33:30,2000-01-12 06:34:00,2,0.06,0.374,0.566,NON-WEAR
2000-01-12 06:34:00,2000-01-12 06:34:30,1,0.156,0.689,0.155,SLEEP
2000-01-12 06:34:30,2000-01-12 06:35:00,2,0.06,0.374,0.566,NON-WEAR
2000-01-12 06:35:00,2000-01-12 06:35:30,2,0.06,0.374,0.566,NON-WEAR
2000-01-12 06:35:30,2000-01-12 06:36:00,2,0.06,0.374,0.566,NON-WEAR
2000-01-12 06:36:00,2000-01-12 06:36:30,2,0.06,0.374,0.566,NON-WEAR
2000-01-12 06:36:30,2000-01-12 06:37:00,2,0.06,0.374,0.566,NON-WEAR
2000-01-12 06:37:00,2000-01-12 06:37:30,0,1.0,0.0,0.0,WEAR
2000-01-12 06:37:30,2000-01-12 06:38:00,1,0.2,0.789,0.011,SLEEP
2000-01-12 06:38:00,2000-01-12 06:38:30,2,0.054,0.373,0.573,NON-WEAR
2000-01-12 06:38:30,2000-01-12 06:39:00,2,0.054,0.373,0.573,NON-WEAR
2000-01-12 06:39:00,2000-01-12 06:39:30,2,0.054,0.373,0.573,NON-WEAR
2000-01-12 06:39:30,2000-01-12 06:40:00,2,0.054,0.373,0.573,NON-WEAR
2000-01-12 06:40:00,2000-01-12 06:40:30,2,0.054,0.373,0.573,NON-WEAR
2000-01-12 06:40:30,2000-01-12 06:41:00,2,0.054,0.373,0.573,NON-WEAR
2000-01-12 06:41:00,2000-01-12 06:41:30,2,0.054,0.373,0.573,NON-WEAR
2000-01-12 06:41:30,2000-01-12 06:42:00,2,0.054,0.373,0.573,NON-WEAR
2000-01-12 06:42:00,2000-01-12 06:42:30,2,0.054,0.373,0.573,NON-WEAR
2000-01-12 06:42:30,2000-01-12 06:43:00,2,0.054,0.373,0.573,NON-WEAR
2000-01-12 06:43:00,2000-01-12 06:43:30,2,0.054,0.373,0.573,NON-WEAR
2000-01-12 06:43:30,2000-01-12 06:44:00,2,0.054,0.373,0.573,NON-WEAR
2000-01-12 06:44:00,2000-01-12 06:44:30,2,0.054,0.373,0.573,NON-WEAR
2000-01-12 06:44:30,2000-01-12 06:45:00,2,0.054,0.373,0.573,NON-WEAR
2000-01-12 06:45:00,2000-01-12 06:45:30,2,0.054,0.373,0.573,NON-WEAR
2000-01-12 06:45:30,2000-01-12 06:46:00,2,0.054,0.373,0.573,NON-WEAR
2000-01-12 06:46:00,2000-01-12 06:46:30,2,0.054,0.373,0.573,NON-WEAR
2000-01-12 06:46:30,2000-01-12 06:47:00,2,0.054,0.373,0.573,NON-WEAR
2000-01-12 06:47:00,2000-01-12 06:47:30,2,0.054,0.373,0.573,NON-WEAR
2000-01-12 06:47:30,2000-01-12 06:48:00,2,0.054,0.373,0.573,NON-WEAR
2000-01-12 06:48:00,2000-01-12 06:48:30,0,1.0,0.0,0.0,WEAR
2000-01-12 06:48:30,2000-01-12 06:49:00,1,0.209,0.788,0.004,SLEEP
2000-01-12 06:49:00,2000-01-12 06:49:30,1,0.238,0.762,0.0,SLEEP
2000-01-12 06:49:30,2000-01-12 06:50:00,1,0.201,0.79,0.008,SLEEP
2000-01-12 06:50:00,2000-01-12 06:50:30,2,0.054,0.372,0.573,NON-WEAR
2000-01-12 06:50:30,2000-01-12 06:51:00,2,0.054,0.372,0.573,NON-WEAR
2000-01-12 06:51:00,2000-01-12 06:51:30,2,0.054,0.372,0.573,NON-WEAR
2000-01-12 06:51:30,2000-01-12 06:52:00,2,0.054,0.372,0.573,NON-WEAR
2000-01-12 06:52:00,2000-01-12 06:52:30,2,0.084,0.435,0.481,NON-WEAR
2000-01-12 06:52:30,2000-01-12 06:53:00,1,0.255,0.745,0.0,SLEEP
2000-01-12 06:53:00,2000-01-12 06:53:30,2,0.06,0.374,0.566,NON-WEAR
2000-01-12 06:53:30,2000-01-12 06:54:00,2,0.06,0.374,0.566,NON-WEAR
2000-01-12 06:54:00,2000-01-12 06:54:30,2,0.06,0.374,0.566,NON-WEAR
2000-01-12 06:54:30,2000-01-12 06:55:00,2,0.06,0.374,0.566,NON-WEAR
2000-01-12 06:55:00,2000-01-12 06:55:30,2,0.06,0.374,0.566,NON-WEAR
2000-01-12 06:55:30,2000-01-12 06:56:00,2,0.06,0.374,0.566,NON-WEAR
2000-01-12 06:56:00,2000-01-12 06:56:30,2,0.06,0.374,0.566,NON-WEAR
2000-01-12 06:56:30,2000-01-12 06:57:00,2,0.06,0.374,0.566,NON-WEAR
2000-01-12 06:57:00,2000-01-12 06:57:30,0,0.511,0.489,0.0,WEAR
2000-01-12 06:57:30,2000-01-12 06:58:00,1,0.204,0.789,0.007,SLEEP
2000-01-12 06:58:00,2000-01-12 06:58:30,2,0.06,0.374,0.566,NON-WEAR
2000-01-12 06:58:30,2000-01-12 06:59:00,0,0.865,0.135,0.0,WEAR
2000-01-12 06:59:00,2000-01-12 06:59:30,2,0.06,0.374,0.566,NON-WEAR
2000-01-12 06:59:30,2000-01-12 07:00:00,2,0.06,0.374,0.566,NON-WEAR
2000-01-12 07:00:00,2000-01-12 07:00:30,2,0.06,0.374,0.566,NON-WEAR
2000-01-12 07:00:30,2000-01-12 07:01:00,2,0.06,0.374,0.566,NON-WEAR
2000-01-12 07:01:00,2000-01-12 07:01:30,2,0.06,0.374,0.566,NON-WEAR
2000-01-12 07:01:30,2000-01-12 07:02:00,2,0.06,0.374,0.566,NON-WEAR
2000-01-12 07:02:00,2000-01-12 07:02:30,2,0.06,0.374,0.566,NON-WEAR
2000-01-12 07:02:30,2000-01-12 07:03:00,2,0.06,0.374,0.566,NON-WEAR
2000-01-12 07:03:00,2000-01-12 07:03:30,2,0.06,0.374,0.566,NON-WEAR
2000-01-12 07:03:30,2000-01-12 07:04:00,2,0.073,0.4,0.527,NON-WEAR
2000-01-12 07:04:00,2000-01-12 07:04:30,1,0.104,0.509,0.386,SLEEP
2000-01-12 07:04:30,2000-01-12 07:05:00,0,0.984,0.016,0.0,WEAR
2000-01-12 07:05:00,2000-01-12 07:05:30,1,0.275,0.725,0.0,SLEEP
2000-01-12 07:05:30,2000-01-12 07:06:00,1,0.494,0.506,0.0,SLEEP
2000-01-12 07:06:00,2000-01-12 07:06:30,0,0.952,0.048,0.0,WEAR
2000-01-12 07:06:30,2000-01-12 07:07:00,2,0.059,0.374,0.567,NON-WEAR
2000-01-12 07:07:00,2000-01-12 07:07:30,2,0.059,0.374,0.567,NON-WEAR
2000-01-12 07:07:30,2000-01-12 07:08:00,2,0.059,0.374,0.567,NON-WEAR
2000-01-12 07:08:00,2000-01-12 07:08:30,2,0.059,0.374,0.567,NON-WEAR
2000-01-12 07:08:30,2000-01-12 07:09:00,2,0.059,0.374,0.567,NON-WEAR
2000-01-12 07:09:00,2000-01-12 07:09:30,2,0.059,0.374,0.567,NON-WEAR
2000-01-12 07:09:30,2000-01-12 07:10:00,2,0.059,0.374,0.567,NON-WEAR
2000-01-12 07:10:00,2000-01-12 07:10:30,2,0.059,0.374,0.567,NON-WEAR
2000-01-12 07:10:30,2000-01-12 07:11:00,2,0.059,0.374,0.567,NON-WEAR
2000-01-12 07:11:00,2000-01-12 07:11:30,2,0.059,0.374,0.567,NON-WEAR
2000-01-12 07:11:30,2000-01-12 07:12:00,2,0.059,0.374,0.567,NON-WEAR
2000-01-12 07:12:00,2000-01-12 07:12:30,2,0.059,0.374,0.567,NON-WEAR
2000-01-12 07:12:30,2000-01-12 07:13:00,2,0.059,0.374,0.567,NON-WEAR
2000-01-12 07:13:00,2000-01-12 07:13:30,2,0.059,0.374,0.567,NON-WEAR
2000-01-12 07:13:30,2000-01-12 07:14:00,1,0.322,0.678,0.0,SLEEP
2000-01-12 07:14:00,2000-01-12 07:14:30,2,0.059,0.374,0.567,NON-WEAR
2000-01-12 07:14:30,2000-01-12 07:15:00,2,0.059,0.374,0.567,NON-WEAR
2000-01-12 07:15:00,2000-01-12 07:15:30,1,0.142,0.657,0.201,SLEEP
2000-01-12 07:15:30,2000-01-12 07:16:00,1,0.131,0.615,0.254,SLEEP
2000-01-12 07:16:00,2000-01-12 07:16:30,2,0.059,0.374,0.567,NON-WEAR
2000-01-12 07:16:30,2000-01-12 07:17:00,2,0.059,0.374,0.567,NON-WEAR
2000-01-12 07:17:00,2000-01-12 07:17:30,2,0.059,0.374,0.567,NON-WEAR
2000-01-12 07:17:30,2000-01-12 07:18:00,2,0.059,0.374,0.567,NON-WEAR
2000-01-12 07:18:00,2000-01-12 07:18:30,2,0.059,0.374,0.567,NON-WEAR
2000-01-12 07:18:30,2000-01-12 07:19:00,2,0.059,0.374,0.567,NON-WEAR
2000-01-12 07:19:00,2000-01-12 07:19:30,2,0.059,0.374,0.567,NON-WEAR
2000-01-12 07:19:30,2000-01-12 07:20:00,2,0.059,0.374,0.567,NON-WEAR
2000-01-12 07:20:00,2000-01-12 07:20:30,2,0.059,0.374,0.567,NON-WEAR
2000-01-12 07:20:30,2000-01-12 07:21:00,2,0.059,0.374,0.567,NON-WEAR
2000-01-12 07:21:00,2000-01-12 07:21:30,2,0.059,0.374,0.567,NON-WEAR
2000-01-12 07:21:30,2000-01-12 07:22:00,2,0.059,0.374,0.567,NON-WEAR
2000-01-12 07:22:00,2000-01-12 07:22:30,2,0.059,0.374,0.567,NON-WEAR
2000-01-12 07:22:30,2000-01-12 07:23:00,2,0.059,0.374,0.567,NON-WEAR
2000-01-12 07:23:00,2000-01-12 07:23:30,2,0.059,0.374,0.567,NON-WEAR
2000-01-12 07:23:30,2000-01-12 07:24:00,2,0.059,0.374,0.567,NON-WEAR
2000-01-12 07:24:00,2000-01-12 07:24:30,2,0.059,0.374,0.567,NON-WEAR
2000-01-12 07:24:30,2000-01-12 07:25:00,0,1.0,0.0,0.0,WEAR
2000-01-12 07:25:00,2000-01-12 07:25:30,1,0.415,0.585,0.0,SLEEP
2000-01-12 07:25:30,2000-01-12 07:26:00,2,0.054,0.373,0.573,NON-WEAR
2000-01-12 07:26:00,2000-01-12 07:26:30,2,0.054,0.373,0.573,NON-WEAR
2000-01-12 07:26:30,2000-01-12 07:27:00,0,0.994,0.006,0.0,WEAR
2000-01-12 07:27:00,2000-01-12 07:27:30,1,0.163,0.722,0.115,SLEEP
2000-01-12 07:27:30,2000-01-12 07:28:00,1,0.205,0.789,0.006,SLEEP
2000-01-12 07:28:00,2000-01-12 07:28:30,2,0.054,0.373,0.573,NON-WEAR
2000-01-12 07:28:30,2000-01-12 07:29:00,2,0.054,0.373,0.573,NON-WEAR
2000-01-12 07:29:00,2000-01-12 07:29:30,2,0.054,0.373,0.573,NON-WEAR
2000-01-12 07:29:30,2000-01-12 07:30:00,2,0.054,0.373,0.573,NON-WEAR
2000-01-12 07:30:00,2000-01-12 07:30:30,2,0.054,0.373,0.573,NON-WEAR
2000-01-12 07:30:30,2000-01-12 07:31:00,2,0.054,0.373,0.573,NON-WEAR
2000-01-12 07:31:00,2000-01-12 07:31:30,2,0.054,0.373,0.573,NON-WEAR
2000-01-12 07:31:30,2000-01-12 07:32:00,2,0.054,0.373,0.573,NON-WEAR
2000-01-12 07:32:00,2000-01-12 07:32:30,2,0.054,0.373,0.573,NON-WEAR
2000-01-12 07:32:30,2000-01-12 07:33:00,2,0.054,0.373,0.573,NON-WEAR
2000-01-12 07:33:00,2000-01-12 07:33:30,2,0.054,0.373,0.573,NON-WEAR
2000-01-12 07:33:30,2000-01-12 07:34:00,2,0.054,0.373,0.573,NON-WEAR
2000-01-12 07:34:00,2000-01-12 07:34:30,2,0.054,0.373,0.573,NON-WEAR
2000-01-12 07:34:30,2000-01-12 07:35:00,0,0.552,0.448,0.0,WEAR
2000-01-12 07:35:00,2000-01-12 07:35:30,2,0.066,0.379,0.554,NON-WEAR
2000-01-12 07:35:30,2000-01-12 07:36:00,0,1.0,0.0,0.0,WEAR
2000-01-12 07:36:00,2000-01-12 07:36:30,0,0.996,0.004,0.0,WEAR
2000-01-12 07:36:30,2000-01-12 07:37:00,0,1.0,0.0,0.0,WEAR
2000-01-12 07:37:00,2000-01-12 07:37:30,0,0.977,0.023,0.0,WEAR
2000-01-12 07:37:30,2000-01-12 07:38:00,0,0.997,0.003,0.0,WEAR
2000-01-12 07:38:00,2000-01-12 07:38:30,0,0.998,0.002,0.0,WEAR
2000-01-12 07:38:30,2000-01-12 07:39:00,0,0.996,0.004,0.0,WEAR
2000-01-12 07:39:00,2000-01-12 07:39:30,0,0.979,0.021,0.0,WEAR
2000-01-12 07:39:30,2000-01-12 07:40:00,1,0.316,0.684,0.0,SLEEP
2000-01-12 07:40:00,2000-01-12 07:40:30,1,0.254,0.746,0.0,SLEEP
2000-01-12 07:40:30,2000-01-12 07:41:00,2,0.054,0.372,0.573,NON-WEAR
2000-01-12 07:41:00,2000-01-12 07:41:30,2,0.054,0.372,0.573,NON-WEAR
2000-01-12 07:41:30,2000-01-12 07:42:00,2,0.054,0.372,0.573,NON-WEAR
2000-01-12 07:42:00,2000-01-12 07:42:30,0,0.994,0.006,0.0,WEAR
2000-01-12 07:42:30,2000-01-12 07:43:00,0,0.96,0.04,0.0,WEAR
2000-01-12 07:43:00,2000-01-12 07:43:30,0,0.852,0.148,0.0,WEAR
2000-01-12 07:43:30,2000-01-12 07:44:00,2,0.054,0.373,0.573,NON-WEAR
2000-01-12 07:44:00,2000-01-12 07:44:30,2,0.054,0.373,0.573,NON-WEAR
2000-01-12 07:44:30,2000-01-12 07:45:00,2,0.054,0.373,0.573,NON-WEAR
2000-01-12 07:45:00,2000-01-12 07:45:30,2,0.054,0.373,0.573,NON-WEAR
2000-01-12 07:45:30,2000-01-12 07:46:00,2,0.054,0.373,0.573,NON-WEAR
2000-01-12 07:46:00,2000-01-12 07:46:30,2,0.054,0.373,0.573,NON-WEAR
2000-01-12 07:46:30,2000-01-12 07:47:00,2,0.054,0.373,0.573,NON-WEAR
2000-01-12 07:47:00,2000-01-12 07:47:30,2,0.054,0.373,0.573,NON-WEAR
2000-01-12 07:47:30,2000-01-12 07:48:00,2,0.054,0.373,0.573,NON-WEAR
2000-01-12 07:48:00,2000-01-12 07:48:30,2,0.054,0.373,0.573,NON-WEAR
2000-01-12 07:48:30,2000-01-12 07:49:00,2,0.054,0.373,0.573,NON-WEAR
2000-01-12 07:49:00,2000-01-12 07:49:30,2,0.054,0.373,0.573,NON-WEAR
2000-01-12 07:49:30,2000-01-12 07:50:00,2,0.054,0.373,0.573,NON-WEAR
2000-01-12 07:50:00,2000-01-12 07:50:30,1,0.313,0.687,0.0,SLEEP
2000-01-12 07:50:30,2000-01-12 07:51:00,0,0.982,0.018,0.0,WEAR
2000-01-12 07:51:00,2000-01-12 07:51:30,1,0.279,0.721,0.0,SLEEP
2000-01-12 07:51:30,2000-01-12 07:52:00,0,0.948,0.052,0.0,WEAR
2000-01-12 07:52:00,2000-01-12 07:52:30,0,0.997,0.003,0.0,WEAR
2000-01-12 07:52:30,2000-01-12 07:53:00,0,0.899,0.101,0.0,WEAR
2000-01-12 07:53:00,2000-01-12 07:53:30,0,1.0,0.0,0.0,WEAR
2000-01-12 07:53:30,2000-01-12 07:54:00,0,0.931,0.069,0.0,WEAR
2000-01-12 07:54:00,2000-01-12 07:54:30,0,0.958,0.042,0.0,WEAR
2000-01-12 07:54:30,2000-01-12 07:55:00,0,0.973,0.027,0.0,WEAR
2000-01-12 07:55:00,2000-01-12 07:55:30,0,0.997,0.003,0.0,WEAR
2000-01-12 07:55:30,2000-01-12 07:56:00,0,0.998,0.002,0.0,WEAR
2000-01-12 07:56:00,2000-01-12 07:56:30,0,0.977,0.023,0.0,WEAR
2000-01-12 07:56:30,2000-01-12 07:57:00,0,0.997,0.003,0.0,WEAR
2000-01-12 07:57:00,2000-01-12 07:57:30,0,0.984,0.016,0.0,WEAR
2000-01-12 07:57:30,2000-01-12 07:58:00,0,0.968,0.032,0.0,WEAR
2000-01-12 07:58:00,2000-01-12 07:58:30,0,0.871,0.129,0.0,WEAR
2000-01-12 07:58:30,2000-01-12 07:59:00,0,0.992,0.008,0.0,WEAR
2000-01-12 07:59:00,2000-01-12 07:59:30,0,0.999,0.001,0.0,WEAR
2000-01-12 07:59:30,2000-01-12 08:00:00,0,0.997,0.003,0.0,WEAR
2000-01-12 08:00:00,2000-01-12 08:00:30,0,1.0,0.0,0.0,WEAR
2000-01-12 08:00:30,2000-01-12 08:01:00,0,0.999,0.001,0.0,WEAR
2000-01-12 08:01:00,2000-01-12 08:01:30,0,0.999,0.001,0.0,WEAR
2000-01-12 08:01:30,2000-01-12 08:02:00,0,0.996,0.004,0.0,WEAR
2000-01-12 08:02:00,2000-01-12 08:02:30,0,0.995,0.005,0.0,WEAR
2000-01-12 08:02:30,2000-01-12 08:03:00,0,1.0,0.0,0.0,WEAR
2000-01-12 08:03:00,2000-01-12 08:03:30,0,0.996,0.004,0.0,WEAR
2000-01-12 08:03:30,2000-01-12 08:04:00,0,1.0,0.0,0.0,WEAR
2000-01-12 08:04:00,2000-01-12 08:04:30,0,0.998,0.002,0.0,WEAR
2000-01-12 08:04:30,2000-01-12 08:05:00,0,0.965,0.035,0.0,WEAR
2000-01-12 08:05:00,2000-01-12 08:05:30,0,0.907,0.093,0.0,WEAR
2000-01-12 08:05:30,2000-01-12 08:06:00,0,0.924,0.076,0.0,WEAR
2000-01-12 08:06:00,2000-01-12 08:06:30,1,0.249,0.751,0.0,SLEEP
2000-01-12 08:06:30,2000-01-12 08:07:00,0,0.726,0.274,0.0,WEAR
2000-01-12 08:07:00,2000-01-12 08:07:30,0,0.705,0.295,0.0,WEAR
2000-01-12 08:07:30,2000-01-12 08:08:00,0,0.994,0.006,0.0,WEAR
2000-01-12 08:08:00,2000-01-12 08:08:30,0,0.99,0.01,0.0,WEAR
2000-01-12 08:08:30,2000-01-12 08:09:00,1,0.289,0.711,0.0,SLEEP
2000-01-12 08:09:00,2000-01-12 08:09:30,0,0.999,0.001,0.0,WEAR
2000-01-12 08:09:30,2000-01-12 08:10:00,0,0.998,0.002,0.0,WEAR
2000-01-12 08:10:00,2000-01-12 08:10:30,0,0.998,0.002,0.0,WEAR
2000-01-12 08:10:30,2000-01-12 08:11:00,0,0.968,0.032,0.0,WEAR
2000-01-12 08:11:00,2000-01-12 08:11:30,0,0.984,0.016,0.0,WEAR
2000-01-12 08:11:30,2000-01-12 08:12:00,0,0.919,0.081,0.0,WEAR
2000-01-12 08:12:00,2000-01-12 08:12:30,0,1.0,0.0,0.0,WEAR
2000-01-12 08:12:30,2000-01-12 08:13:00,0,0.977,0.023,0.0,WEAR
2000-01-12 08:13:00,2000-01-12 08:13:30,0,0.999,0.001,0.0,WEAR
2000-01-12 08:13:30,2000-01-12 08:14:00,0,1.0,0.0,0.0,WEAR
2000-01-12 08:14:00,2000-01-12 08:14:30,0,0.976,0.024,0.0,WEAR
2000-01-12 08:14:30,2000-01-12 08:15:00,0,0.562,0.438,0.0,WEAR
2000-01-12 08:15:00,2000-01-12 08:15:30,0,0.835,0.165,0.0,WEAR
2000-01-12 08:15:30,2000-01-12 08:16:00,0,0.896,0.104,0.0,WEAR
2000-01-12 08:16:00,2000-01-12 08:16:30,0,0.632,0.368,0.0,WEAR
2000-01-12 08:16:30,2000-01-12 08:17:00,0,0.903,0.097,0.0,WEAR
2000-01-12 08:17:00,2000-01-12 08:17:30,1,0.401,0.599,0.0,SLEEP
2000-01-12 08:17:30,2000-01-12 08:18:00,1,0.37,0.63,0.0,SLEEP
2000-01-12 08:18:00,2000-01-12 08:18:30,0,0.775,0.225,0.0,WEAR
2000-01-12 08:18:30,2000-01-12 08:19:00,0,0.998,0.002,0.0,WEAR
2000-01-12 08:19:00,2000-01-12 08:19:30,0,0.815,0.185,0.0,WEAR
2000-01-12 08:19:30,2000-01-12 08:20:00,0,0.982,0.018,0.0,WEAR
2000-01-12 08:20:00,2000-01-12 08:20:30,0,0.912,0.088,0.0,WEAR
2000-01-12 08:20:30,2000-01-12 08:21:00,0,0.955,0.045,0.0,WEAR
2000-01-12 08:21:00,2000-01-12 08:21:30,0,0.889,0.111,0.0,WEAR
2000-01-12 08:21:30,2000-01-12 08:22:00,0,0.998,0.002,0.0,WEAR
2000-01-12 08:22:00,2000-01-12 08:22:30,0,0.999,0.001,0.0,WEAR
2000-01-12 08:22:30,2000-01-12 08:23:00,0,0.697,0.303,0.0,WEAR
2000-01-12 08:23:00,2000-01-12 08:23:30,0,0.997,0.003,0.0,WEAR
2000-01-12 08:23:30,2000-01-12 08:24:00,0,0.845,0.155,0.0,WEAR
2000-01-12 08:24:00,2000-01-12 08:24:30,0,0.6,0.4,0.0,WEAR
2000-01-12 08:24:30,2000-01-12 08:25:00,0,0.999,0.001,0.0,WEAR
2000-01-12 08:25:00,2000-01-12 08:25:30,0,0.93,0.07,0.0,WEAR
2000-01-12 08:25:30,2000-01-12 08:26:00,0,0.997,0.003,0.0,WEAR
2000-01-12 08:26:00,2000-01-12 08:26:30,0,0.818,0.182,0.0,WEAR
2000-01-12 08:26:30,2000-01-12 08:27:00,0,1.0,0.0,0.0,WEAR
2000-01-12 08:27:00,2000-01-12 08:27:30,0,1.0,0.0,0.0,WEAR
2000-01-12 08:27:30,2000-01-12 08:28:00,0,1.0,0.0,0.0,WEAR
2000-01-12 08:28:00,2000-01-12 08:28:30,0,0.999,0.001,0.0,WEAR
2000-01-12 08:28:30,2000-01-12 08:29:00,0,1.0,0.0,0.0,WEAR
2000-01-12 08:29:00,2000-01-12 08:29:30,0,0.984,0.016,0.0,WEAR
2000-01-12 08:29:30,2000-01-12 08:30:00,0,0.973,0.027,0.0,WEAR
2000-01-12 08:30:00,2000-01-12 08:30:30,0,0.982,0.018,0.0,WEAR
2000-01-12 08:30:30,2000-01-12 08:31:00,0,0.981,0.019,0.0,WEAR
2000-01-12 08:31:00,2000-01-12 08:31:30,0,0.986,0.014,0.0,WEAR
2000-01-12 08:31:30,2000-01-12 08:32:00,0,0.98,0.02,0.0,WEAR
2000-01-12 08:32:00,2000-01-12 08:32:30,0,0.986,0.014,0.0,WEAR
2000-01-12 08:32:30,2000-01-12 08:33:00,0,0.97,0.03,0.0,WEAR
2000-01-12 08:33:00,2000-01-12 08:33:30,0,0.997,0.003,0.0,WEAR
2000-01-12 08:33:30,2000-01-12 08:34:00,0,1.0,0.0,0.0,WEAR
2000-01-12 08:34:00,2000-01-12 08:34:30,0,1.0,0.0,0.0,WEAR
2000-01-12 08:34:30,2000-01-12 08:35:00,0,0.999,0.001,0.0,WEAR
2000-01-12 08:35:00,2000-01-12 08:35:30,0,0.998,0.002,0.0,WEAR
2000-01-12 08:35:30,2000-01-12 08:36:00,0,1.0,0.0,0.0,WEAR
2000-01-12 08:36:00,2000-01-12 08:36:30,0,0.974,0.026,0.0,WEAR
2000-01-12 08:36:30,2000-01-12 08:37:00,0,0.935,0.065,0.0,WEAR
2000-01-12 08:37:00,2000-01-12 08:37:30,0,0.981,0.019,0.0,WEAR
2000-01-12 08:37:30,2000-01-12 08:38:00,0,0.527,0.473,0.0,WEAR
2000-01-12 08:38:00,2000-01-12 08:38:30,0,0.999,0.001,0.0,WEAR
2000-01-12 08:38:30,2000-01-12 08:39:00,0,0.997,0.003,0.0,WEAR
2000-01-12 08:39:00,2000-01-12 08:39:30,0,0.999,0.001,0.0,WEAR
2000-01-12 08:39:30,2000-01-12 08:40:00,0,0.962,0.038,0.0,WEAR
2000-01-12 08:40:00,2000-01-12 08:40:30,0,0.532,0.468,0.0,WEAR
2000-01-12 08:40:30,2000-01-12 08:41:00,0,0.842,0.158,0.0,WEAR
2000-01-12 08:41:00,2000-01-12 08:41:30,0,0.923,0.077,0.0,WEAR
2000-01-12 08:41:30,2000-01-12 08:42:00,0,0.992,0.008,0.0,WEAR
2000-01-12 08:42:00,2000-01-12 08:42:30,1,0.43,0.57,0.0,SLEEP
2000-01-12 08:42:30,2000-01-12 08:43:00,0,0.991,0.009,0.0,WEAR
2000-01-12 08:43:00,2000-01-12 08:43:30,0,1.0,0.0,0.0,WEAR
2000-01-12 08:43:30,2000-01-12 08:44:00,0,0.984,0.016,0.0,WEAR
2000-01-12 08:44:00,2000-01-12 08:44:30,0,0.956,0.044,0.0,WEAR
2000-01-12 08:44:30,2000-01-12 08:45:00,0,0.985,0.015,0.0,WEAR
2000-01-12 08:45:00,2000-01-12 08:45:30,0,0.984,0.016,0.0,WEAR
2000-01-12 08:45:30,2000-01-12 08:46:00,0,0.994,0.006,0.0,WEAR
2000-01-12 08:46:00,2000-01-12 08:46:30,0,0.997,0.003,0.0,WEAR
2000-01-12 08:46:30,2000-01-12 08:47:00,0,1.0,0.0,0.0,WEAR
2000-01-12 08:47:00,2000-01-12 08:47:30,0,0.999,0.001,0.0,WEAR
2000-01-12 08:47:30,2000-01-12 08:48:00,0,0.998,0.002,0.0,WEAR
2000-01-12 08:48:00,2000-01-12 08:48:30,0,0.999,0.001,0.0,WEAR
2000-01-12 08:48:30,2000-01-12 08:49:00,0,0.971,0.029,0.0,WEAR
2000-01-12 08:49:00,2000-01-12 08:49:30,0,0.986,0.014,0.0,WEAR
2000-01-12 08:49:30,2000-01-12 08:50:00,0,1.0,0.0,0.0,WEAR
2000-01-12 08:50:00,2000-01-12 08:50:30,0,0.961,0.039,0.0,WEAR
2000-01-12 08:50:30,2000-01-12 08:51:00,0,0.999,0.001,0.0,WEAR
2000-01-12 08:51:00,2000-01-12 08:51:30,0,0.995,0.005,0.0,WEAR
2000-01-12 08:51:30,2000-01-12 08:52:00,0,0.994,0.006,0.0,WEAR
2000-01-12 08:52:00,2000-01-12 08:52:30,0,1.0,0.0,0.0,WEAR
2000-01-12 08:52:30,2000-01-12 08:53:00,0,0.992,0.008,0.0,WEAR
2000-01-12 08:53:00,2000-01-12 08:53:30,0,0.994,0.006,0.0,WEAR
2000-01-12 08:53:30,2000-01-12 08:54:00,0,0.995,0.005,0.0,WEAR
2000-01-12 08:54:00,2000-01-12 08:54:30,0,0.978,0.022,0.0,WEAR
2000-01-12 08:54:30,2000-01-12 08:55:00,0,0.997,0.003,0.0,WEAR
2000-01-12 08:55:00,2000-01-12 08:55:30,0,0.996,0.004,0.0,WEAR
2000-01-12 08:55:30,2000-01-12 08:56:00,0,0.999,0.001,0.0,WEAR
2000-01-12 08:56:00,2000-01-12 08:56:30,0,0.971,0.029,0.0,WEAR
2000-01-12 08:56:30,2000-01-12 08:57:00,0,0.933,0.067,0.0,WEAR
2000-01-12 08:57:00,2000-01-12 08:57:30,0,0.89,0.11,0.0,WEAR
2000-01-12 08:57:30,2000-01-12 08:58:00,0,0.99,0.01,0.0,WEAR
2000-01-12 08:58:00,2000-01-12 08:58:30,0,0.671,0.329,0.0,WEAR
2000-01-12 08:58:30,2000-01-12 08:59:00,0,0.655,0.345,0.0,WEAR
2000-01-12 08:59:00,2000-01-12 08:59:30,0,0.919,0.081,0.0,WEAR
2000-01-12 08:59:30,2000-01-12 09:00:00,0,0.999,0.001,0.0,WEAR
2000-01-12 09:00:00,2000-01-12 09:00:30,0,0.659,0.341,0.0,WEAR
2000-01-12 09:00:30,2000-01-12 09:01:00,0,0.999,0.001,0.0,WEAR
2000-01-12 09:01:00,2000-01-12 09:01:30,0,0.942,0.058,0.0,WEAR
2000-01-12 09:01:30,2000-01-12 09:02:00,0,0.937,0.063,0.0,WEAR
2000-01-12 09:02:00,2000-01-12 09:02:30,0,0.872,0.128,0.0,WEAR
2000-01-12 09:02:30,2000-01-12 09:03:00,0,0.992,0.008,0.0,WEAR
2000-01-12 09:03:00,2000-01-12 09:03:30,0,0.963,0.037,0.0,WEAR
2000-01-12 09:03:30,2000-01-12 09:04:00,0,0.977,0.023,0.0,WEAR
2000-01-12 09:04:00,2000-01-12 09:04:30,0,0.659,0.341,0.0,WEAR
2000-01-12 09:04:30,2000-01-12 09:05:00,0,0.88,0.12,0.0,WEAR
2000-01-12 09:05:00,2000-01-12 09:05:30,0,0.972,0.028,0.0,WEAR
2000-01-12 09:05:30,2000-01-12 09:06:00,0,0.93,0.07,0.0,WEAR
2000-01-12 09:06:00,2000-01-12 09:06:30,0,0.621,0.379,0.0,WEAR
2000-01-12 09:06:30,2000-01-12 09:07:00,0,0.958,0.042,0.0,WEAR
2000-01-12 09:07:00,2000-01-12 09:07:30,0,0.847,0.153,0.0,WEAR
2000-01-12 09:07:30,2000-01-12 09:08:00,0,0.838,0.162,0.0,WEAR
2000-01-12 09:08:00,2000-01-12 09:08:30,0,0.877,0.123,0.0,WEAR
2000-01-12 09:08:30,2000-01-12 09:09:00,0,0.783,0.217,0.0,WEAR
2000-01-12 09:09:00,2000-01-12 09:09:30,0,0.896,0.104,0.0,WEAR
2000-01-12 09:09:30,2000-01-12 09:10:00,0,0.937,0.063,0.0,WEAR
2000-01-12 09:10:00,2000-01-12 09:10:30,0,0.97,0.03,0.0,WEAR
2000-01-12 09:10:30,2000-01-12 09:11:00,0,1.0,0.0,0.0,WEAR
2000-01-12 09:11:00,2000-01-12 09:11:30,0,0.975,0.025,0.0,WEAR
2000-01-12 09:11:30,2000-01-12 09:12:00,0,0.99,0.01,0.0,WEAR
2000-01-12 09:12:00,2000-01-12 09:12:30,0,0.664,0.336,0.0,WEAR
2000-01-12 09:12:30,2000-01-12 09:13:00,0,0.998,0.002,0.0,WEAR
2000-01-12 09:13:00,2000-01-12 09:13:30,0,0.863,0.137,0.0,WEAR
2000-01-12 09:13:30,2000-01-12 09:14:00,0,0.929,0.071,0.0,WEAR
2000-01-12 09:14:00,2000-01-12 09:14:30,0,0.643,0.357,0.0,WEAR
2000-01-12 09:14:30,2000-01-12 09:15:00,0,0.993,0.007,0.0,WEAR
2000-01-12 09:15:00,2000-01-12 09:15:30,0,0.86,0.14,0.0,WEAR
2000-01-12 09:15:30,2000-01-12 09:16:00,0,0.996,0.004,0.0,WEAR
2000-01-12 09:16:00,2000-01-12 09:16:30,0,0.792,0.208,0.0,WEAR
2000-01-12 09:16:30,2000-01-12 09:17:00,0,0.971,0.029,0.0,WEAR
2000-01-12 09:17:00,2000-01-12 09:17:30,0,0.893,0.107,0.0,WEAR
2000-01-12 09:17:30,2000-01-12 09:18:00,0,0.987,0.013,0.0,WEAR
2000-01-12 09:18:00,2000-01-12 09:18:30,0,0.51,0.49,0.0,WEAR
2000-01-12 09:18:30,2000-01-12 09:19:00,0,0.854,0.146,0.0,WEAR
2000-01-12 09:19:00,2000-01-12 09:19:30,0,0.545,0.455,0.0,WEAR
2000-01-12 09:19:30,2000-01-12 09:20:00,0,0.99,0.01,0.0,WEAR
2000-01-12 09:20:00,2000-01-12 09:20:30,0,0.992,0.008,0.0,WEAR
2000-01-12 09:20:30,2000-01-12 09:21:00,0,0.937,0.063,0.0,WEAR
2000-01-12 09:21:00,2000-01-12 09:21:30,0,0.883,0.117,0.0,WEAR
2000-01-12 09:21:30,2000-01-12 09:22:00,0,0.926,0.074,0.0,WEAR
2000-01-12 09:22:00,2000-01-12 09:22:30,0,0.867,0.133,0.0,WEAR
2000-01-12 09:22:30,2000-01-12 09:23:00,0,0.998,0.002,0.0,WEAR
2000-01-12 09:23:00,2000-01-12 09:23:30,0,0.831,0.169,0.0,WEAR
2000-01-12 09:23:30,2000-01-12 09:24:00,0,1.0,0.0,0.0,WEAR
2000-01-12 09:24:00,2000-01-12 09:24:30,0,0.927,0.073,0.0,WEAR
2000-01-12 09:24:30,2000-01-12 09:25:00,0,0.815,0.185,0.0,WEAR
2000-01-12 09:25:00,2000-01-12 09:25:30,0,0.828,0.172,0.0,WEAR
2000-01-12 09:25:30,2000-01-12 09:26:00,0,0.76,0.24,0.0,WEAR
2000-01-12 09:26:00,2000-01-12 09:26:30,0,0.885,0.115,0.0,WEAR
2000-01-12 09:26:30,2000-01-12 09:27:00,0,0.985,0.015,0.0,WEAR
2000-01-12 09:27:00,2000-01-12 09:27:30,0,0.993,0.007,0.0,WEAR
2000-01-12 09:27:30,2000-01-12 09:28:00,0,0.784,0.216,0.0,WEAR
2000-01-12 09:28:00,2000-01-12 09:28:30,0,0.628,0.372,0.0,WEAR
2000-01-12 09:28:30,2000-01-12 09:29:00,0,0.952,0.048,0.0,WEAR
2000-01-12 09:29:00,2000-01-12 09:29:30,0,0.789,0.211,0.0,WEAR
2000-01-12 09:29:30,2000-01-12 09:30:00,0,0.999,0.001,0.0,WEAR
2000-01-12 09:30:00,2000-01-12 09:30:30,0,0.995,0.005,0.0,WEAR
2000-01-12 09:30:30,2000-01-12 09:31:00,0,0.942,0.058,0.0,WEAR
2000-01-12 09:31:00,2000-01-12 09:31:30,0,0.939,0.061,0.0,WEAR
2000-01-12 09:31:30,2000-01-12 09:32:00,1,0.49,0.51,0.0,SLEEP
2000-01-12 09:32:00,2000-01-12 09:32:30,0,0.594,0.406,0.0,WEAR
2000-01-12 09:32:30,2000-01-12 09:33:00,1,0.428,0.572,0.0,SLEEP
2000-01-12 09:33:00,2000-01-12 09:33:30,1,0.157,0.711,0.132,SLEEP
2000-01-12 09:33:30,2000-01-12 09:34:00,0,0.984,0.016,0.0,WEAR
2000-01-12 09:34:00,2000-01-12 09:34:30,0,0.992,0.008,0.0,WEAR
2000-01-12 09:34:30,2000-01-12 09:35:00,0,1.0,0.0,0.0,WEAR
2000-01-12 09:35:00,2000-01-12 09:35:30,0,0.983,0.017,0.0,WEAR
2000-01-12 09:35:30,2000-01-12 09:36:00,0,0.992,0.008,0.0,WEAR
2000-01-12 09:36:00,2000-01-12 09:36:30,0,0.949,0.051,0.0,WEAR
2000-01-12 09:36:30,2000-01-12 09:37:00,1,0.384,0.616,0.0,SLEEP
2000-01-12 09:37:00,2000-01-12 09:37:30,0,0.999,0.001,0.0,WEAR
2000-01-12 09:37:30,2000-01-12 09:38:00,0,0.972,0.028,0.0,WEAR
2000-01-12 09:38:00,2000-01-12 09:38:30,0,0.841,0.159,0.0,WEAR
2000-01-12 09:38:30,2000-01-12 09:39:00,0,0.756,0.244,0.0,WEAR
2000-01-12 09:39:00,2000-01-12 09:39:30,0,1.0,0.0,0.0,WEAR
2000-01-12 09:39:30,2000-01-12 09:40:00,0,0.954,0.046,0.0,WEAR
2000-01-12 09:40:00,2000-01-12 09:40:30,1,0.264,0.736,0.0,SLEEP
2000-01-12 09:40:30,2000-01-12 09:41:00,0,0.998,0.002,0.0,WEAR
2000-01-12 09:41:00,2000-01-12 09:41:30,0,1.0,0.0,0.0,WEAR
2000-01-12 09:41:30,2000-01-12 09:42:00,0,0.995,0.005,0.0,WEAR
2000-01-12 09:42:00,2000-01-12 09:42:30,0,0.863,0.137,0.0,WEAR
2000-01-12 09:42:30,2000-01-12 09:43:00,1,0.378,0.622,0.0,SLEEP
2000-01-12 09:43:00,2000-01-12 09:43:30,0,0.999,0.001,0.0,WEAR
2000-01-12 09:43:30,2000-01-12 09:44:00,0,0.999,0.001,0.0,WEAR
2000-01-12 09:44:00,2000-01-12 09:44:30,1,0.285,0.715,0.0,SLEEP
2000-01-12 09:44:30,2000-01-12 09:45:00,0,0.538,0.462,0.0,WEAR
2000-01-12 09:45:00,2000-01-12 09:45:30,1,0.396,0.604,0.0,SLEEP
2000-01-12 09:45:30,2000-01-12 09:46:00,1,0.486,0.514,0.0,SLEEP
2000-01-12 09:46:00,2000-01-12 09:46:30,1,0.283,0.717,0.0,SLEEP
2000-01-12 09:46:30,2000-01-12 09:47:00,1,0.186,0.779,0.035,SLEEP
2000-01-12 09:47:00,2000-01-12 09:47:30,1,0.404,0.596,0.0,SLEEP
2000-01-12 09:47:30,2000-01-12 09:48:00,1,0.317,0.683,0.0,SLEEP
2000-01-12 09:48:00,2000-01-12 09:48:30,1,0.346,0.654,0.0,SLEEP
2000-01-12 09:48:30,2000-01-12 09:49:00,0,0.559,0.441,0.0,WEAR
2000-01-12 09:49:00,2000-01-12 09:49:30,1,0.092,0.462,0.447,SLEEP
2000-01-12 09:49:30,2000-01-12 09:50:00,1,0.358,0.642,0.0,SLEEP
2000-01-12 09:50:00,2000-01-12 09:50:30,1,0.35,0.65,0.0,SLEEP
2000-01-12 09:50:30,2000-01-12 09:51:00,1,0.335,0.665,0.0,SLEEP
2000-01-12 09:51:00,2000-01-12 09:51:30,1,0.487,0.513,0.0,SLEEP
2000-01-12 09:51:30,2000-01-12 09:52:00,1,0.34,0.66,0.0,SLEEP
2000-01-12 09:52:00,2000-01-12 09:52:30,1,0.294,0.706,0.0,SLEEP
2000-01-12 09:52:30,2000-01-12 09:53:00,1,0.491,0.509,0.0,SLEEP
2000-01-12 09:53:00,2000-01-12 09:53:30,1,0.384,0.616,0.0,SLEEP
2000-01-12 09:53:30,2000-01-12 09:54:00,0,0.994,0.006,0.0,WEAR
2000-01-12 09:54:00,2000-01-12 09:54:30,0,0.966,0.034,0.0,WEAR
2000-01-12 09:54:30,2000-01-12 09:55:00,0,0.911,0.089,0.0,WEAR
2000-01-12 09:55:00,2000-01-12 09:55:30,0,0.873,0.127,0.0,WEAR
2000-01-12 09:55:30,2000-01-12 09:56:00,0,0.953,0.047,0.0,WEAR
2000-01-12 09:56:00,2000-01-12 09:56:30,0,0.902,0.098,0.0,WEAR
2000-01-12 09:56:30,2000-01-12 09:57:00,0,0.941,0.059,0.0,WEAR
2000-01-12 09:57:00,2000-01-12 09:57:30,0,0.917,0.083,0.0,WEAR
2000-01-12 09:57:30,2000-01-12 09:58:00,0,0.96,0.04,0.0,WEAR
2000-01-12 09:58:00,2000-01-12 09:58:30,0,1.0,0.0,0.0,WEAR
2000-01-12 09:58:30,2000-01-12 09:59:00,0,1.0,0.0,0.0,WEAR
2000-01-12 09:59:00,2000-01-12 09:59:30,0,0.971,0.029,0.0,WEAR
2000-01-12 09:59:30,2000-01-12 10:00:00,0,0.944,0.056,0.0,WEAR
2000-01-12 10:00:00,2000-01-12 10:00:30,0,1.0,0.0,0.0,WEAR
2000-01-12 10:00:30,2000-01-12 10:01:00,0,1.0,0.0,0.0,WEAR
2000-01-12 10:01:00,2000-01-12 10:01:30,0,0.893,0.107,0.0,WEAR
2000-01-12 10:01:30,2000-01-12 10:02:00,0,1.0,0.0,0.0,WEAR
2000-01-12 10:02:00,2000-01-12 10:02:30,0,0.98,0.02,0.0,WEAR
2000-01-12 10:02:30,2000-01-12 10:03:00,0,0.918,0.082,0.0,WEAR
2000-01-12 10:03:00,2000-01-12 10:03:30,0,0.826,0.174,0.0,WEAR
2000-01-12 10:03:30,2000-01-12 10:04:00,0,1.0,0.0,0.0,WEAR
2000-01-12 10:04:00,2000-01-12 10:04:30,0,0.949,0.051,0.0,WEAR
2000-01-12 10:04:30,2000-01-12 10:05:00,0,1.0,0.0,0.0,WEAR
2000-01-12 10:05:00,2000-01-12 10:05:30,0,0.999,0.001,0.0,WEAR
2000-01-12 10:05:30,2000-01-12 10:06:00,0,1.0,0.0,0.0,WEAR
2000-01-12 10:06:00,2000-01-12 10:06:30,0,1.0,0.0,0.0,WEAR
2000-01-12 10:06:30,2000-01-12 10:07:00,0,0.995,0.005,0.0,WEAR
2000-01-12 10:07:00,2000-01-12 10:07:30,0,0.999,0.001,0.0,WEAR
2000-01-12 10:07:30,2000-01-12 10:08:00,0,1.0,0.0,0.0,WEAR
2000-01-12 10:08:00,2000-01-12 10:08:30,0,1.0,0.0,0.0,WEAR
2000-01-12 10:08:30,2000-01-12 10:09:00,0,1.0,0.0,0.0,WEAR
2000-01-12 10:09:00,2000-01-12 10:09:30,0,0.999,0.001,0.0,WEAR
2000-01-12 10:09:30,2000-01-12 10:10:00,0,0.996,0.004,0.0,WEAR
2000-01-12 10:10:00,2000-01-12 10:10:30,0,0.988,0.012,0.0,WEAR
2000-01-12 10:10:30,2000-01-12 10:11:00,0,0.962,0.038,0.0,WEAR
2000-01-12 10:11:00,2000-01-12 10:11:30,0,0.993,0.007,0.0,WEAR
2000-01-12 10:11:30,2000-01-12 10:12:00,1,0.459,0.541,0.0,SLEEP
2000-01-12 10:12:00,2000-01-12 10:12:30,0,0.988,0.012,0.0,WEAR
2000-01-12 10:12:30,2000-01-12 10:13:00,0,0.999,0.001,0.0,WEAR
2000-01-12 10:13:00,2000-01-12 10:13:30,1,0.381,0.619,0.0,SLEEP
2000-01-12 10:13:30,2000-01-12 10:14:00,0,0.991,0.009,0.0,WEAR
2000-01-12 10:14:00,2000-01-12 10:14:30,0,0.997,0.003,0.0,WEAR
2000-01-12 10:14:30,2000-01-12 10:15:00,0,0.996,0.004,0.0,WEAR
2000-01-12 10:15:00,2000-01-12 10:15:30,0,0.667,0.333,0.0,WEAR
2000-01-12 10:15:30,2000-01-12 10:16:00,0,0.52,0.48,0.0,WEAR
2000-01-12 10:16:00,2000-01-12 10:16:30,0,0.996,0.004,0.0,WEAR
2000-01-12 10:16:30,2000-01-12 10:17:00,0,0.998,0.002,0.0,WEAR
2000-01-12 10:17:00,2000-01-12 10:17:30,0,0.964,0.036,0.0,WEAR
2000-01-12 10:17:30,2000-01-12 10:18:00,0,0.915,0.085,0.0,WEAR
2000-01-12 10:18:00,2000-01-12 10:18:30,0,0.802,0.198,0.0,WEAR
2000-01-12 10:18:30,2000-01-12 10:19:00,0,0.871,0.129,0.0,WEAR
2000-01-12 10:19:00,2000-01-12 10:19:30,0,0.78,0.22,0.0,WEAR
2000-01-12 10:19:30,2000-01-12 10:20:00,0,0.835,0.165,0.0,WEAR
2000-01-12 10:20:00,2000-01-12 10:20:30,0,0.855,0.145,0.0,WEAR
2000-01-12 10:20:30,2000-01-12 10:21:00,0,0.919,0.081,0.0,WEAR
2000-01-12 10:21:00,2000-01-12 10:21:30,0,0.794,0.206,0.0,WEAR
2000-01-12 10:21:30,2000-01-12 10:22:00,0,0.506,0.494,0.0,WEAR
2000-01-12 10:22:00,2000-01-12 10:22:30,0,1.0,0.0,0.0,WEAR
2000-01-12 10:22:30,2000-01-12 10:23:00,0,0.983,0.017,0.0,WEAR
2000-01-12 10:23:00,2000-01-12 10:23:30,0,0.949,0.051,0.0,WEAR
2000-01-12 10:23:30,2000-01-12 10:24:00,0,0.99,0.01,0.0,WEAR
2000-01-12 10:24:00,2000-01-12 10:24:30,0,0.527,0.473,0.0,WEAR
2000-01-12 10:24:30,2000-01-12 10:25:00,0,1.0,0.0,0.0,WEAR
2000-01-12 10:25:00,2000-01-12 10:25:30,0,0.998,0.002,0.0,WEAR
2000-01-12 10:25:30,2000-01-12 10:26:00,0,0.999,0.001,0.0,WEAR
2000-01-12 10:26:00,2000-01-12 10:26:30,0,0.968,0.032,0.0,WEAR
2000-01-12 10:26:30,2000-01-12 10:27:00,0,0.982,0.018,0.0,WEAR
2000-01-12 10:27:00,2000-01-12 10:27:30,0,0.993,0.007,0.0,WEAR
2000-01-12 10:27:30,2000-01-12 10:28:00,0,0.976,0.024,0.0,WEAR
2000-01-12 10:28:00,2000-01-12 10:28:30,0,0.962,0.038,0.0,WEAR
2000-01-12 10:28:30,2000-01-12 10:29:00,0,0.996,0.004,0.0,WEAR
2000-01-12 10:29:00,2000-01-12 10:29:30,0,0.865,0.135,0.0,WEAR
2000-01-12 10:29:30,2000-01-12 10:30:00,0,0.651,0.349,0.0,WEAR
2000-01-12 10:30:00,2000-01-12 10:30:30,0,0.999,0.001,0.0,WEAR
2000-01-12 10:30:30,2000-01-12 10:31:00,0,0.989,0.011,0.0,WEAR
2000-01-12 10:31:00,2000-01-12 10:31:30,0,0.998,0.002,0.0,WEAR
2000-01-12 10:31:30,2000-01-12 10:32:00,0,0.989,0.011,0.0,WEAR
2000-01-12 10:32:00,2000-01-12 10:32:30,0,1.0,0.0,0.0,WEAR
2000-01-12 10:32:30,2000-01-12 10:33:00,0,0.999,0.001,0.0,WEAR
2000-01-12 10:33:00,2000-01-12 10:33:30,0,0.995,0.005,0.0,WEAR
2000-01-12 10:33:30,2000-01-12 10:34:00,0,1.0,0.0,0.0,WEAR
2000-01-12 10:34:00,2000-01-12 10:34:30,0,0.926,0.074,0.0,WEAR
2000-01-12 10:34:30,2000-01-12 10:35:00,0,1.0,0.0,0.0,WEAR
2000-01-12 10:35:00,2000-01-12 10:35:30,0,1.0,0.0,0.0,WEAR
2000-01-12 10:35:30,2000-01-12 10:36:00,0,1.0,0.0,0.0,WEAR
2000-01-12 10:36:00,2000-01-12 10:36:30,0,0.999,0.001,0.0,WEAR
2000-01-12 10:36:30,2000-01-12 10:37:00,0,1.0,0.0,0.0,WEAR
2000-01-12 10:37:00,2000-01-12 10:37:30,0,0.967,0.033,0.0,WEAR
2000-01-12 10:37:30,2000-01-12 10:38:00,0,1.0,0.0,0.0,WEAR
2000-01-12 10:38:00,2000-01-12 10:38:30,0,1.0,0.0,0.0,WEAR
2000-01-12 10:38:30,2000-01-12 10:39:00,0,0.999,0.001,0.0,WEAR
2000-01-12 10:39:00,2000-01-12 10:39:30,0,1.0,0.0,0.0,WEAR
2000-01-12 10:39:30,2000-01-12 10:40:00,0,1.0,0.0,0.0,WEAR
2000-01-12 10:40:00,2000-01-12 10:40:30,0,0.995,0.005,0.0,WEAR
2000-01-12 10:40:30,2000-01-12 10:41:00,0,1.0,0.0,0.0,WEAR
2000-01-12 10:41:00,2000-01-12 10:41:30,0,1.0,0.0,0.0,WEAR
2000-01-12 10:41:30,2000-01-12 10:42:00,0,1.0,0.0,0.0,WEAR
2000-01-12 10:42:00,2000-01-12 10:42:30,0,1.0,0.0,0.0,WEAR
2000-01-12 10:42:30,2000-01-12 10:43:00,0,1.0,0.0,0.0,WEAR
2000-01-12 10:43:00,2000-01-12 10:43:30,0,0.997,0.003,0.0,WEAR
2000-01-12 10:43:30,2000-01-12 10:44:00,0,1.0,0.0,0.0,WEAR
2000-01-12 10:44:00,2000-01-12 10:44:30,0,0.998,0.002,0.0,WEAR
2000-01-12 10:44:30,2000-01-12 10:45:00,0,0.995,0.005,0.0,WEAR
2000-01-12 10:45:00,2000-01-12 10:45:30,0,0.999,0.001,0.0,WEAR
2000-01-12 10:45:30,2000-01-12 10:46:00,0,0.997,0.003,0.0,WEAR
2000-01-12 10:46:00,2000-01-12 10:46:30,0,0.999,0.001,0.0,WEAR
2000-01-12 10:46:30,2000-01-12 10:47:00,0,0.996,0.004,0.0,WEAR
2000-01-12 10:47:00,2000-01-12 10:47:30,0,0.97,0.03,0.0,WEAR
2000-01-12 10:47:30,2000-01-12 10:48:00,0,0.975,0.025,0.0,WEAR
2000-01-12 10:48:00,2000-01-12 10:48:30,0,0.979,0.021,0.0,WEAR
2000-01-12 10:48:30,2000-01-12 10:49:00,0,0.976,0.024,0.0,WEAR
2000-01-12 10:49:00,2000-01-12 10:49:30,0,0.986,0.014,0.0,WEAR
2000-01-12 10:49:30,2000-01-12 10:50:00,0,0.995,0.005,0.0,WEAR
2000-01-12 10:50:00,2000-01-12 10:50:30,0,1.0,0.0,0.0,WEAR
2000-01-12 10:50:30,2000-01-12 10:51:00,0,1.0,0.0,0.0,WEAR
2000-01-12 10:51:00,2000-01-12 10:51:30,0,1.0,0.0,0.0,WEAR
2000-01-12 10:51:30,2000-01-12 10:52:00,0,0.992,0.008,0.0,WEAR
2000-01-12 10:52:00,2000-01-12 10:52:30,0,1.0,0.0,0.0,WEAR
2000-01-12 10:52:30,2000-01-12 10:53:00,0,1.0,0.0,0.0,WEAR
2000-01-12 10:53:00,2000-01-12 10:53:30,0,0.999,0.001,0.0,WEAR
2000-01-12 10:53:30,2000-01-12 10:54:00,0,1.0,0.0,0.0,WEAR
2000-01-12 10:54:00,2000-01-12 10:54:30,0,1.0,0.0,0.0,WEAR
2000-01-12 10:54:30,2000-01-12 10:55:00,0,1.0,0.0,0.0,WEAR
2000-01-12 10:55:00,2000-01-12 10:55:30,0,1.0,0.0,0.0,WEAR
2000-01-12 10:55:30,2000-01-12 10:56:00,0,1.0,0.0,0.0,WEAR
2000-01-12 10:56:00,2000-01-12 10:56:30,0,1.0,0.0,0.0,WEAR
2000-01-12 10:56:30,2000-01-12 10:57:00,0,1.0,0.0,0.0,WEAR
2000-01-12 10:57:00,2000-01-12 10:57:30,0,1.0,0.0,0.0,WEAR
2000-01-12 10:57:30,2000-01-12 10:58:00,0,1.0,0.0,0.0,WEAR
2000-01-12 10:58:00,2000-01-12 10:58:30,0,0.985,0.015,0.0,WEAR
2000-01-12 10:58:30,2000-01-12 10:59:00,0,1.0,0.0,0.0,WEAR
2000-01-12 10:59:00,2000-01-12 10:59:30,0,1.0,0.0,0.0,WEAR
2000-01-12 10:59:30,2000-01-12 11:00:00,0,1.0,0.0,0.0,WEAR
2000-01-12 11:00:00,2000-01-12 11:00:30,0,0.994,0.006,0.0,WEAR
2000-01-12 11:00:30,2000-01-12 11:01:00,0,0.98,0.02,0.0,WEAR
2000-01-12 11:01:00,2000-01-12 11:01:30,0,1.0,0.0,0.0,WEAR
2000-01-12 11:01:30,2000-01-12 11:02:00,0,1.0,0.0,0.0,WEAR
2000-01-12 11:02:00,2000-01-12 11:02:30,0,1.0,0.0,0.0,WEAR
2000-01-12 11:02:30,2000-01-12 11:03:00,0,1.0,0.0,0.0,WEAR
2000-01-12 11:03:00,2000-01-12 11:03:30,0,1.0,0.0,0.0,WEAR
2000-01-12 11:03:30,2000-01-12 11:04:00,0,0.998,0.002,0.0,WEAR
2000-01-12 11:04:00,2000-01-12 11:04:30,0,1.0,0.0,0.0,WEAR
2000-01-12 11:04:30,2000-01-12 11:05:00,0,1.0,0.0,0.0,WEAR
2000-01-12 11:05:00,2000-01-12 11:05:30,0,0.999,0.001,0.0,WEAR
2000-01-12 11:05:30,2000-01-12 11:06:00,0,0.999,0.001,0.0,WEAR
2000-01-12 11:06:00,2000-01-12 11:06:30,0,1.0,0.0,0.0,WEAR
2000-01-12 11:06:30,2000-01-12 11:07:00,0,1.0,0.0,0.0,WEAR
2000-01-12 11:07:00,2000-01-12 11:07:30,0,0.976,0.024,0.0,WEAR
2000-01-12 11:07:30,2000-01-12 11:08:00,0,1.0,0.0,0.0,WEAR
2000-01-12 11:08:00,2000-01-12 11:08:30,0,0.953,0.047,0.0,WEAR
2000-01-12 11:08:30,2000-01-12 11:09:00,0,0.989,0.011,0.0,WEAR
2000-01-12 11:09:00,2000-01-12 11:09:30,0,1.0,0.0,0.0,WEAR
2000-01-12 11:09:30,2000-01-12 11:10:00,0,0.998,0.002,0.0,WEAR
2000-01-12 11:10:00,2000-01-12 11:10:30,0,0.949,0.051,0.0,WEAR
2000-01-12 11:10:30,2000-01-12 11:11:00,0,1.0,0.0,0.0,WEAR
2000-01-12 11:11:00,2000-01-12 11:11:30,0,0.999,0.001,0.0,WEAR
2000-01-12 11:11:30,2000-01-12 11:12:00,0,1.0,0.0,0.0,WEAR
2000-01-12 11:12:00,2000-01-12 11:12:30,0,1.0,0.0,0.0,WEAR
2000-01-12 11:12:30,2000-01-12 11:13:00,0,0.87,0.13,0.0,WEAR
2000-01-12 11:13:00,2000-01-12 11:13:30,0,0.957,0.043,0.0,WEAR
2000-01-12 11:13:30,2000-01-12 11:14:00,0,0.986,0.014,0.0,WEAR
2000-01-12 11:14:00,2000-01-12 11:14:30,0,0.984,0.016,0.0,WEAR
2000-01-12 11:14:30,2000-01-12 11:15:00,0,1.0,0.0,0.0,WEAR
2000-01-12 11:15:00,2000-01-12 11:15:30,0,0.963,0.037,0.0,WEAR
2000-01-12 11:15:30,2000-01-12 11:16:00,0,0.658,0.342,0.0,WEAR
2000-01-12 11:16:00,2000-01-12 11:16:30,2,0.06,0.374,0.566,NON-WEAR
2000-01-12 11:16:30,2000-01-12 11:17:00,1,0.391,0.609,0.0,SLEEP
2000-01-12 11:17:00,2000-01-12 11:17:30,1,0.167,0.738,0.095,SLEEP
2000-01-12 11:17:30,2000-01-12 11:18:00,0,0.996,0.004,0.0,WEAR
2000-01-12 11:18:00,2000-01-12 11:18:30,0,0.797,0.203,0.0,WEAR
2000-01-12 11:18:30,2000-01-12 11:19:00,0,0.891,0.109,0.0,WEAR
2000-01-12 11:19:00,2000-01-12 11:19:30,1,0.258,0.742,0.0,SLEEP
2000-01-12 11:19:30,2000-01-12 11:20:00,2,0.06,0.374,0.566,NON-WEAR
2000-01-12 11:20:00,2000-01-12 11:20:30,0,0.987,0.013,0.0,WEAR
2000-01-12 11:20:30,2000-01-12 11:21:00,0,0.998,0.002,0.0,WEAR
2000-01-12 11:21:00,2000-01-12 11:21:30,0,0.947,0.053,0.0,WEAR
2000-01-12 11:21:30,2000-01-12 11:22:00,0,0.996,0.004,0.0,WEAR
2000-01-12 11:22:00,2000-01-12 11:22:30,1,0.446,0.554,0.0,SLEEP
2000-01-12 11:22:30,2000-01-12 11:23:00,0,0.987,0.013,0.0,WEAR
2000-01-12 11:23:00,2000-01-12 11:23:30,0,0.922,0.078,0.0,WEAR
2000-01-12 11:23:30,2000-01-12 11:24:00,0,0.998,0.002,0.0,WEAR
2000-01-12 11:24:00,2000-01-12 11:24:30,0,0.999,0.001,0.0,WEAR
2000-01-12 11:24:30,2000-01-12 11:25:00,0,0.991,0.009,0.0,WEAR
2000-01-12 11:25:00,2000-01-12 11:25:30,0,0.994,0.006,0.0,WEAR
2000-01-12 11:25:30,2000-01-12 11:26:00,0,0.99,0.01,0.0,WEAR
2000-01-12 11:26:00,2000-01-12 11:26:30,0,0.998,0.002,0.0,WEAR
2000-01-12 11:26:30,2000-01-12 11:27:00,0,0.937,0.063,0.0,WEAR
2000-01-12 11:27:00,2000-01-12 11:27:30,0,0.999,0.001,0.0,WEAR
2000-01-12 11:27:30,2000-01-12 11:28:00,0,1.0,0.0,0.0,WEAR
2000-01-12 11:28:00,2000-01-12 11:28:30,0,0.992,0.008,0.0,WEAR
2000-01-12 11:28:30,2000-01-12 11:29:00,0,0.959,0.041,0.0,WEAR
2000-01-12 11:29:00,2000-01-12 11:29:30,0,0.996,0.004,0.0,WEAR
2000-01-12 11:29:30,2000-01-12 11:30:00,0,0.964,0.036,0.0,WEAR
2000-01-12 11:30:00,2000-01-12 11:30:30,0,0.997,0.003,0.0,WEAR
2000-01-12 11:30:30,2000-01-12 11:31:00,0,0.973,0.027,0.0,WEAR
2000-01-12 11:31:00,2000-01-12 11:31:30,0,0.848,0.152,0.0,WEAR
2000-01-12 11:31:30,2000-01-12 11:32:00,0,0.954,0.046,0.0,WEAR
2000-01-12 11:32:00,2000-01-12 11:32:30,0,0.999,0.001,0.0,WEAR
2000-01-12 11:32:30,2000-01-12 11:33:00,0,0.909,0.091,0.0,WEAR
2000-01-12 11:33:00,2000-01-12 11:33:30,1,0.215,0.785,0.0,SLEEP
2000-01-12 11:33:30,2000-01-12 11:34:00,0,0.999,0.001,0.0,WEAR
2000-01-12 11:34:00,2000-01-12 11:34:30,0,0.988,0.012,0.0,WEAR
2000-01-12 11:34:30,2000-01-12 11:35:00,0,0.865,0.135,0.0,WEAR
2000-01-12 11:35:00,2000-01-12 11:35:30,0,0.997,0.003,0.0,WEAR
2000-01-12 11:35:30,2000-01-12 11:36:00,0,0.963,0.037,0.0,WEAR
2000-01-12 11:36:00,2000-01-12 11:36:30,0,0.865,0.135,0.0,WEAR
2000-01-12 11:36:30,2000-01-12 11:37:00,0,1.0,0.0,0.0,WEAR
2000-01-12 11:37:00,2000-01-12 11:37:30,0,1.0,0.0,0.0,WEAR
2000-01-12 11:37:30,2000-01-12 11:38:00,0,0.994,0.006,0.0,WEAR
2000-01-12 11:38:00,2000-01-12 11:38:30,0,0.984,0.016,0.0,WEAR
2000-01-12 11:38:30,2000-01-12 11:39:00,0,0.952,0.048,0.0,WEAR
2000-01-12 11:39:00,2000-01-12 11:39:30,0,0.959,0.041,0.0,WEAR
2000-01-12 11:39:30,2000-01-12 11:40:00,0,0.995,0.005,0.0,WEAR
2000-01-12 11:40:00,2000-01-12 11:40:30,0,0.988,0.012,0.0,WEAR
2000-01-12 11:40:30,2000-01-12 11:41:00,1,0.433,0.567,0.0,SLEEP
2000-01-12 11:41:00,2000-01-12 11:41:30,0,0.738,0.262,0.0,WEAR
2000-01-12 11:41:30,2000-01-12 11:42:00,0,0.914,0.086,0.0,WEAR
2000-01-12 11:42:00,2000-01-12 11:42:30,0,0.986,0.014,0.0,WEAR
2000-01-12 11:42:30,2000-01-12 11:43:00,0,0.98,0.02,0.0,WEAR
2000-01-12 11:43:00,2000-01-12 11:43:30,0,0.638,0.362,0.0,WEAR
2000-01-12 11:43:30,2000-01-12 11:44:00,0,0.998,0.002,0.0,WEAR
2000-01-12 11:44:00,2000-01-12 11:44:30,0,0.986,0.014,0.0,WEAR
2000-01-12 11:44:30,2000-01-12 11:45:00,0,0.964,0.036,0.0,WEAR
2000-01-12 11:45:00,2000-01-12 11:45:30,0,0.944,0.056,0.0,WEAR
2000-01-12 11:45:30,2000-01-12 11:46:00,1,0.268,0.732,0.0,SLEEP
2000-01-12 11:46:00,2000-01-12 11:46:30,0,0.808,0.192,0.0,WEAR
2000-01-12 11:46:30,2000-01-12 11:47:00,0,0.843,0.157,0.0,WEAR
2000-01-12 11:47:00,2000-01-12 11:47:30,0,0.885,0.115,0.0,WEAR
2000-01-12 11:47:30,2000-01-12 11:48:00,0,0.937,0.063,0.0,WEAR
2000-01-12 11:48:00,2000-01-12 11:48:30,0,0.956,0.044,0.0,WEAR
2000-01-12 11:48:30,2000-01-12 11:49:00,0,0.955,0.045,0.0,WEAR
2000-01-12 11:49:00,2000-01-12 11:49:30,0,0.873,0.127,0.0,WEAR
2000-01-12 11:49:30,2000-01-12 11:50:00,0,0.735,0.265,0.0,WEAR
2000-01-12 11:50:00,2000-01-12 11:50:30,0,0.889,0.111,0.0,WEAR
2000-01-12 11:50:30,2000-01-12 11:51:00,0,0.926,0.074,0.0,WEAR
2000-01-12 11:51:00,2000-01-12 11:51:30,0,0.962,0.038,0.0,WEAR
2000-01-12 11:51:30,2000-01-12 11:52:00,0,0.941,0.059,0.0,WEAR
2000-01-12 11:52:00,2000-01-12 11:52:30,0,0.921,0.079,0.0,WEAR
2000-01-12 11:52:30,2000-01-12 11:53:00,1,0.436,0.564,0.0,SLEEP
2000-01-12 11:53:00,2000-01-12 11:53:30,0,0.93,0.07,0.0,WEAR
2000-01-12 11:53:30,2000-01-12 11:54:00,0,0.607,0.393,0.0,WEAR
2000-01-12 11:54:00,2000-01-12 11:54:30,1,0.351,0.649,0.0,SLEEP
2000-01-12 11:54:30,2000-01-12 11:55:00,1,0.391,0.609,0.0,SLEEP
2000-01-12 11:55:00,2000-01-12 11:55:30,1,0.372,0.628,0.0,SLEEP
2000-01-12 11:55:30,2000-01-12 11:56:00,0,0.709,0.291,0.0,WEAR
2000-01-12 11:56:00,2000-01-12 11:56:30,0,0.857,0.143,0.0,WEAR
2000-01-12 11:56:30,2000-01-12 11:57:00,0,0.563,0.437,0.0,WEAR
2000-01-12 11:57:00,2000-01-12 11:57:30,0,0.934,0.066,0.0,WEAR
2000-01-12 11:57:30,2000-01-12 11:58:00,0,0.847,0.153,0.0,WEAR
2000-01-12 11:58:00,2000-01-12 11:58:30,0,0.892,0.108,0.0,WEAR
2000-01-12 11:58:30,2000-01-12 11:59:00,0,0.938,0.062,0.0,WEAR
2000-01-12 11:59:00,2000-01-12 11:59:30,0,0.64,0.36,0.0,WEAR
2000-01-12 11:59:30,2000-01-12 12:00:00,0,0.948,0.052,0.0,WEAR
2000-01-12 12:00:00,2000-01-12 12:00:30,0,0.68,0.32,0.0,WEAR
2000-01-12 12:00:30,2000-01-12 12:01:00,0,0.89,0.11,0.0,WEAR
2000-01-12 12:01:00,2000-01-12 12:01:30,0,0.917,0.083,0.0,WEAR
2000-01-12 12:01:30,2000-01-12 12:02:00,0,0.786,0.214,0.0,WEAR
2000-01-12 12:02:00,2000-01-12 12:02:30,1,0.313,0.687,0.0,SLEEP
2000-01-12 12:02:30,2000-01-12 12:03:00,0,0.949,0.051,0.0,WEAR
2000-01-12 12:03:00,2000-01-12 12:03:30,1,0.301,0.699,0.0,SLEEP
2000-01-12 12:03:30,2000-01-12 12:04:00,0,0.641,0.359,0.0,WEAR
2000-01-12 12:04:00,2000-01-12 12:04:30,1,0.394,0.606,0.0,SLEEP
2000-01-12 12:04:30,2000-01-12 12:05:00,0,0.701,0.299,0.0,WEAR
2000-01-12 12:05:00,2000-01-12 12:05:30,0,0.977,0.023,0.0,WEAR
2000-01-12 12:05:30,2000-01-12 12:06:00,0,0.554,0.446,0.0,WEAR
2000-01-12 12:06:00,2000-01-12 12:06:30,0,1.0,0.0,0.0,WEAR
2000-01-12 12:06:30,2000-01-12 12:07:00,1,0.347,0.653,0.0,SLEEP
2000-01-12 12:07:00,2000-01-12 12:07:30,1,0.339,0.661,0.0,SLEEP
2000-01-12 12:07:30,2000-01-12 12:08:00,1,0.421,0.579,0.0,SLEEP
2000-01-12 12:08:00,2000-01-12 12:08:30,0,0.561,0.439,0.0,WEAR
2000-01-12 12:08:30,2000-01-12 12:09:00,0,0.642,0.358,0.0,WEAR
2000-01-12 12:09:00,2000-01-12 12:09:30,0,0.721,0.279,0.0,WEAR
2000-01-12 12:09:30,2000-01-12 12:10:00,0,0.748,0.252,0.0,WEAR
2000-01-12 12:10:00,2000-01-12 12:10:30,0,0.691,0.309,0.0,WEAR
2000-01-12 12:10:30,2000-01-12 12:11:00,0,0.988,0.012,0.0,WEAR
2000-01-12 12:11:00,2000-01-12 12:11:30,0,0.957,0.043,0.0,WEAR
2000-01-12 12:11:30,2000-01-12 12:12:00,0,0.82,0.18,0.0,WEAR
2000-01-12 12:12:00,2000-01-12 12:12:30,0,0.85,0.15,0.0,WEAR
2000-01-12 12:12:30,2000-01-12 12:13:00,0,0.85,0.15,0.0,WEAR
2000-01-12 12:13:00,2000-01-12 12:13:30,0,0.99,0.01,0.0,WEAR
2000-01-12 12:13:30,2000-01-12 12:14:00,0,0.941,0.059,0.0,WEAR
2000-01-12 12:14:00,2000-01-12 12:14:30,0,0.956,0.044,0.0,WEAR
2000-01-12 12:14:30,2000-01-12 12:15:00,0,0.985,0.015,0.0,WEAR
2000-01-12 12:15:00,2000-01-12 12:15:30,0,0.969,0.031,0.0,WEAR
2000-01-12 12:15:30,2000-01-12 12:16:00,0,0.644,0.356,0.0,WEAR
2000-01-12 12:16:00,2000-01-12 12:16:30,1,0.445,0.555,0.0,SLEEP
2000-01-12 12:16:30,2000-01-12 12:17:00,1,0.493,0.507,0.0,SLEEP
2000-01-12 12:17:00,2000-01-12 12:17:30,0,0.92,0.08,0.0,WEAR
2000-01-12 12:17:30,2000-01-12 12:18:00,0,0.997,0.003,0.0,WEAR
2000-01-12 12:18:00,2000-01-12 12:18:30,0,1.0,0.0,0.0,WEAR
2000-01-12 12:18:30,2000-01-12 12:19:00,0,0.983,0.017,0.0,WEAR
2000-01-12 12:19:00,2000-01-12 12:19:30,0,0.694,0.306,0.0,WEAR
2000-01-12 12:19:30,2000-01-12 12:20:00,0,0.952,0.048,0.0,WEAR
2000-01-12 12:20:00,2000-01-12 12:20:30,0,0.938,0.062,0.0,WEAR
2000-01-12 12:20:30,2000-01-12 12:21:00,0,0.764,0.236,0.0,WEAR
2000-01-12 12:21:00,2000-01-12 12:21:30,0,0.999,0.001,0.0,WEAR
2000-01-12 12:21:30,2000-01-12 12:22:00,0,0.641,0.359,0.0,WEAR
2000-01-12 12:22:00,2000-01-12 12:22:30,0,0.952,0.048,0.0,WEAR
2000-01-12 12:22:30,2000-01-12 12:23:00,0,0.871,0.129,0.0,WEAR
2000-01-12 12:23:00,2000-01-12 12:23:30,0,1.0,0.0,0.0,WEAR
2000-01-12 12:23:30,2000-01-12 12:24:00,0,0.816,0.184,0.0,WEAR
2000-01-12 12:24:00,2000-01-12 12:24:30,0,0.777,0.223,0.0,WEAR
2000-01-12 12:24:30,2000-01-12 12:25:00,0,0.762,0.238,0.0,WEAR
2000-01-12 12:25:00,2000-01-12 12:25:30,0,0.745,0.255,0.0,WEAR
2000-01-12 12:25:30,2000-01-12 12:26:00,0,0.999,0.001,0.0,WEAR
2000-01-12 12:26:00,2000-01-12 12:26:30,1,0.256,0.744,0.0,SLEEP
2000-01-12 12:26:30,2000-01-12 12:27:00,1,0.254,0.745,0.0,SLEEP
2000-01-12 12:27:00,2000-01-12 12:27:30,1,0.256,0.744,0.0,SLEEP
2000-01-12 12:27:30,2000-01-12 12:28:00,0,0.872,0.128,0.0,WEAR
2000-01-12 12:28:00,2000-01-12 12:28:30,0,0.902,0.098,0.0,WEAR
2000-01-12 12:28:30,2000-01-12 12:29:00,0,0.888,0.112,0.0,WEAR
2000-01-12 12:29:00,2000-01-12 12:29:30,0,0.639,0.361,0.0,WEAR
2000-01-12 12:29:30,2000-01-12 12:30:00,0,0.974,0.026,0.0,WEAR
2000-01-12 12:30:00,2000-01-12 12:30:30,0,0.86,0.14,0.0,WEAR
2000-01-12 12:30:30,2000-01-12 12:31:00,0,0.966,0.034,0.0,WEAR
2000-01-12 12:31:00,2000-01-12 12:31:30,0,0.999,0.001,0.0,WEAR
2000-01-12 12:31:30,2000-01-12 12:32:00,0,0.996,0.004,0.0,WEAR
2000-01-12 12:32:00,2000-01-12 12:32:30,0,0.935,0.065,0.0,WEAR
2000-01-12 12:32:30,2000-01-12 12:33:00,0,1.0,0.0,0.0,WEAR
2000-01-12 12:33:00,2000-01-12 12:33:30,0,0.999,0.001,0.0,WEAR
2000-01-12 12:33:30,2000-01-12 12:34:00,0,0.997,0.003,0.0,WEAR
2000-01-12 12:34:00,2000-01-12 12:34:30,0,1.0,0.0,0.0,WEAR
2000-01-12 12:34:30,2000-01-12 12:35:00,0,1.0,0.0,0.0,WEAR
2000-01-12 12:35:00,2000-01-12 12:35:30,0,0.998,0.002,0.0,WEAR
2000-01-12 12:35:30,2000-01-12 12:36:00,0,0.98,0.02,0.0,WEAR
2000-01-12 12:36:00,2000-01-12 12:36:30,0,0.986,0.014,0.0,WEAR
2000-01-12 12:36:30,2000-01-12 12:37:00,0,0.862,0.138,0.0,WEAR
2000-01-12 12:37:00,2000-01-12 12:37:30,0,0.94,0.06,0.0,WEAR
2000-01-12 12:37:30,2000-01-12 12:38:00,0,0.999,0.001,0.0,WEAR
2000-01-12 12:38:00,2000-01-12 12:38:30,0,0.653,0.347,0.0,WEAR
2000-01-12 12:38:30,2000-01-12 12:39:00,0,0.984,0.016,0.0,WEAR
2000-01-12 12:39:00,2000-01-12 12:39:30,0,0.925,0.075,0.0,WEAR
2000-01-12 12:39:30,2000-01-12 12:40:00,0,0.999,0.001,0.0,WEAR
2000-01-12 12:40:00,2000-01-12 12:40:30,0,0.999,0.001,0.0,WEAR
2000-01-12 12:40:30,2000-01-12 12:41:00,0,0.959,0.041,0.0,WEAR
2000-01-12 12:41:00,2000-01-12 12:41:30,0,0.95,0.05,0.0,WEAR
2000-01-12 12:41:30,2000-01-12 12:42:00,0,0.993,0.007,0.0,WEAR
2000-01-12 12:42:00,2000-01-12 12:42:30,0,0.999,0.001,0.0,WEAR
2000-01-12 12:42:30,2000-01-12 12:43:00,0,0.998,0.002,0.0,WEAR
2000-01-12 12:43:00,2000-01-12 12:43:30,0,0.993,0.007,0.0,WEAR
2000-01-12 12:43:30,2000-01-12 12:44:00,0,0.951,0.049,0.0,WEAR
2000-01-12 12:44:00,2000-01-12 12:44:30,0,0.933,0.067,0.0,WEAR
2000-01-12 12:44:30,2000-01-12 12:45:00,0,0.713,0.287,0.0,WEAR
2000-01-12 12:45:00,2000-01-12 12:45:30,0,0.757,0.243,0.0,WEAR
2000-01-12 12:45:30,2000-01-12 12:46:00,0,0.66,0.34,0.0,WEAR
2000-01-12 12:46:00,2000-01-12 12:46:30,0,0.773,0.227,0.0,WEAR
2000-01-12 12:46:30,2000-01-12 12:47:00,0,0.9,0.1,0.0,WEAR
2000-01-12 12:47:00,2000-01-12 12:47:30,0,0.988,0.012,0.0,WEAR
2000-01-12 12:47:30,2000-01-12 12:48:00,0,0.694,0.306,0.0,WEAR
2000-01-12 12:48:00,2000-01-12 12:48:30,0,0.922,0.078,0.0,WEAR
2000-01-12 12:48:30,2000-01-12 12:49:00,0,0.815,0.185,0.0,WEAR
2000-01-12 12:49:00,2000-01-12 12:49:30,1,0.357,0.643,0.0,SLEEP
2000-01-12 12:49:30,2000-01-12 12:50:00,0,0.753,0.247,0.0,WEAR
2000-01-12 12:50:00,2000-01-12 12:50:30,0,0.728,0.272,0.0,WEAR
2000-01-12 12:50:30,2000-01-12 12:51:00,1,0.493,0.507,0.0,SLEEP
2000-01-12 12:51:00,2000-01-12 12:51:30,0,0.818,0.182,0.0,WEAR
2000-01-12 12:51:30,2000-01-12 12:52:00,0,0.897,0.103,0.0,WEAR
2000-01-12 12:52:00,2000-01-12 12:52:30,0,0.715,0.285,0.0,WEAR
2000-01-12 12:52:30,2000-01-12 12:53:00,0,0.992,0.008,0.0,WEAR
2000-01-12 12:53:00,2000-01-12 12:53:30,0,0.995,0.005,0.0,WEAR
2000-01-12 12:53:30,2000-01-12 12:54:00,0,0.986,0.014,0.0,WEAR
2000-01-12 12:54:00,2000-01-12 12:54:30,0,0.991,0.009,0.0,WEAR
2000-01-12 12:54:30,2000-01-12 12:55:00,0,0.997,0.003,0.0,WEAR
2000-01-12 12:55:00,2000-01-12 12:55:30,0,0.989,0.011,0.0,WEAR
2000-01-12 12:55:30,2000-01-12 12:56:00,0,0.944,0.056,0.0,WEAR
2000-01-12 12:56:00,2000-01-12 12:56:30,0,0.988,0.012,0.0,WEAR
2000-01-12 12:56:30,2000-01-12 12:57:00,0,0.94,0.06,0.0,WEAR
2000-01-12 12:57:00,2000-01-12 12:57:30,0,0.971,0.029,0.0,WEAR
2000-01-12 12:57:30,2000-01-12 12:58:00,0,0.942,0.058,0.0,WEAR
2000-01-12 12:58:00,2000-01-12 12:58:30,0,0.978,0.022,0.0,WEAR
2000-01-12 12:58:30,2000-01-12 12:59:00,0,0.993,0.007,0.0,WEAR
2000-01-12 12:59:00,2000-01-12 12:59:30,0,0.991,0.009,0.0,WEAR
2000-01-12 12:59:30,2000-01-12 13:00:00,0,0.999,0.001,0.0,WEAR
2000-01-12 13:00:00,2000-01-12 13:00:30,0,0.984,0.016,0.0,WEAR
2000-01-12 13:00:30,2000-01-12 13:01:00,0,0.994,0.006,0.0,WEAR
2000-01-12 13:01:00,2000-01-12 13:01:30,0,0.765,0.235,0.0,WEAR
2000-01-12 13:01:30,2000-01-12 13:02:00,0,0.993,0.007,0.0,WEAR
2000-01-12 13:02:00,2000-01-12 13:02:30,0,0.948,0.052,0.0,WEAR
2000-01-12 13:02:30,2000-01-12 13:03:00,0,0.995,0.005,0.0,WEAR
2000-01-12 13:03:00,2000-01-12 13:03:30,0,0.993,0.007,0.0,WEAR
2000-01-12 13:03:30,2000-01-12 13:04:00,0,0.999,0.001,0.0,WEAR
2000-01-12 13:04:00,2000-01-12 13:04:30,0,0.971,0.029,0.0,WEAR
2000-01-12 13:04:30,2000-01-12 13:05:00,0,0.882,0.118,0.0,WEAR
2000-01-12 13:05:00,2000-01-12 13:05:30,0,1.0,0.0,0.0,WEAR
2000-01-12 13:05:30,2000-01-12 13:06:00,0,0.999,0.001,0.0,WEAR
2000-01-12 13:06:00,2000-01-12 13:06:30,0,0.986,0.014,0.0,WEAR
2000-01-12 13:06:30,2000-01-12 13:07:00,0,0.986,0.014,0.0,WEAR
2000-01-12 13:07:00,2000-01-12 13:07:30,0,0.998,0.002,0.0,WEAR
2000-01-12 13:07:30,2000-01-12 13:08:00,0,1.0,0.0,0.0,WEAR
2000-01-12 13:08:00,2000-01-12 13:08:30,0,0.997,0.003,0.0,WEAR
2000-01-12 13:08:30,2000-01-12 13:09:00,0,0.904,0.096,0.0,WEAR
2000-01-12 13:09:00,2000-01-12 13:09:30,0,0.972,0.028,0.0,WEAR
2000-01-12 13:09:30,2000-01-12 13:10:00,0,0.995,0.005,0.0,WEAR
2000-01-12 13:10:00,2000-01-12 13:10:30,0,0.994,0.006,0.0,WEAR
2000-01-12 13:10:30,2000-01-12 13:11:00,0,0.766,0.234,0.0,WEAR
2000-01-12 13:11:00,2000-01-12 13:11:30,0,0.986,0.014,0.0,WEAR
2000-01-12 13:11:30,2000-01-12 13:12:00,0,0.908,0.092,0.0,WEAR
2000-01-12 13:12:00,2000-01-12 13:12:30,0,0.997,0.003,0.0,WEAR
2000-01-12 13:12:30,2000-01-12 13:13:00,1,0.363,0.637,0.0,SLEEP
2000-01-12 13:13:00,2000-01-12 13:13:30,0,0.856,0.144,0.0,WEAR
2000-01-12 13:13:30,2000-01-12 13:14:00,0,0.995,0.005,0.0,WEAR
2000-01-12 13:14:00,2000-01-12 13:14:30,0,0.989,0.011,0.0,WEAR
2000-01-12 13:14:30,2000-01-12 13:15:00,0,0.987,0.013,0.0,WEAR
2000-01-12 13:15:00,2000-01-12 13:15:30,0,0.996,0.004,0.0,WEAR
2000-01-12 13:15:30,2000-01-12 13:16:00,0,0.999,0.001,0.0,WEAR
2000-01-12 13:16:00,2000-01-12 13:16:30,0,0.965,0.035,0.0,WEAR
2000-01-12 13:16:30,2000-01-12 13:17:00,0,0.911,0.089,0.0,WEAR
2000-01-12 13:17:00,2000-01-12 13:17:30,0,0.943,0.057,0.0,WEAR
2000-01-12 13:17:30,2000-01-12 13:18:00,0,0.943,0.057,0.0,WEAR
2000-01-12 13:18:00,2000-01-12 13:18:30,0,0.899,0.101,0.0,WEAR
2000-01-12 13:18:30,2000-01-12 13:19:00,0,1.0,0.0,0.0,WEAR
2000-01-12 13:19:00,2000-01-12 13:19:30,0,0.976,0.024,0.0,WEAR
2000-01-12 13:19:30,2000-01-12 13:20:00,0,0.887,0.113,0.0,WEAR
2000-01-12 13:20:00,2000-01-12 13:20:30,0,0.986,0.014,0.0,WEAR
2000-01-12 13:20:30,2000-01-12 13:21:00,0,0.99,0.01,0.0,WEAR
2000-01-12 13:21:00,2000-01-12 13:21:30,0,0.998,0.002,0.0,WEAR
2000-01-12 13:21:30,2000-01-12 13:22:00,0,0.98,0.02,0.0,WEAR
2000-01-12 13:22:00,2000-01-12 13:22:30,0,0.958,0.042,0.0,WEAR
2000-01-12 13:22:30,2000-01-12 13:23:00,0,1.0,0.0,0.0,WEAR
2000-01-12 13:23:00,2000-01-12 13:23:30,0,0.972,0.028,0.0,WEAR
2000-01-12 13:23:30,2000-01-12 13:24:00,0,0.997,0.003,0.0,WEAR
2000-01-12 13:24:00,2000-01-12 13:24:30,0,0.96,0.04,0.0,WEAR
2000-01-12 13:24:30,2000-01-12 13:25:00,0,0.963,0.037,0.0,WEAR
2000-01-12 13:25:00,2000-01-12 13:25:30,0,0.988,0.012,0.0,WEAR
2000-01-12 13:25:30,2000-01-12 13:26:00,0,0.883,0.117,0.0,WEAR
2000-01-12 13:26:00,2000-01-12 13:26:30,0,0.904,0.096,0.0,WEAR
2000-01-12 13:26:30,2000-01-12 13:27:00,0,0.965,0.035,0.0,WEAR
2000-01-12 13:27:00,2000-01-12 13:27:30,0,0.992,0.008,0.0,WEAR
2000-01-12 13:27:30,2000-01-12 13:28:00,0,0.962,0.038,0.0,WEAR
2000-01-12 13:28:00,2000-01-12 13:28:30,0,0.982,0.018,0.0,WEAR
2000-01-12 13:28:30,2000-01-12 13:29:00,0,0.997,0.003,0.0,WEAR
2000-01-12 13:29:00,2000-01-12 13:29:30,0,0.995,0.005,0.0,WEAR
2000-01-12 13:29:30,2000-01-12 13:30:00,0,0.875,0.125,0.0,WEAR
2000-01-12 13:30:00,2000-01-12 13:30:30,0,0.983,0.017,0.0,WEAR
2000-01-12 13:30:30,2000-01-12 13:31:00,0,0.999,0.001,0.0,WEAR
2000-01-12 13:31:00,2000-01-12 13:31:30,0,0.996,0.004,0.0,WEAR
2000-01-12 13:31:30,2000-01-12 13:32:00,0,0.979,0.021,0.0,WEAR
2000-01-12 13:32:00,2000-01-12 13:32:30,0,1.0,0.0,0.0,WEAR
2000-01-12 13:32:30,2000-01-12 13:33:00,0,1.0,0.0,0.0,WEAR
2000-01-12 13:33:00,2000-01-12 13:33:30,0,0.981,0.019,0.0,WEAR
2000-01-12 13:33:30,2000-01-12 13:34:00,0,0.973,0.027,0.0,WEAR
2000-01-12 13:34:00,2000-01-12 13:34:30,0,0.997,0.003,0.0,WEAR
2000-01-12 13:34:30,2000-01-12 13:35:00,0,0.993,0.007,0.0,WEAR
2000-01-12 13:35:00,2000-01-12 13:35:30,1,0.434,0.566,0.0,SLEEP
2000-01-12 13:35:30,2000-01-12 13:36:00,0,0.536,0.464,0.0,WEAR
2000-01-12 13:36:00,2000-01-12 13:36:30,0,0.996,0.004,0.0,WEAR
2000-01-12 13:36:30,2000-01-12 13:37:00,0,0.999,0.001,0.0,WEAR
2000-01-12 13:37:00,2000-01-12 13:37:30,0,0.994,0.006,0.0,WEAR
2000-01-12 13:37:30,2000-01-12 13:38:00,0,0.998,0.002,0.0,WEAR
2000-01-12 13:38:00,2000-01-12 13:38:30,0,0.997,0.003,0.0,WEAR
2000-01-12 13:38:30,2000-01-12 13:39:00,0,0.931,0.069,0.0,WEAR
2000-01-12 13:39:00,2000-01-12 13:39:30,0,0.998,0.002,0.0,WEAR
2000-01-12 13:39:30,2000-01-12 13:40:00,0,0.992,0.008,0.0,WEAR
2000-01-12 13:40:00,2000-01-12 13:40:30,0,0.992,0.008,0.0,WEAR
2000-01-12 13:40:30,2000-01-12 13:41:00,0,1.0,0.0,0.0,WEAR
2000-01-12 13:41:00,2000-01-12 13:41:30,0,0.997,0.003,0.0,WEAR
2000-01-12 13:41:30,2000-01-12 13:42:00,1,0.139,0.648,0.213,SLEEP
2000-01-12 13:42:00,2000-01-12 13:42:30,0,0.922,0.078,0.0,WEAR
2000-01-12 13:42:30,2000-01-12 13:43:00,0,0.994,0.006,0.0,WEAR
2000-01-12 13:43:00,2000-01-12 13:43:30,0,0.94,0.06,0.0,WEAR
2000-01-12 13:43:30,2000-01-12 13:44:00,0,0.95,0.05,0.0,WEAR
2000-01-12 13:44:00,2000-01-12 13:44:30,0,0.967,0.033,0.0,WEAR
2000-01-12 13:44:30,2000-01-12 13:45:00,0,0.958,0.042,0.0,WEAR
2000-01-12 13:45:00,2000-01-12 13:45:30,0,0.984,0.016,0.0,WEAR
2000-01-12 13:45:30,2000-01-12 13:46:00,0,0.922,0.078,0.0,WEAR
2000-01-12 13:46:00,2000-01-12 13:46:30,0,0.936,0.064,0.0,WEAR
2000-01-12 13:46:30,2000-01-12 13:47:00,0,0.96,0.04,0.0,WEAR
2000-01-12 13:47:00,2000-01-12 13:47:30,0,0.983,0.017,0.0,WEAR
2000-01-12 13:47:30,2000-01-12 13:48:00,0,0.989,0.011,0.0,WEAR
2000-01-12 13:48:00,2000-01-12 13:48:30,0,0.993,0.007,0.0,WEAR
2000-01-12 13:48:30,2000-01-12 13:49:00,0,0.99,0.01,0.0,WEAR
2000-01-12 13:49:00,2000-01-12 13:49:30,0,0.971,0.029,0.0,WEAR
2000-01-12 13:49:30,2000-01-12 13:50:00,0,0.989,0.011,0.0,WEAR
2000-01-12 13:50:00,2000-01-12 13:50:30,0,0.89,0.11,0.0,WEAR
2000-01-12 13:50:30,2000-01-12 13:51:00,0,0.995,0.005,0.0,WEAR
2000-01-12 13:51:00,2000-01-12 13:51:30,0,1.0,0.0,0.0,WEAR
2000-01-12 13:51:30,2000-01-12 13:52:00,0,0.999,0.001,0.0,WEAR
2000-01-12 13:52:00,2000-01-12 13:52:30,0,0.996,0.004,0.0,WEAR
2000-01-12 13:52:30,2000-01-12 13:53:00,0,0.994,0.006,0.0,WEAR
2000-01-12 13:53:00,2000-01-12 13:53:30,0,0.946,0.054,0.0,WEAR
2000-01-12 13:53:30,2000-01-12 13:54:00,0,1.0,0.0,0.0,WEAR
2000-01-12 13:54:00,2000-01-12 13:54:30,0,0.995,0.005,0.0,WEAR
2000-01-12 13:54:30,2000-01-12 13:55:00,0,0.978,0.022,0.0,WEAR
2000-01-12 13:55:00,2000-01-12 13:55:30,0,0.888,0.112,0.0,WEAR
2000-01-12 13:55:30,2000-01-12 13:56:00,0,0.947,0.053,0.0,WEAR
2000-01-12 13:56:00,2000-01-12 13:56:30,0,1.0,0.0,0.0,WEAR
2000-01-12 13:56:30,2000-01-12 13:57:00,0,0.999,0.001,0.0,WEAR
2000-01-12 13:57:00,2000-01-12 13:57:30,0,0.998,0.002,0.0,WEAR
2000-01-12 13:57:30,2000-01-12 13:58:00,0,0.958,0.042,0.0,WEAR
2000-01-12 13:58:00,2000-01-12 13:58:30,0,0.999,0.001,0.0,WEAR
2000-01-12 13:58:30,2000-01-12 13:59:00,0,0.994,0.006,0.0,WEAR
2000-01-12 13:59:00,2000-01-12 13:59:30,0,0.927,0.073,0.0,WEAR
2000-01-12 13:59:30,2000-01-12 14:00:00,0,0.94,0.06,0.0,WEAR
2000-01-12 14:00:00,2000-01-12 14:00:30,0,0.945,0.055,0.0,WEAR
2000-01-12 14:00:30,2000-01-12 14:01:00,0,0.894,0.106,0.0,WEAR
2000-01-12 14:01:00,2000-01-12 14:01:30,0,0.896,0.104,0.0,WEAR
2000-01-12 14:01:30,2000-01-12 14:02:00,0,0.819,0.181,0.0,WEAR
2000-01-12 14:02:00,2000-01-12 14:02:30,0,0.974,0.026,0.0,WEAR
2000-01-12 14:02:30,2000-01-12 14:03:00,0,0.99,0.01,0.0,WEAR
2000-01-12 14:03:00,2000-01-12 14:03:30,0,0.96,0.04,0.0,WEAR
2000-01-12 14:03:30,2000-01-12 14:04:00,0,0.789,0.211,0.0,WEAR
2000-01-12 14:04:00,2000-01-12 14:04:30,0,0.941,0.059,0.0,WEAR
2000-01-12 14:04:30,2000-01-12 14:05:00,0,0.991,0.009,0.0,WEAR
2000-01-12 14:05:00,2000-01-12 14:05:30,1,0.424,0.576,0.0,SLEEP
2000-01-12 14:05:30,2000-01-12 14:06:00,1,0.326,0.674,0.0,SLEEP
2000-01-12 14:06:00,2000-01-12 14:06:30,0,0.548,0.452,0.0,WEAR
2000-01-12 14:06:30,2000-01-12 14:07:00,0,0.957,0.043,0.0,WEAR
2000-01-12 14:07:00,2000-01-12 14:07:30,0,0.958,0.042,0.0,WEAR
2000-01-12 14:07:30,2000-01-12 14:08:00,0,0.918,0.082,0.0,WEAR
2000-01-12 14:08:00,2000-01-12 14:08:30,0,0.986,0.014,0.0,WEAR
2000-01-12 14:08:30,2000-01-12 14:09:00,0,0.846,0.154,0.0,WEAR
2000-01-12 14:09:00,2000-01-12 14:09:30,0,0.94,0.06,0.0,WEAR
2000-01-12 14:09:30,2000-01-12 14:10:00,0,0.997,0.003,0.0,WEAR
2000-01-12 14:10:00,2000-01-12 14:10:30,0,0.99,0.01,0.0,WEAR
2000-01-12 14:10:30,2000-01-12 14:11:00,1,0.427,0.573,0.0,SLEEP
2000-01-12 14:11:00,2000-01-12 14:11:30,0,0.997,0.003,0.0,WEAR
2000-01-12 14:11:30,2000-01-12 14:12:00,0,0.98,0.02,0.0,WEAR
2000-01-12 14:12:00,2000-01-12 14:12:30,0,0.986,0.014,0.0,WEAR
2000-01-12 14:12:30,2000-01-12 14:13:00,0,0.999,0.001,0.0,WEAR
2000-01-12 14:13:00,2000-01-12 14:13:30,0,0.982,0.018,0.0,WEAR
2000-01-12 14:13:30,2000-01-12 14:14:00,0,0.969,0.031,0.0,WEAR
2000-01-12 14:14:00,2000-01-12 14:14:30,0,0.999,0.001,0.0,WEAR
2000-01-12 14:14:30,2000-01-12 14:15:00,0,0.961,0.039,0.0,WEAR
2000-01-12 14:15:00,2000-01-12 14:15:30,0,0.544,0.456,0.0,WEAR
2000-01-12 14:15:30,2000-01-12 14:16:00,0,0.978,0.022,0.0,WEAR
2000-01-12 14:16:00,2000-01-12 14:16:30,0,0.994,0.006,0.0,WEAR
2000-01-12 14:16:30,2000-01-12 14:17:00,0,0.982,0.018,0.0,WEAR
2000-01-12 14:17:00,2000-01-12 14:17:30,0,0.961,0.039,0.0,WEAR
2000-01-12 14:17:30,2000-01-12 14:18:00,0,0.992,0.008,0.0,WEAR
2000-01-12 14:18:00,2000-01-12 14:18:30,0,0.98,0.02,0.0,WEAR
2000-01-12 14:18:30,2000-01-12 14:19:00,0,0.981,0.019,0.0,WEAR
2000-01-12 14:19:00,2000-01-12 14:19:30,0,0.984,0.016,0.0,WEAR
2000-01-12 14:19:30,2000-01-12 14:20:00,0,1.0,0.0,0.0,WEAR
2000-01-12 14:20:00,2000-01-12 14:20:30,0,0.999,0.001,0.0,WEAR
2000-01-12 14:20:30,2000-01-12 14:21:00,0,0.922,0.078,0.0,WEAR
2000-01-12 14:21:00,2000-01-12 14:21:30,0,0.979,0.021,0.0,WEAR
2000-01-12 14:21:30,2000-01-12 14:22:00,0,0.936,0.064,0.0,WEAR
2000-01-12 14:22:00,2000-01-12 14:22:30,0,0.98,0.02,0.0,WEAR
2000-01-12 14:22:30,2000-01-12 14:23:00,0,0.997,0.003,0.0,WEAR
2000-01-12 14:23:00,2000-01-12 14:23:30,0,0.997,0.003,0.0,WEAR
2000-01-12 14:23:30,2000-01-12 14:24:00,0,0.97,0.03,0.0,WEAR
2000-01-12 14:24:00,2000-01-12 14:24:30,0,0.984,0.016,0.0,WEAR
2000-01-12 14:24:30,2000-01-12 14:25:00,0,0.977,0.023,0.0,WEAR
2000-01-12 14:25:00,2000-01-12 14:25:30,0,0.956,0.044,0.0,WEAR
2000-01-12 14:25:30,2000-01-12 14:26:00,0,0.967,0.033,0.0,WEAR
2000-01-12 14:26:00,2000-01-12 14:26:30,0,0.989,0.011,0.0,WEAR
2000-01-12 14:26:30,2000-01-12 14:27:00,0,0.994,0.006,0.0,WEAR
2000-01-12 14:27:00,2000-01-12 14:27:30,0,0.99,0.01,0.0,WEAR
2000-01-12 14:27:30,2000-01-12 14:28:00,0,0.995,0.005,0.0,WEAR
2000-01-12 14:28:00,2000-01-12 14:28:30,0,0.991,0.009,0.0,WEAR
2000-01-12 14:28:30,2000-01-12 14:29:00,0,0.988,0.012,0.0,WEAR
2000-01-12 14:29:00,2000-01-12 14:29:30,0,0.942,0.058,0.0,WEAR
2000-01-12 14:29:30,2000-01-12 14:30:00,0,0.88,0.12,0.0,WEAR
2000-01-12 14:30:00,2000-01-12 14:30:30,0,0.992,0.008,0.0,WEAR
2000-01-12 14:30:30,2000-01-12 14:31:00,0,0.926,0.074,0.0,WEAR
2000-01-12 14:31:00,2000-01-12 14:31:30,0,0.996,0.004,0.0,WEAR
2000-01-12 14:31:30,2000-01-12 14:32:00,0,0.628,0.372,0.0,WEAR
2000-01-12 14:32:00,2000-01-12 14:32:30,0,0.851,0.149,0.0,WEAR
2000-01-12 14:32:30,2000-01-12 14:33:00,0,0.936,0.064,0.0,WEAR
2000-01-12 14:33:00,2000-01-12 14:33:30,0,0.9,0.1,0.0,WEAR
2000-01-12 14:33:30,2000-01-12 14:34:00,1,0.298,0.702,0.0,SLEEP
2000-01-12 14:34:00,2000-01-12 14:34:30,0,0.967,0.033,0.0,WEAR
2000-01-12 14:34:30,2000-01-12 14:35:00,0,0.969,0.031,0.0,WEAR
2000-01-12 14:35:00,2000-01-12 14:35:30,0,0.769,0.231,0.0,WEAR
2000-01-12 14:35:30,2000-01-12 14:36:00,1,0.251,0.749,0.0,SLEEP
2000-01-12 14:36:00,2000-01-12 14:36:30,0,0.988,0.012,0.0,WEAR
2000-01-12 14:36:30,2000-01-12 14:37:00,0,0.988,0.012,0.0,WEAR
2000-01-12 14:37:00,2000-01-12 14:37:30,0,1.0,0.0,0.0,WEAR
2000-01-12 14:37:30,2000-01-12 14:38:00,0,0.777,0.223,0.0,WEAR
2000-01-12 14:38:00,2000-01-12 14:38:30,0,1.0,0.0,0.0,WEAR
2000-01-12 14:38:30,2000-01-12 14:39:00,0,0.981,0.019,0.0,WEAR
2000-01-12 14:39:00,2000-01-12 14:39:30,0,0.997,0.003,0.0,WEAR
2000-01-12 14:39:30,2000-01-12 14:40:00,0,0.979,0.021,0.0,WEAR
2000-01-12 14:40:00,2000-01-12 14:40:30,0,0.978,0.022,0.0,WEAR
2000-01-12 14:40:30,2000-01-12 14:41:00,0,0.914,0.086,0.0,WEAR
2000-01-12 14:41:00,2000-01-12 14:41:30,0,0.928,0.072,0.0,WEAR
2000-01-12 14:41:30,2000-01-12 14:42:00,0,1.0,0.0,0.0,WEAR
2000-01-12 14:42:00,2000-01-12 14:42:30,0,0.813,0.187,0.0,WEAR
2000-01-12 14:42:30,2000-01-12 14:43:00,0,1.0,0.0,0.0,WEAR
2000-01-12 14:43:00,2000-01-12 14:43:30,0,1.0,0.0,0.0,WEAR
2000-01-12 14:43:30,2000-01-12 14:44:00,0,0.989,0.011,0.0,WEAR
2000-01-12 14:44:00,2000-01-12 14:44:30,0,0.976,0.024,0.0,WEAR
2000-01-12 14:44:30,2000-01-12 14:45:00,0,0.993,0.007,0.0,WEAR
2000-01-12 14:45:00,2000-01-12 14:45:30,0,0.947,0.053,0.0,WEAR
2000-01-12 14:45:30,2000-01-12 14:46:00,0,0.936,0.064,0.0,WEAR
2000-01-12 14:46:00,2000-01-12 14:46:30,0,0.863,0.137,0.0,WEAR
2000-01-12 14:46:30,2000-01-12 14:47:00,0,0.983,0.017,0.0,WEAR
2000-01-12 14:47:00,2000-01-12 14:47:30,0,0.998,0.002,0.0,WEAR
2000-01-12 14:47:30,2000-01-12 14:48:00,0,0.836,0.164,0.0,WEAR
2000-01-12 14:48:00,2000-01-12 14:48:30,0,1.0,0.0,0.0,WEAR
2000-01-12 14:48:30,2000-01-12 14:49:00,0,0.943,0.057,0.0,WEAR
2000-01-12 14:49:00,2000-01-12 14:49:30,0,0.977,0.023,0.0,WEAR
2000-01-12 14:49:30,2000-01-12 14:50:00,0,0.918,0.082,0.0,WEAR
2000-01-12 14:50:00,2000-01-12 14:50:30,0,0.988,0.012,0.0,WEAR
2000-01-12 14:50:30,2000-01-12 14:51:00,0,0.993,0.007,0.0,WEAR
2000-01-12 14:51:00,2000-01-12 14:51:30,0,0.996,0.004,0.0,WEAR
2000-01-12 14:51:30,2000-01-12 14:52:00,0,0.98,0.02,0.0,WEAR
2000-01-12 14:52:00,2000-01-12 14:52:30,0,0.977,0.023,0.0,WEAR
2000-01-12 14:52:30,2000-01-12 14:53:00,0,0.925,0.075,0.0,WEAR
2000-01-12 14:53:00,2000-01-12 14:53:30,0,0.937,0.063,0.0,WEAR
2000-01-12 14:53:30,2000-01-12 14:54:00,1,0.29,0.71,0.0,SLEEP
2000-01-12 14:54:00,2000-01-12 14:54:30,0,0.911,0.089,0.0,WEAR
2000-01-12 14:54:30,2000-01-12 14:55:00,0,0.992,0.008,0.0,WEAR
2000-01-12 14:55:00,2000-01-12 14:55:30,0,0.908,0.092,0.0,WEAR
2000-01-12 14:55:30,2000-01-12 14:56:00,0,0.927,0.073,0.0,WEAR
2000-01-12 14:56:00,2000-01-12 14:56:30,0,0.994,0.006,0.0,WEAR
2000-01-12 14:56:30,2000-01-12 14:57:00,0,0.858,0.142,0.0,WEAR
2000-01-12 14:57:00,2000-01-12 14:57:30,0,0.994,0.006,0.0,WEAR
2000-01-12 14:57:30,2000-01-12 14:58:00,0,0.951,0.049,0.0,WEAR
2000-01-12 14:58:00,2000-01-12 14:58:30,0,0.995,0.005,0.0,WEAR
2000-01-12 14:58:30,2000-01-12 14:59:00,0,0.996,0.004,0.0,WEAR
2000-01-12 14:59:00,2000-01-12 14:59:30,0,0.993,0.007,0.0,WEAR
2000-01-12 14:59:30,2000-01-12 15:00:00,0,0.997,0.003,0.0,WEAR
2000-01-12 15:00:00,2000-01-12 15:00:30,0,0.977,0.023,0.0,WEAR
2000-01-12 15:00:30,2000-01-12 15:01:00,0,0.997,0.003,0.0,WEAR
2000-01-12 15:01:00,2000-01-12 15:01:30,0,0.996,0.004,0.0,WEAR
2000-01-12 15:01:30,2000-01-12 15:02:00,0,0.999,0.001,0.0,WEAR
2000-01-12 15:02:00,2000-01-12 15:02:30,0,1.0,0.0,0.0,WEAR
2000-01-12 15:02:30,2000-01-12 15:03:00,0,0.955,0.045,0.0,WEAR
2000-01-12 15:03:00,2000-01-12 15:03:30,0,0.989,0.011,0.0,WEAR
2000-01-12 15:03:30,2000-01-12 15:04:00,0,0.99,0.01,0.0,WEAR
2000-01-12 15:04:00,2000-01-12 15:04:30,0,0.943,0.057,0.0,WEAR
2000-01-12 15:04:30,2000-01-12 15:05:00,0,0.98,0.02,0.0,WEAR
2000-01-12 15:05:00,2000-01-12 15:05:30,0,0.941,0.059,0.0,WEAR
2000-01-12 15:05:30,2000-01-12 15:06:00,0,0.985,0.015,0.0,WEAR
2000-01-12 15:06:00,2000-01-12 15:06:30,0,0.999,0.001,0.0,WEAR
2000-01-12 15:06:30,2000-01-12 15:07:00,0,1.0,0.0,0.0,WEAR
2000-01-12 15:07:00,2000-01-12 15:07:30,0,1.0,0.0,0.0,WEAR
2000-01-12 15:07:30,2000-01-12 15:08:00,0,0.999,0.001,0.0,WEAR
2000-01-12 15:08:00,2000-01-12 15:08:30,0,0.967,0.033,0.0,WEAR
2000-01-12 15:08:30,2000-01-12 15:09:00,0,0.975,0.025,0.0,WEAR
2000-01-12 15:09:00,2000-01-12 15:09:30,0,0.992,0.008,0.0,WEAR
2000-01-12 15:09:30,2000-01-12 15:10:00,0,0.753,0.247,0.0,WEAR
2000-01-12 15:10:00,2000-01-12 15:10:30,0,0.865,0.135,0.0,WEAR
2000-01-12 15:10:30,2000-01-12 15:11:00,0,0.997,0.003,0.0,WEAR
2000-01-12 15:11:00,2000-01-12 15:11:30,0,0.989,0.011,0.0,WEAR
2000-01-12 15:11:30,2000-01-12 15:12:00,0,0.924,0.076,0.0,WEAR
2000-01-12 15:12:00,2000-01-12 15:12:30,0,0.943,0.057,0.0,WEAR
2000-01-12 15:12:30,2000-01-12 15:13:00,0,0.965,0.035,0.0,WEAR
2000-01-12 15:13:00,2000-01-12 15:13:30,0,0.98,0.02,0.0,WEAR
2000-01-12 15:13:30,2000-01-12 15:14:00,0,0.998,0.002,0.0,WEAR
2000-01-12 15:14:00,2000-01-12 15:14:30,0,0.999,0.001,0.0,WEAR
2000-01-12 15:14:30,2000-01-12 15:15:00,0,0.995,0.005,0.0,WEAR
2000-01-12 15:15:00,2000-01-12 15:15:30,0,0.998,0.002,0.0,WEAR
2000-01-12 15:15:30,2000-01-12 15:16:00,0,1.0,0.0,0.0,WEAR
2000-01-12 15:16:00,2000-01-12 15:16:30,0,1.0,0.0,0.0,WEAR
2000-01-12 15:16:30,2000-01-12 15:17:00,0,0.999,0.001,0.0,WEAR
2000-01-12 15:17:00,2000-01-12 15:17:30,0,0.962,0.038,0.0,WEAR
2000-01-12 15:17:30,2000-01-12 15:18:00,0,0.999,0.001,0.0,WEAR
2000-01-12 15:18:00,2000-01-12 15:18:30,0,1.0,0.0,0.0,WEAR
2000-01-12 15:18:30,2000-01-12 15:19:00,0,1.0,0.0,0.0,WEAR
2000-01-12 15:19:00,2000-01-12 15:19:30,0,0.999,0.001,0.0,WEAR
2000-01-12 15:19:30,2000-01-12 15:20:00,0,0.975,0.025,0.0,WEAR
2000-01-12 15:20:00,2000-01-12 15:20:30,0,0.99,0.01,0.0,WEAR
2000-01-12 15:20:30,2000-01-12 15:21:00,0,0.969,0.031,0.0,WEAR
2000-01-12 15:21:00,2000-01-12 15:21:30,0,1.0,0.0,0.0,WEAR
2000-01-12 15:21:30,2000-01-12 15:22:00,0,0.999,0.001,0.0,WEAR
2000-01-12 15:22:00,2000-01-12 15:22:30,0,0.988,0.012,0.0,WEAR
2000-01-12 15:22:30,2000-01-12 15:23:00,0,1.0,0.0,0.0,WEAR
2000-01-12 15:23:00,2000-01-12 15:23:30,0,0.999,0.001,0.0,WEAR
2000-01-12 15:23:30,2000-01-12 15:24:00,0,0.997,0.003,0.0,WEAR
2000-01-12 15:24:00,2000-01-12 15:24:30,0,1.0,0.0,0.0,WEAR
2000-01-12 15:24:30,2000-01-12 15:25:00,0,0.998,0.002,0.0,WEAR
2000-01-12 15:25:00,2000-01-12 15:25:30,0,0.998,0.002,0.0,WEAR
2000-01-12 15:25:30,2000-01-12 15:26:00,0,0.972,0.028,0.0,WEAR
2000-01-12 15:26:00,2000-01-12 15:26:30,0,0.843,0.157,0.0,WEAR
2000-01-12 15:26:30,2000-01-12 15:27:00,0,1.0,0.0,0.0,WEAR
2000-01-12 15:27:00,2000-01-12 15:27:30,0,0.789,0.211,0.0,WEAR
2000-01-12 15:27:30,2000-01-12 15:28:00,0,1.0,0.0,0.0,WEAR
2000-01-12 15:28:00,2000-01-12 15:28:30,0,1.0,0.0,0.0,WEAR
2000-01-12 15:28:30,2000-01-12 15:29:00,0,0.897,0.103,0.0,WEAR
2000-01-12 15:29:00,2000-01-12 15:29:30,0,0.963,0.037,0.0,WEAR
2000-01-12 15:29:30,2000-01-12 15:30:00,0,0.958,0.042,0.0,WEAR
2000-01-12 15:30:00,2000-01-12 15:30:30,0,0.899,0.101,0.0,WEAR
2000-01-12 15:30:30,2000-01-12 15:31:00,0,0.999,0.001,0.0,WEAR
2000-01-12 15:31:00,2000-01-12 15:31:30,0,0.928,0.072,0.0,WEAR
2000-01-12 15:31:30,2000-01-12 15:32:00,0,0.993,0.007,0.0,WEAR
2000-01-12 15:32:00,2000-01-12 15:32:30,0,0.899,0.101,0.0,WEAR
2000-01-12 15:32:30,2000-01-12 15:33:00,0,0.999,0.001,0.0,WEAR
2000-01-12 15:33:00,2000-01-12 15:33:30,0,0.999,0.001,0.0,WEAR
2000-01-12 15:33:30,2000-01-12 15:34:00,0,1.0,0.0,0.0,WEAR
2000-01-12 15:34:00,2000-01-12 15:34:30,0,1.0,0.0,0.0,WEAR
2000-01-12 15:34:30,2000-01-12 15:35:00,0,0.995,0.005,0.0,WEAR
2000-01-12 15:35:00,2000-01-12 15:35:30,0,1.0,0.0,0.0,WEAR
2000-01-12 15:35:30,2000-01-12 15:36:00,0,0.995,0.005,0.0,WEAR
2000-01-12 15:36:00,2000-01-12 15:36:30,0,0.992,0.008,0.0,WEAR
2000-01-12 15:36:30,2000-01-12 15:37:00,0,0.99,0.01,0.0,WEAR
2000-01-12 15:37:00,2000-01-12 15:37:30,0,0.999,0.001,0.0,WEAR
2000-01-12 15:37:30,2000-01-12 15:38:00,0,0.999,0.001,0.0,WEAR
2000-01-12 15:38:00,2000-01-12 15:38:30,0,1.0,0.0,0.0,WEAR
2000-01-12 15:38:30,2000-01-12 15:39:00,0,0.954,0.046,0.0,WEAR
2000-01-12 15:39:00,2000-01-12 15:39:30,0,0.992,0.008,0.0,WEAR
2000-01-12 15:39:30,2000-01-12 15:40:00,0,1.0,0.0,0.0,WEAR
2000-01-12 15:40:00,2000-01-12 15:40:30,0,0.999,0.001,0.0,WEAR
2000-01-12 15:40:30,2000-01-12 15:41:00,0,0.963,0.037,0.0,WEAR
2000-01-12 15:41:00,2000-01-12 15:41:30,0,0.999,0.001,0.0,WEAR
2000-01-12 15:41:30,2000-01-12 15:42:00,0,1.0,0.0,0.0,WEAR
2000-01-12 15:42:00,2000-01-12 15:42:30,0,1.0,0.0,0.0,WEAR
2000-01-12 15:42:30,2000-01-12 15:43:00,0,1.0,0.0,0.0,WEAR
2000-01-12 15:43:00,2000-01-12 15:43:30,0,0.991,0.009,0.0,WEAR
2000-01-12 15:43:30,2000-01-12 15:44:00,0,0.998,0.002,0.0,WEAR
2000-01-12 15:44:00,2000-01-12 15:44:30,0,0.999,0.001,0.0,WEAR
2000-01-12 15:44:30,2000-01-12 15:45:00,0,0.993,0.007,0.0,WEAR
2000-01-12 15:45:00,2000-01-12 15:45:30,0,0.999,0.001,0.0,WEAR
2000-01-12 15:45:30,2000-01-12 15:46:00,0,0.995,0.005,0.0,WEAR
2000-01-12 15:46:00,2000-01-12 15:46:30,0,1.0,0.0,0.0,WEAR
2000-01-12 15:46:30,2000-01-12 15:47:00,0,1.0,0.0,0.0,WEAR
2000-01-12 15:47:00,2000-01-12 15:47:30,0,0.994,0.006,0.0,WEAR
2000-01-12 15:47:30,2000-01-12 15:48:00,0,0.999,0.001,0.0,WEAR
2000-01-12 15:48:00,2000-01-12 15:48:30,0,1.0,0.0,0.0,WEAR
2000-01-12 15:48:30,2000-01-12 15:49:00,0,1.0,0.0,0.0,WEAR
2000-01-12 15:49:00,2000-01-12 15:49:30,0,0.998,0.002,0.0,WEAR
2000-01-12 15:49:30,2000-01-12 15:50:00,0,0.996,0.004,0.0,WEAR
2000-01-12 15:50:00,2000-01-12 15:50:30,0,0.998,0.002,0.0,WEAR
2000-01-12 15:50:30,2000-01-12 15:51:00,0,1.0,0.0,0.0,WEAR
2000-01-12 15:51:00,2000-01-12 15:51:30,0,0.997,0.003,0.0,WEAR
2000-01-12 15:51:30,2000-01-12 15:52:00,0,1.0,0.0,0.0,WEAR
2000-01-12 15:52:00,2000-01-12 15:52:30,0,1.0,0.0,0.0,WEAR
2000-01-12 15:52:30,2000-01-12 15:53:00,0,1.0,0.0,0.0,WEAR
2000-01-12 15:53:00,2000-01-12 15:53:30,0,1.0,0.0,0.0,WEAR
2000-01-12 15:53:30,2000-01-12 15:54:00,0,0.999,0.001,0.0,WEAR
2000-01-12 15:54:00,2000-01-12 15:54:30,0,0.998,0.002,0.0,WEAR
2000-01-12 15:54:30,2000-01-12 15:55:00,0,1.0,0.0,0.0,WEAR
2000-01-12 15:55:00,2000-01-12 15:55:30,0,0.999,0.001,0.0,WEAR
2000-01-12 15:55:30,2000-01-12 15:56:00,0,1.0,0.0,0.0,WEAR
2000-01-12 15:56:00,2000-01-12 15:56:30,0,1.0,0.0,0.0,WEAR
2000-01-12 15:56:30,2000-01-12 15:57:00,0,0.998,0.002,0.0,WEAR
2000-01-12 15:57:00,2000-01-12 15:57:30,0,0.999,0.001,0.0,WEAR
2000-01-12 15:57:30,2000-01-12 15:58:00,0,0.998,0.002,0.0,WEAR
2000-01-12 15:58:00,2000-01-12 15:58:30,0,1.0,0.0,0.0,WEAR
2000-01-12 15:58:30,2000-01-12 15:59:00,0,1.0,0.0,0.0,WEAR
2000-01-12 15:59:00,2000-01-12 15:59:30,0,1.0,0.0,0.0,WEAR
2000-01-12 15:59:30,2000-01-12 16:00:00,0,1.0,0.0,0.0,WEAR
2000-01-12 16:00:00,2000-01-12 16:00:30,0,0.998,0.002,0.0,WEAR
2000-01-12 16:00:30,2000-01-12 16:01:00,0,0.774,0.226,0.0,WEAR
2000-01-12 16:01:00,2000-01-12 16:01:30,0,0.896,0.104,0.0,WEAR
2000-01-12 16:01:30,2000-01-12 16:02:00,0,0.853,0.147,0.0,WEAR
2000-01-12 16:02:00,2000-01-12 16:02:30,0,0.994,0.006,0.0,WEAR
2000-01-12 16:02:30,2000-01-12 16:03:00,0,0.99,0.01,0.0,WEAR
2000-01-12 16:03:00,2000-01-12 16:03:30,0,0.998,0.002,0.0,WEAR
2000-01-12 16:03:30,2000-01-12 16:04:00,0,0.992,0.008,0.0,WEAR
2000-01-12 16:04:00,2000-01-12 16:04:30,0,1.0,0.0,0.0,WEAR
2000-01-12 16:04:30,2000-01-12 16:05:00,0,0.995,0.005,0.0,WEAR
2000-01-12 16:05:00,2000-01-12 16:05:30,1,0.306,0.694,0.0,SLEEP
2000-01-12 16:05:30,2000-01-12 16:06:00,1,0.248,0.751,0.0,SLEEP
2000-01-12 16:06:00,2000-01-12 16:06:30,1,0.293,0.707,0.0,SLEEP
2000-01-12 16:06:30,2000-01-12 16:07:00,0,0.774,0.226,0.0,WEAR
2000-01-12 16:07:00,2000-01-12 16:07:30,0,0.995,0.005,0.0,WEAR
2000-01-12 16:07:30,2000-01-12 16:08:00,0,0.54,0.46,0.0,WEAR
2000-01-12 16:08:00,2000-01-12 16:08:30,2,0.081,0.42,0.499,NON-WEAR
2000-01-12 16:08:30,2000-01-12 16:09:00,1,0.425,0.575,0.0,SLEEP
2000-01-12 16:09:00,2000-01-12 16:09:30,0,0.985,0.015,0.0,WEAR
2000-01-12 16:09:30,2000-01-12 16:10:00,1,0.321,0.679,0.0,SLEEP
2000-01-12 16:10:00,2000-01-12 16:10:30,1,0.342,0.658,0.0,SLEEP
2000-01-12 16:10:30,2000-01-12 16:11:00,0,0.881,0.119,0.0,WEAR
2000-01-12 16:11:00,2000-01-12 16:11:30,0,0.572,0.428,0.0,WEAR
2000-01-12 16:11:30,2000-01-12 16:12:00,1,0.304,0.696,0.0,SLEEP
2000-01-12 16:12:00,2000-01-12 16:12:30,0,0.858,0.142,0.0,WEAR
2000-01-12 16:12:30,2000-01-12 16:13:00,1,0.382,0.618,0.0,SLEEP
2000-01-12 16:13:00,2000-01-12 16:13:30,1,0.293,0.707,0.0,SLEEP
2000-01-12 16:13:30,2000-01-12 16:14:00,0,0.708,0.292,0.0,WEAR
2000-01-12 16:14:00,2000-01-12 16:14:30,1,0.311,0.689,0.0,SLEEP
2000-01-12 16:14:30,2000-01-12 16:15:00,0,0.552,0.448,0.0,WEAR
2000-01-12 16:15:00,2000-01-12 16:15:30,0,0.918,0.082,0.0,WEAR
2000-01-12 16:15:30,2000-01-12 16:16:00,1,0.414,0.586,0.0,SLEEP
2000-01-12 16:16:00,2000-01-12 16:16:30,1,0.276,0.724,0.0,SLEEP
2000-01-12 16:16:30,2000-01-12 16:17:00,0,0.989,0.011,0.0,WEAR
2000-01-12 16:17:00,2000-01-12 16:17:30,0,0.976,0.024,0.0,WEAR
2000-01-12 16:17:30,2000-01-12 16:18:00,0,0.63,0.37,0.0,WEAR
2000-01-12 16:18:00,2000-01-12 16:18:30,0,0.605,0.395,0.0,WEAR
2000-01-12 16:18:30,2000-01-12 16:19:00,0,0.995,0.005,0.0,WEAR
2000-01-12 16:19:00,2000-01-12 16:19:30,0,1.0,0.0,0.0,WEAR
2000-01-12 16:19:30,2000-01-12 16:20:00,0,1.0,0.0,0.0,WEAR
2000-01-12 16:20:00,2000-01-12 16:20:30,0,0.999,0.001,0.0,WEAR
2000-01-12 16:20:30,2000-01-12 16:21:00,0,0.999,0.001,0.0,WEAR
2000-01-12 16:21:00,2000-01-12 16:21:30,0,0.959,0.041,0.0,WEAR
2000-01-12 16:21:30,2000-01-12 16:22:00,0,0.967,0.033,0.0,WEAR
2000-01-12 16:22:00,2000-01-12 16:22:30,0,0.994,0.006,0.0,WEAR
2000-01-12 16:22:30,2000-01-12 16:23:00,0,0.975,0.025,0.0,WEAR
2000-01-12 16:23:00,2000-01-12 16:23:30,1,0.432,0.568,0.0,SLEEP
2000-01-12 16:23:30,2000-01-12 16:24:00,0,0.746,0.254,0.0,WEAR
2000-01-12 16:24:00,2000-01-12 16:24:30,0,0.98,0.02,0.0,WEAR
2000-01-12 16:24:30,2000-01-12 16:25:00,0,0.826,0.174,0.0,WEAR
2000-01-12 16:25:00,2000-01-12 16:25:30,0,0.914,0.086,0.0,WEAR
2000-01-12 16:25:30,2000-01-12 16:26:00,0,0.957,0.043,0.0,WEAR
2000-01-12 16:26:00,2000-01-12 16:26:30,0,0.967,0.033,0.0,WEAR
2000-01-12 16:26:30,2000-01-12 16:27:00,0,0.98,0.02,0.0,WEAR
2000-01-12 16:27:00,2000-01-12 16:27:30,0,0.975,0.025,0.0,WEAR
2000-01-12 16:27:30,2000-01-12 16:28:00,0,0.988,0.012,0.0,WEAR
2000-01-12 16:28:00,2000-01-12 16:28:30,0,0.996,0.004,0.0,WEAR
2000-01-12 16:28:30,2000-01-12 16:29:00,0,0.938,0.062,0.0,WEAR
2000-01-12 16:29:00,2000-01-12 16:29:30,0,0.968,0.032,0.0,WEAR
2000-01-12 16:29:30,2000-01-12 16:30:00,1,0.307,0.693,0.0,SLEEP
2000-01-12 16:30:00,2000-01-12 16:30:30,0,0.986,0.014,0.0,WEAR
2000-01-12 16:30:30,2000-01-12 16:31:00,0,0.983,0.017,0.0,WEAR
2000-01-12 16:31:00,2000-01-12 16:31:30,0,1.0,0.0,0.0,WEAR
2000-01-12 16:31:30,2000-01-12 16:32:00,0,0.909,0.091,0.0,WEAR
2000-01-12 16:32:00,2000-01-12 16:32:30,0,0.883,0.117,0.0,WEAR
2000-01-12 16:32:30,2000-01-12 16:33:00,0,0.999,0.001,0.0,WEAR
2000-01-12 16:33:00,2000-01-12 16:33:30,0,0.997,0.003,0.0,WEAR
2000-01-12 16:33:30,2000-01-12 16:34:00,0,0.996,0.004,0.0,WEAR
2000-01-12 16:34:00,2000-01-12 16:34:30,0,1.0,0.0,0.0,WEAR
2000-01-12 16:34:30,2000-01-12 16:35:00,0,1.0,0.0,0.0,WEAR
2000-01-12 16:35:00,2000-01-12 16:35:30,0,0.992,0.008,0.0,WEAR
2000-01-12 16:35:30,2000-01-12 16:36:00,0,0.985,0.015,0.0,WEAR
2000-01-12 16:36:00,2000-01-12 16:36:30,0,0.906,0.094,0.0,WEAR
2000-01-12 16:36:30,2000-01-12 16:37:00,0,0.985,0.015,0.0,WEAR
2000-01-12 16:37:00,2000-01-12 16:37:30,0,0.955,0.045,0.0,WEAR
2000-01-12 16:37:30,2000-01-12 16:38:00,0,0.984,0.016,0.0,WEAR
2000-01-12 16:38:00,2000-01-12 16:38:30,0,0.997,0.003,0.0,WEAR
2000-01-12 16:38:30,2000-01-12 16:39:00,0,0.992,0.008,0.0,WEAR
2000-01-12 16:39:00,2000-01-12 16:39:30,0,0.767,0.233,0.0,WEAR
2000-01-12 16:39:30,2000-01-12 16:40:00,0,0.884,0.116,0.0,WEAR
2000-01-12 16:40:00,2000-01-12 16:40:30,1,0.23,0.768,0.002,SLEEP
2000-01-12 16:40:30,2000-01-12 16:41:00,0,0.867,0.133,0.0,WEAR
2000-01-12 16:41:00,2000-01-12 16:41:30,0,0.897,0.103,0.0,WEAR
2000-01-12 16:41:30,2000-01-12 16:42:00,0,1.0,0.0,0.0,WEAR
2000-01-12 16:42:00,2000-01-12 16:42:30,0,0.999,0.001,0.0,WEAR
2000-01-12 16:42:30,2000-01-12 16:43:00,0,0.982,0.018,0.0,WEAR
2000-01-12 16:43:00,2000-01-12 16:43:30,0,0.866,0.134,0.0,WEAR
2000-01-12 16:43:30,2000-01-12 16:44:00,0,0.996,0.004,0.0,WEAR
2000-01-12 16:44:00,2000-01-12 16:44:30,0,0.981,0.019,0.0,WEAR
2000-01-12 16:44:30,2000-01-12 16:45:00,0,0.967,0.033,0.0,WEAR
2000-01-12 16:45:00,2000-01-12 16:45:30,1,0.189,0.784,0.027,SLEEP
2000-01-12 16:45:30,2000-01-12 16:46:00,0,0.806,0.194,0.0,WEAR
2000-01-12 16:46:00,2000-01-12 16:46:30,0,0.991,0.009,0.0,WEAR
2000-01-12 16:46:30,2000-01-12 16:47:00,0,0.608,0.392,0.0,WEAR
2000-01-12 16:47:00,2000-01-12 16:47:30,1,0.333,0.667,0.0,SLEEP
2000-01-12 16:47:30,2000-01-12 16:48:00,0,0.779,0.221,0.0,WEAR
2000-01-12 16:48:00,2000-01-12 16:48:30,0,0.804,0.196,0.0,WEAR
2000-01-12 16:48:30,2000-01-12 16:49:00,0,0.62,0.38,0.0,WEAR
2000-01-12 16:49:00,2000-01-12 16:49:30,0,0.948,0.052,0.0,WEAR
2000-01-12 16:49:30,2000-01-12 16:50:00,2,0.067,0.381,0.552,NON-WEAR
2000-01-12 16:50:00,2000-01-12 16:50:30,1,0.407,0.593,0.0,SLEEP
2000-01-12 16:50:30,2000-01-12 16:51:00,0,0.873,0.127,0.0,WEAR
2000-01-12 16:51:00,2000-01-12 16:51:30,0,0.998,0.002,0.0,WEAR
2000-01-12 16:51:30,2000-01-12 16:52:00,0,0.952,0.048,0.0,WEAR
2000-01-12 16:52:00,2000-01-12 16:52:30,0,0.997,0.003,0.0,WEAR
2000-01-12 16:52:30,2000-01-12 16:53:00,0,0.918,0.082,0.0,WEAR
2000-01-12 16:53:00,2000-01-12 16:53:30,0,0.962,0.038,0.0,WEAR
2000-01-12 16:53:30,2000-01-12 16:54:00,0,0.993,0.007,0.0,WEAR
2000-01-12 16:54:00,2000-01-12 16:54:30,0,0.988,0.012,0.0,WEAR
2000-01-12 16:54:30,2000-01-12 16:55:00,0,0.909,0.091,0.0,WEAR
2000-01-12 16:55:00,2000-01-12 16:55:30,0,1.0,0.0,0.0,WEAR
2000-01-12 16:55:30,2000-01-12 16:56:00,0,0.968,0.032,0.0,WEAR
2000-01-12 16:56:00,2000-01-12 16:56:30,0,0.99,0.01,0.0,WEAR
2000-01-12 16:56:30,2000-01-12 16:57:00,0,0.988,0.012,0.0,WEAR
2000-01-12 16:57:00,2000-01-12 16:57:30,0,0.995,0.005,0.0,WEAR
2000-01-12 16:57:30,2000-01-12 16:58:00,0,0.991,0.009,0.0,WEAR
2000-01-12 16:58:00,2000-01-12 16:58:30,0,0.901,0.099,0.0,WEAR
2000-01-12 16:58:30,2000-01-12 16:59:00,0,0.987,0.013,0.0,WEAR
2000-01-12 16:59:00,2000-01-12 16:59:30,0,0.979,0.021,0.0,WEAR
2000-01-12 16:59:30,2000-01-12 17:00:00,0,0.99,0.01,0.0,WEAR
2000-01-12 17:00:00,2000-01-12 17:00:30,0,0.608,0.392,0.0,WEAR
2000-01-12 17:00:30,2000-01-12 17:01:00,0,0.957,0.043,0.0,WEAR
2000-01-12 17:01:00,2000-01-12 17:01:30,0,0.981,0.019,0.0,WEAR
2000-01-12 17:01:30,2000-01-12 17:02:00,0,0.972,0.028,0.0,WEAR
2000-01-12 17:02:00,2000-01-12 17:02:30,0,0.537,0.463,0.0,WEAR
2000-01-12 17:02:30,2000-01-12 17:03:00,0,0.568,0.432,0.0,WEAR
2000-01-12 17:03:00,2000-01-12 17:03:30,0,0.863,0.137,0.0,WEAR
2000-01-12 17:03:30,2000-01-12 17:04:00,0,0.913,0.087,0.0,WEAR
2000-01-12 17:04:00,2000-01-12 17:04:30,0,0.993,0.007,0.0,WEAR
2000-01-12 17:04:30,2000-01-12 17:05:00,0,0.993,0.007,0.0,WEAR
2000-01-12 17:05:00,2000-01-12 17:05:30,0,0.994,0.006,0.0,WEAR
2000-01-12 17:05:30,2000-01-12 17:06:00,0,0.944,0.056,0.0,WEAR
2000-01-12 17:06:00,2000-01-12 17:06:30,0,0.931,0.069,0.0,WEAR
2000-01-12 17:06:30,2000-01-12 17:07:00,0,0.888,0.112,0.0,WEAR
2000-01-12 17:07:00,2000-01-12 17:07:30,0,0.927,0.073,0.0,WEAR
2000-01-12 17:07:30,2000-01-12 17:08:00,0,0.812,0.188,0.0,WEAR
2000-01-12 17:08:00,2000-01-12 17:08:30,0,0.875,0.125,0.0,WEAR
2000-01-12 17:08:30,2000-01-12 17:09:00,0,0.999,0.001,0.0,WEAR
2000-01-12 17:09:00,2000-01-12 17:09:30,1,0.378,0.622,0.0,SLEEP
2000-01-12 17:09:30,2000-01-12 17:10:00,0,0.992,0.008,0.0,WEAR
2000-01-12 17:10:00,2000-01-12 17:10:30,0,0.713,0.287,0.0,WEAR
2000-01-12 17:10:30,2000-01-12 17:11:00,0,0.801,0.199,0.0,WEAR
2000-01-12 17:11:00,2000-01-12 17:11:30,0,0.853,0.147,0.0,WEAR
2000-01-12 17:11:30,2000-01-12 17:12:00,0,0.884,0.116,0.0,WEAR
2000-01-12 17:12:00,2000-01-12 17:12:30,1,0.15,0.69,0.16,SLEEP
2000-01-12 17:12:30,2000-01-12 17:13:00,0,0.958,0.042,0.0,WEAR
2000-01-12 17:13:00,2000-01-12 17:13:30,0,0.88,0.12,0.0,WEAR
2000-01-12 17:13:30,2000-01-12 17:14:00,0,0.945,0.055,0.0,WEAR
2000-01-12 17:14:00,2000-01-12 17:14:30,0,0.999,0.001,0.0,WEAR
2000-01-12 17:14:30,2000-01-12 17:15:00,0,0.973,0.027,0.0,WEAR
2000-01-12 17:15:00,2000-01-12 17:15:30,2,0.067,0.453,0.48,NON-WEAR
2000-01-12 17:15:30,2000-01-12 17:16:00,0,1.0,0.0,0.0,WEAR
2000-01-12 17:16:00,2000-01-12 17:16:30,0,0.677,0.323,0.0,WEAR
2000-01-12 17:16:30,2000-01-12 17:17:00,1,0.23,0.77,0.0,SLEEP
2000-01-12 17:17:00,2000-01-12 17:17:30,0,0.992,0.008,0.0,WEAR
2000-01-12 17:17:30,2000-01-12 17:18:00,0,1.0,0.0,0.0,WEAR
2000-01-12 17:18:00,2000-01-12 17:18:30,0,0.99,0.01,0.0,WEAR
2000-01-12 17:18:30,2000-01-12 17:19:00,0,0.989,0.011,0.0,WEAR
2000-01-12 17:19:00,2000-01-12 17:19:30,0,0.884,0.116,0.0,WEAR
2000-01-12 17:19:30,2000-01-12 17:20:00,0,0.99,0.01,0.0,WEAR
2000-01-12 17:20:00,2000-01-12 17:20:30,2,0.06,0.374,0.566,NON-WEAR
2000-01-12 17:20:30,2000-01-12 17:21:00,1,0.224,0.775,0.001,SLEEP
2000-01-12 17:21:00,2000-01-12 17:21:30,1,0.305,0.695,0.0,SLEEP
2000-01-12 17:21:30,2000-01-12 17:22:00,0,0.972,0.028,0.0,WEAR
2000-01-12 17:22:00,2000-01-12 17:22:30,0,0.999,0.001,0.0,WEAR
2000-01-12 17:22:30,2000-01-12 17:23:00,0,0.983,0.017,0.0,WEAR
2000-01-12 17:23:00,2000-01-12 17:23:30,0,0.986,0.014,0.0,WEAR
2000-01-12 17:23:30,2000-01-12 17:24:00,0,0.997,0.003,0.0,WEAR
2000-01-12 17:24:00,2000-01-12 17:24:30,0,0.997,0.003,0.0,WEAR
2000-01-12 17:24:30,2000-01-12 17:25:00,0,0.988,0.012,0.0,WEAR
2000-01-12 17:25:00,2000-01-12 17:25:30,0,0.998,0.002,0.0,WEAR
2000-01-12 17:25:30,2000-01-12 17:26:00,0,0.997,0.003,0.0,WEAR
2000-01-12 17:26:00,2000-01-12 17:26:30,0,0.999,0.001,0.0,WEAR
2000-01-12 17:26:30,2000-01-12 17:27:00,0,1.0,0.0,0.0,WEAR
2000-01-12 17:27:00,2000-01-12 17:27:30,0,1.0,0.0,0.0,WEAR
2000-01-12 17:27:30,2000-01-12 17:28:00,0,0.998,0.002,0.0,WEAR
2000-01-12 17:28:00,2000-01-12 17:28:30,0,0.875,0.125,0.0,WEAR
2000-01-12 17:28:30,2000-01-12 17:29:00,0,0.997,0.003,0.0,WEAR
2000-01-12 17:29:00,2000-01-12 17:29:30,0,0.999,0.001,0.0,WEAR
2000-01-12 17:29:30,2000-01-12 17:30:00,0,0.985,0.015,0.0,WEAR
2000-01-12 17:30:00,2000-01-12 17:30:30,0,0.999,0.001,0.0,WEAR
2000-01-12 17:30:30,2000-01-12 17:31:00,0,1.0,0.0,0.0,WEAR
2000-01-12 17:31:00,2000-01-12 17:31:30,0,0.991,0.009,0.0,WEAR
2000-01-12 17:31:30,2000-01-12 17:32:00,0,1.0,0.0,0.0,WEAR
2000-01-12 17:32:00,2000-01-12 17:32:30,0,0.978,0.022,0.0,WEAR
2000-01-12 17:32:30,2000-01-12 17:33:00,0,0.999,0.001,0.0,WEAR
2000-01-12 17:33:00,2000-01-12 17:33:30,0,0.998,0.002,0.0,WEAR
2000-01-12 17:33:30,2000-01-12 17:34:00,0,0.98,0.02,0.0,WEAR
2000-01-12 17:34:00,2000-01-12 17:34:30,0,0.985,0.015,0.0,WEAR
2000-01-12 17:34:30,2000-01-12 17:35:00,0,0.957,0.043,0.0,WEAR
2000-01-12 17:35:00,2000-01-12 17:35:30,0,0.999,0.001,0.0,WEAR
2000-01-12 17:35:30,2000-01-12 17:36:00,0,0.995,0.005,0.0,WEAR
2000-01-12 17:36:00,2000-01-12 17:36:30,0,1.0,0.0,0.0,WEAR
2000-01-12 17:36:30,2000-01-12 17:37:00,0,0.997,0.003,0.0,WEAR
2000-01-12 17:37:00,2000-01-12 17:37:30,0,0.98,0.02,0.0,WEAR
2000-01-12 17:37:30,2000-01-12 17:38:00,0,0.999,0.001,0.0,WEAR
2000-01-12 17:38:00,2000-01-12 17:38:30,0,0.976,0.024,0.0,WEAR
2000-01-12 17:38:30,2000-01-12 17:39:00,0,1.0,0.0,0.0,WEAR
2000-01-12 17:39:00,2000-01-12 17:39:30,0,0.965,0.035,0.0,WEAR
2000-01-12 17:39:30,2000-01-12 17:40:00,0,0.964,0.036,0.0,WEAR
2000-01-12 17:40:00,2000-01-12 17:40:30,0,0.981,0.019,0.0,WEAR
2000-01-12 17:40:30,2000-01-12 17:41:00,0,0.986,0.014,0.0,WEAR
2000-01-12 17:41:00,2000-01-12 17:41:30,0,0.997,0.003,0.0,WEAR
2000-01-12 17:41:30,2000-01-12 17:42:00,0,0.995,0.005,0.0,WEAR
2000-01-12 17:42:00,2000-01-12 17:42:30,0,1.0,0.0,0.0,WEAR
2000-01-12 17:42:30,2000-01-12 17:43:00,0,0.995,0.005,0.0,WEAR
2000-01-12 17:43:00,2000-01-12 17:43:30,0,0.998,0.002,0.0,WEAR
2000-01-12 17:43:30,2000-01-12 17:44:00,0,0.935,0.065,0.0,WEAR
2000-01-12 17:44:00,2000-01-12 17:44:30,0,0.995,0.005,0.0,WEAR
2000-01-12 17:44:30,2000-01-12 17:45:00,0,0.966,0.034,0.0,WEAR
2000-01-12 17:45:00,2000-01-12 17:45:30,0,0.987,0.013,0.0,WEAR
2000-01-12 17:45:30,2000-01-12 17:46:00,0,0.832,0.168,0.0,WEAR
2000-01-12 17:46:00,2000-01-12 17:46:30,0,0.995,0.005,0.0,WEAR
2000-01-12 17:46:30,2000-01-12 17:47:00,0,0.994,0.006,0.0,WEAR
2000-01-12 17:47:00,2000-01-12 17:47:30,0,0.998,0.002,0.0,WEAR
2000-01-12 17:47:30,2000-01-12 17:48:00,0,0.988,0.012,0.0,WEAR
2000-01-12 17:48:00,2000-01-12 17:48:30,0,0.995,0.005,0.0,WEAR
2000-01-12 17:48:30,2000-01-12 17:49:00,0,0.954,0.046,0.0,WEAR
2000-01-12 17:49:00,2000-01-12 17:49:30,0,0.997,0.003,0.0,WEAR
2000-01-12 17:49:30,2000-01-12 17:50:00,0,0.991,0.009,0.0,WEAR
2000-01-12 17:50:00,2000-01-12 17:50:30,1,0.356,0.644,0.0,SLEEP
2000-01-12 17:50:30,2000-01-12 17:51:00,1,0.252,0.748,0.0,SLEEP
2000-01-12 17:51:00,2000-01-12 17:51:30,0,0.971,0.029,0.0,WEAR
2000-01-12 17:51:30,2000-01-12 17:52:00,1,0.466,0.534,0.0,SLEEP
2000-01-12 17:52:00,2000-01-12 17:52:30,1,0.249,0.751,0.0,SLEEP
2000-01-12 17:52:30,2000-01-12 17:53:00,1,0.317,0.683,0.0,SLEEP
2000-01-12 17:53:00,2000-01-12 17:53:30,1,0.284,0.716,0.0,SLEEP
2000-01-12 17:53:30,2000-01-12 17:54:00,0,0.66,0.34,0.0,WEAR
2000-01-12 17:54:00,2000-01-12 17:54:30,0,0.94,0.06,0.0,WEAR
2000-01-12 17:54:30,2000-01-12 17:55:00,1,0.266,0.734,0.0,SLEEP
2000-01-12 17:55:00,2000-01-12 17:55:30,1,0.179,0.77,0.05,SLEEP
2000-01-12 17:55:30,2000-01-12 17:56:00,2,0.067,0.382,0.551,NON-WEAR
2000-01-12 17:56:00,2000-01-12 17:56:30,1,0.436,0.564,0.0,SLEEP
2000-01-12 17:56:30,2000-01-12 17:57:00,1,0.24,0.76,0.0,SLEEP
2000-01-12 17:57:00,2000-01-12 17:57:30,1,0.336,0.664,0.0,SLEEP
2000-01-12 17:57:30,2000-01-12 17:58:00,1,0.234,0.766,0.0,SLEEP
2000-01-12 17:58:00,2000-01-12 17:58:30,1,0.201,0.791,0.009,SLEEP
2000-01-12 17:58:30,2000-01-12 17:59:00,1,0.338,0.662,0.0,SLEEP
2000-01-12 17:59:00,2000-01-12 17:59:30,1,0.255,0.745,0.0,SLEEP
2000-01-12 17:59:30,2000-01-12 18:00:00,1,0.227,0.772,0.001,SLEEP
2000-01-12 18:00:00,2000-01-12 18:00:30,1,0.29,0.71,0.0,SLEEP
2000-01-12 18:00:30,2000-01-12 18:01:00,1,0.265,0.735,0.0,SLEEP
2000-01-12 18:01:00,2000-01-12 18:01:30,2,0.054,0.372,0.573,NON-WEAR
2000-01-12 18:01:30,2000-01-12 18:02:00,1,0.308,0.692,0.0,SLEEP
2000-01-12 18:02:00,2000-01-12 18:02:30,1,0.35,0.65,0.0,SLEEP
2000-01-12 18:02:30,2000-01-12 18:03:00,1,0.252,0.748,0.0,SLEEP
2000-01-12 18:03:00,2000-01-12 18:03:30,1,0.268,0.732,0.0,SLEEP
2000-01-12 18:03:30,2000-01-12 18:04:00,1,0.2,0.791,0.009,SLEEP
2000-01-12 18:04:00,2000-01-12 18:04:30,1,0.29,0.71,0.0,SLEEP
2000-01-12 18:04:30,2000-01-12 18:05:00,1,0.325,0.675,0.0,SLEEP
2000-01-12 18:05:00,2000-01-12 18:05:30,1,0.335,0.665,0.0,SLEEP
2000-01-12 18:05:30,2000-01-12 18:06:00,0,0.838,0.162,0.0,WEAR
2000-01-12 18:06:00,2000-01-12 18:06:30,0,0.916,0.084,0.0,WEAR
2000-01-12 18:06:30,2000-01-12 18:07:00,1,0.26,0.74,0.0,SLEEP
2000-01-12 18:07:00,2000-01-12 18:07:30,2,0.082,0.424,0.495,NON-WEAR
2000-01-12 18:07:30,2000-01-12 18:08:00,1,0.394,0.606,0.0,SLEEP
2000-01-12 18:08:00,2000-01-12 18:08:30,1,0.241,0.759,0.0,SLEEP
2000-01-12 18:08:30,2000-01-12 18:09:00,1,0.273,0.727,0.0,SLEEP
2000-01-12 18:09:00,2000-01-12 18:09:30,1,0.322,0.678,0.0,SLEEP
2000-01-12 18:09:30,2000-01-12 18:10:00,1,0.266,0.734,0.0,SLEEP
2000-01-12 18:10:00,2000-01-12 18:10:30,1,0.223,0.777,0.001,SLEEP
2000-01-12 18:10:30,2000-01-12 18:11:00,0,0.839,0.161,0.0,WEAR
2000-01-12 18:11:00,2000-01-12 18:11:30,1,0.368,0.632,0.0,SLEEP
2000-01-12 18:11:30,2000-01-12 18:12:00,1,0.273,0.727,0.0,SLEEP
2000-01-12 18:12:00,2000-01-12 18:12:30,0,0.997,0.003,0.0,WEAR
2000-01-12 18:12:30,2000-01-12 18:13:00,0,0.937,0.063,0.0,WEAR
2000-01-12 18:13:00,2000-01-12 18:13:30,0,0.982,0.018,0.0,WEAR
2000-01-12 18:13:30,2000-01-12 18:14:00,0,0.993,0.007,0.0,WEAR
2000-01-12 18:14:00,2000-01-12 18:14:30,0,0.601,0.399,0.0,WEAR
2000-01-12 18:14:30,2000-01-12 18:15:00,1,0.127,0.601,0.271,SLEEP
2000-01-12 18:15:00,2000-01-12 18:15:30,0,0.953,0.047,0.0,WEAR
2000-01-12 18:15:30,2000-01-12 18:16:00,0,0.593,0.407,0.0,WEAR
2000-01-12 18:16:00,2000-01-12 18:16:30,0,0.88,0.12,0.0,WEAR
2000-01-12 18:16:30,2000-01-12 18:17:00,1,0.412,0.588,0.0,SLEEP
2000-01-12 18:17:00,2000-01-12 18:17:30,0,0.901,0.099,0.0,WEAR
2000-01-12 18:17:30,2000-01-12 18:18:00,0,0.919,0.081,0.0,WEAR
2000-01-12 18:18:00,2000-01-12 18:18:30,1,0.338,0.662,0.0,SLEEP
2000-01-12 18:18:30,2000-01-12 18:19:00,0,0.956,0.044,0.0,WEAR
2000-01-12 18:19:00,2000-01-12 18:19:30,1,0.415,0.585,0.0,SLEEP
2000-01-12 18:19:30,2000-01-12 18:20:00,1,0.304,0.696,0.0,SLEEP
2000-01-12 18:20:00,2000-01-12 18:20:30,0,0.997,0.003,0.0,WEAR
2000-01-12 18:20:30,2000-01-12 18:21:00,0,0.549,0.451,0.0,WEAR
2000-01-12 18:21:00,2000-01-12 18:21:30,0,0.902,0.098,0.0,WEAR
2000-01-12 18:21:30,2000-01-12 18:22:00,0,0.929,0.071,0.0,WEAR
2000-01-12 18:22:00,2000-01-12 18:22:30,0,0.983,0.017,0.0,WEAR
2000-01-12 18:22:30,2000-01-12 18:23:00,0,0.993,0.007,0.0,WEAR
2000-01-12 18:23:00,2000-01-12 18:23:30,0,0.767,0.233,0.0,WEAR
2000-01-12 18:23:30,2000-01-12 18:24:00,0,0.972,0.028,0.0,WEAR
2000-01-12 18:24:00,2000-01-12 18:24:30,0,0.536,0.464,0.0,WEAR
2000-01-12 18:24:30,2000-01-12 18:25:00,0,0.952,0.048,0.0,WEAR
2000-01-12 18:25:00,2000-01-12 18:25:30,0,0.992,0.008,0.0,WEAR
2000-01-12 18:25:30,2000-01-12 18:26:00,0,0.98,0.02,0.0,WEAR
2000-01-12 18:26:00,2000-01-12 18:26:30,0,0.997,0.003,0.0,WEAR
2000-01-12 18:26:30,2000-01-12 18:27:00,0,0.994,0.006,0.0,WEAR
2000-01-12 18:27:00,2000-01-12 18:27:30,0,0.997,0.003,0.0,WEAR
2000-01-12 18:27:30,2000-01-12 18:28:00,0,0.981,0.019,0.0,WEAR
2000-01-12 18:28:00,2000-01-12 18:28:30,0,0.726,0.274,0.0,WEAR
2000-01-12 18:28:30,2000-01-12 18:29:00,0,0.927,0.073,0.0,WEAR
2000-01-12 18:29:00,2000-01-12 18:29:30,0,0.993,0.007,0.0,WEAR
2000-01-12 18:29:30,2000-01-12 18:30:00,0,0.652,0.348,0.0,WEAR
2000-01-12 18:30:00,2000-01-12 18:30:30,1,0.308,0.692,0.0,SLEEP
2000-01-12 18:30:30,2000-01-12 18:31:00,0,0.854,0.146,0.0,WEAR
2000-01-12 18:31:00,2000-01-12 18:31:30,0,0.981,0.019,0.0,WEAR
2000-01-12 18:31:30,2000-01-12 18:32:00,0,0.997,0.003,0.0,WEAR
2000-01-12 18:32:00,2000-01-12 18:32:30,1,0.386,0.614,0.0,SLEEP
2000-01-12 18:32:30,2000-01-12 18:33:00,1,0.319,0.681,0.0,SLEEP
2000-01-12 18:33:00,2000-01-12 18:33:30,0,0.501,0.499,0.0,WEAR
2000-01-12 18:33:30,2000-01-12 18:34:00,1,0.279,0.721,0.0,SLEEP
2000-01-12 18:34:00,2000-01-12 18:34:30,0,0.944,0.056,0.0,WEAR
2000-01-12 18:34:30,2000-01-12 18:35:00,0,0.991,0.009,0.0,WEAR
2000-01-12 18:35:00,2000-01-12 18:35:30,0,0.937,0.063,0.0,WEAR
2000-01-12 18:35:30,2000-01-12 18:36:00,0,0.915,0.085,0.0,WEAR
2000-01-12 18:36:00,2000-01-12 18:36:30,0,0.998,0.002,0.0,WEAR
2000-01-12 18:36:30,2000-01-12 18:37:00,0,0.997,0.003,0.0,WEAR
2000-01-12 18:37:00,2000-01-12 18:37:30,0,0.997,0.003,0.0,WEAR
2000-01-12 18:37:30,2000-01-12 18:38:00,0,0.996,0.004,0.0,WEAR
2000-01-12 18:38:00,2000-01-12 18:38:30,0,0.648,0.352,0.0,WEAR
2000-01-12 18:38:30,2000-01-12 18:39:00,0,0.989,0.011,0.0,WEAR
2000-01-12 18:39:00,2000-01-12 18:39:30,0,0.987,0.013,0.0,WEAR
2000-01-12 18:39:30,2000-01-12 18:40:00,0,0.991,0.009,0.0,WEAR
2000-01-12 18:40:00,2000-01-12 18:40:30,0,0.925,0.075,0.0,WEAR
2000-01-12 18:40:30,2000-01-12 18:41:00,0,0.83,0.17,0.0,WEAR
2000-01-12 18:41:00,2000-01-12 18:41:30,0,0.987,0.013,0.0,WEAR
2000-01-12 18:41:30,2000-01-12 18:42:00,0,0.988,0.012,0.0,WEAR
2000-01-12 18:42:00,2000-01-12 18:42:30,0,0.997,0.003,0.0,WEAR
2000-01-12 18:42:30,2000-01-12 18:43:00,0,0.975,0.025,0.0,WEAR
2000-01-12 18:43:00,2000-01-12 18:43:30,0,0.878,0.122,0.0,WEAR
2000-01-12 18:43:30,2000-01-12 18:44:00,0,0.996,0.004,0.0,WEAR
2000-01-12 18:44:00,2000-01-12 18:44:30,0,0.988,0.012,0.0,WEAR
2000-01-12 18:44:30,2000-01-12 18:45:00,0,0.998,0.002,0.0,WEAR
2000-01-12 18:45:00,2000-01-12 18:45:30,0,0.996,0.004,0.0,WEAR
2000-01-12 18:45:30,2000-01-12 18:46:00,0,0.984,0.016,0.0,WEAR
2000-01-12 18:46:00,2000-01-12 18:46:30,0,0.982,0.018,0.0,WEAR
2000-01-12 18:46:30,2000-01-12 18:47:00,0,0.962,0.038,0.0,WEAR
2000-01-12 18:47:00,2000-01-12 18:47:30,0,0.934,0.066,0.0,WEAR
2000-01-12 18:47:30,2000-01-12 18:48:00,0,0.751,0.249,0.0,WEAR
2000-01-12 18:48:00,2000-01-12 18:48:30,0,0.88,0.12,0.0,WEAR
2000-01-12 18:48:30,2000-01-12 18:49:00,0,0.794,0.206,0.0,WEAR
2000-01-12 18:49:00,2000-01-12 18:49:30,0,0.971,0.029,0.0,WEAR
2000-01-12 18:49:30,2000-01-12 18:50:00,0,1.0,0.0,0.0,WEAR
2000-01-12 18:50:00,2000-01-12 18:50:30,0,0.999,0.001,0.0,WEAR
2000-01-12 18:50:30,2000-01-12 18:51:00,0,0.613,0.387,0.0,WEAR
2000-01-12 18:51:00,2000-01-12 18:51:30,0,0.619,0.381,0.0,WEAR
2000-01-12 18:51:30,2000-01-12 18:52:00,0,0.874,0.126,0.0,WEAR
2000-01-12 18:52:00,2000-01-12 18:52:30,0,0.826,0.174,0.0,WEAR
2000-01-12 18:52:30,2000-01-12 18:53:00,0,0.993,0.007,0.0,WEAR
2000-01-12 18:53:00,2000-01-12 18:53:30,0,0.96,0.04,0.0,WEAR
2000-01-12 18:53:30,2000-01-12 18:54:00,0,0.927,0.073,0.0,WEAR
2000-01-12 18:54:00,2000-01-12 18:54:30,0,0.902,0.098,0.0,WEAR
2000-01-12 18:54:30,2000-01-12 18:55:00,0,0.871,0.129,0.0,WEAR
2000-01-12 18:55:00,2000-01-12 18:55:30,0,0.997,0.003,0.0,WEAR
2000-01-12 18:55:30,2000-01-12 18:56:00,0,0.999,0.001,0.0,WEAR
2000-01-12 18:56:00,2000-01-12 18:56:30,0,0.893,0.107,0.0,WEAR
2000-01-12 18:56:30,2000-01-12 18:57:00,0,0.944,0.056,0.0,WEAR
2000-01-12 18:57:00,2000-01-12 18:57:30,0,0.911,0.089,0.0,WEAR
2000-01-12 18:57:30,2000-01-12 18:58:00,0,0.694,0.306,0.0,WEAR
2000-01-12 18:58:00,2000-01-12 18:58:30,0,0.933,0.067,0.0,WEAR
2000-01-12 18:58:30,2000-01-12 18:59:00,0,0.961,0.039,0.0,WEAR
2000-01-12 18:59:00,2000-01-12 18:59:30,0,0.983,0.017,0.0,WEAR
2000-01-12 18:59:30,2000-01-12 19:00:00,0,0.951,0.049,0.0,WEAR
2000-01-12 19:00:00,2000-01-12 19:00:30,0,1.0,0.0,0.0,WEAR
2000-01-12 19:00:30,2000-01-12 19:01:00,0,1.0,0.0,0.0,WEAR
2000-01-12 19:01:00,2000-01-12 19:01:30,0,0.997,0.003,0.0,WEAR
2000-01-12 19:01:30,2000-01-12 19:02:00,0,0.997,0.003,0.0,WEAR
2000-01-12 19:02:00,2000-01-12 19:02:30,0,0.569,0.431,0.0,WEAR
2000-01-12 19:02:30,2000-01-12 19:03:00,0,1.0,0.0,0.0,WEAR
2000-01-12 19:03:00,2000-01-12 19:03:30,0,0.999,0.001,0.0,WEAR
2000-01-12 19:03:30,2000-01-12 19:04:00,0,0.964,0.036,0.0,WEAR
2000-01-12 19:04:00,2000-01-12 19:04:30,0,0.991,0.009,0.0,WEAR
2000-01-12 19:04:30,2000-01-12 19:05:00,0,0.769,0.231,0.0,WEAR
2000-01-12 19:05:00,2000-01-12 19:05:30,0,0.963,0.037,0.0,WEAR
2000-01-12 19:05:30,2000-01-12 19:06:00,0,0.767,0.233,0.0,WEAR
2000-01-12 19:06:00,2000-01-12 19:06:30,0,0.608,0.392,0.0,WEAR
2000-01-12 19:06:30,2000-01-12 19:07:00,1,0.418,0.577,0.005,SLEEP
2000-01-12 19:07:00,2000-01-12 19:07:30,0,0.983,0.017,0.0,WEAR
2000-01-12 19:07:30,2000-01-12 19:08:00,0,0.838,0.162,0.0,WEAR
2000-01-12 19:08:00,2000-01-12 19:08:30,0,0.911,0.089,0.0,WEAR
2000-01-12 19:08:30,2000-01-12 19:09:00,0,0.991,0.009,0.0,WEAR
2000-01-12 19:09:00,2000-01-12 19:09:30,0,0.975,0.025,0.0,WEAR
2000-01-12 19:09:30,2000-01-12 19:10:00,0,0.975,0.025,0.0,WEAR
2000-01-12 19:10:00,2000-01-12 19:10:30,1,0.308,0.692,0.0,SLEEP
2000-01-12 19:10:30,2000-01-12 19:11:00,0,0.86,0.14,0.0,WEAR
2000-01-12 19:11:00,2000-01-12 19:11:30,0,0.532,0.468,0.0,WEAR
2000-01-12 19:11:30,2000-01-12 19:12:00,0,0.977,0.023,0.0,WEAR
2000-01-12 19:12:00,2000-01-12 19:12:30,0,0.831,0.169,0.0,WEAR
2000-01-12 19:12:30,2000-01-12 19:13:00,0,0.97,0.03,0.0,WEAR
2000-01-12 19:13:00,2000-01-12 19:13:30,0,0.985,0.015,0.0,WEAR
2000-01-12 19:13:30,2000-01-12 19:14:00,0,0.995,0.005,0.0,WEAR
2000-01-12 19:14:00,2000-01-12 19:14:30,0,0.964,0.036,0.0,WEAR
2000-01-12 19:14:30,2000-01-12 19:15:00,0,0.998,0.002,0.0,WEAR
2000-01-12 19:15:00,2000-01-12 19:15:30,0,0.986,0.014,0.0,WEAR
2000-01-12 19:15:30,2000-01-12 19:16:00,0,0.893,0.107,0.0,WEAR
2000-01-12 19:16:00,2000-01-12 19:16:30,0,0.993,0.007,0.0,WEAR
2000-01-12 19:16:30,2000-01-12 19:17:00,0,0.949,0.051,0.0,WEAR
2000-01-12 19:17:00,2000-01-12 19:17:30,0,0.98,0.02,0.0,WEAR
2000-01-12 19:17:30,2000-01-12 19:18:00,0,0.965,0.035,0.0,WEAR
2000-01-12 19:18:00,2000-01-12 19:18:30,0,0.992,0.008,0.0,WEAR
2000-01-12 19:18:30,2000-01-12 19:19:00,0,0.968,0.032,0.0,WEAR
2000-01-12 19:19:00,2000-01-12 19:19:30,0,0.834,0.166,0.0,WEAR
2000-01-12 19:19:30,2000-01-12 19:20:00,0,0.96,0.04,0.0,WEAR
2000-01-12 19:20:00,2000-01-12 19:20:30,0,0.628,0.372,0.0,WEAR
2000-01-12 19:20:30,2000-01-12 19:21:00,0,0.999,0.001,0.0,WEAR
2000-01-12 19:21:00,2000-01-12 19:21:30,0,0.916,0.084,0.0,WEAR
2000-01-12 19:21:30,2000-01-12 19:22:00,0,0.938,0.062,0.0,WEAR
2000-01-12 19:22:00,2000-01-12 19:22:30,0,0.988,0.012,0.0,WEAR
2000-01-12 19:22:30,2000-01-12 19:23:00,0,0.999,0.001,0.0,WEAR
2000-01-12 19:23:00,2000-01-12 19:23:30,0,0.971,0.029,0.0,WEAR
2000-01-12 19:23:30,2000-01-12 19:24:00,0,0.918,0.082,0.0,WEAR
2000-01-12 19:24:00,2000-01-12 19:24:30,1,0.445,0.555,0.0,SLEEP
2000-01-12 19:24:30,2000-01-12 19:25:00,0,0.997,0.003,0.0,WEAR
2000-01-12 19:25:00,2000-01-12 19:25:30,0,0.977,0.023,0.0,WEAR
2000-01-12 19:25:30,2000-01-12 19:26:00,0,0.951,0.049,0.0,WEAR
2000-01-12 19:26:00,2000-01-12 19:26:30,0,0.938,0.062,0.0,WEAR
2000-01-12 19:26:30,2000-01-12 19:27:00,0,0.957,0.043,0.0,WEAR
2000-01-12 19:27:00,2000-01-12 19:27:30,0,0.989,0.011,0.0,WEAR
2000-01-12 19:27:30,2000-01-12 19:28:00,0,0.99,0.01,0.0,WEAR
2000-01-12 19:28:00,2000-01-12 19:28:30,0,0.949,0.051,0.0,WEAR
2000-01-12 19:28:30,2000-01-12 19:29:00,0,0.978,0.022,0.0,WEAR
2000-01-12 19:29:00,2000-01-12 19:29:30,0,0.828,0.172,0.0,WEAR
2000-01-12 19:29:30,2000-01-12 19:30:00,1,0.433,0.567,0.0,SLEEP
2000-01-12 19:30:00,2000-01-12 19:30:30,1,0.329,0.671,0.0,SLEEP
2000-01-12 19:30:30,2000-01-12 19:31:00,0,0.984,0.016,0.0,WEAR
2000-01-12 19:31:00,2000-01-12 19:31:30,0,0.996,0.004,0.0,WEAR
2000-01-12 19:31:30,2000-01-12 19:32:00,0,0.942,0.058,0.0,WEAR
2000-01-12 19:32:00,2000-01-12 19:32:30,0,0.998,0.002,0.0,WEAR
2000-01-12 19:32:30,2000-01-12 19:33:00,0,0.924,0.076,0.0,WEAR
2000-01-12 19:33:00,2000-01-12 19:33:30,0,0.918,0.082,0.0,WEAR
2000-01-12 19:33:30,2000-01-12 19:34:00,0,0.964,0.036,0.0,WEAR
2000-01-12 19:34:00,2000-01-12 19:34:30,0,0.986,0.014,0.0,WEAR
2000-01-12 19:34:30,2000-01-12 19:35:00,1,0.395,0.605,0.0,SLEEP
2000-01-12 19:35:00,2000-01-12 19:35:30,0,0.99,0.01,0.0,WEAR
2000-01-12 19:35:30,2000-01-12 19:36:00,0,0.987,0.013,0.0,WEAR
2000-01-12 19:36:00,2000-01-12 19:36:30,0,0.953,0.047,0.0,WEAR
2000-01-12 19:36:30,2000-01-12 19:37:00,0,0.965,0.035,0.0,WEAR
2000-01-12 19:37:00,2000-01-12 19:37:30,0,0.946,0.054,0.0,WEAR
2000-01-12 19:37:30,2000-01-12 19:38:00,0,0.551,0.449,0.0,WEAR
2000-01-12 19:38:00,2000-01-12 19:38:30,0,0.525,0.475,0.0,WEAR
2000-01-12 19:38:30,2000-01-12 19:39:00,1,0.466,0.534,0.0,SLEEP
2000-01-12 19:39:00,2000-01-12 19:39:30,0,0.978,0.022,0.0,WEAR
2000-01-12 19:39:30,2000-01-12 19:40:00,0,0.842,0.158,0.0,WEAR
2000-01-12 19:40:00,2000-01-12 19:40:30,1,0.241,0.759,0.0,SLEEP
2000-01-12 19:40:30,2000-01-12 19:41:00,2,0.067,0.383,0.55,NON-WEAR
2000-01-12 19:41:00,2000-01-12 19:41:30,2,0.067,0.383,0.55,NON-WEAR
2000-01-12 19:41:30,2000-01-12 19:42:00,0,0.716,0.284,0.0,WEAR
2000-01-12 19:42:00,2000-01-12 19:42:30,1,0.196,0.791,0.013,SLEEP
2000-01-12 19:42:30,2000-01-12 19:43:00,1,0.254,0.746,0.0,SLEEP
2000-01-12 19:43:00,2000-01-12 19:43:30,2,0.054,0.372,0.573,NON-WEAR
2000-01-12 19:43:30,2000-01-12 19:44:00,1,0.186,0.776,0.037,SLEEP
2000-01-12 19:44:00,2000-01-12 19:44:30,1,0.204,0.789,0.007,SLEEP
2000-01-12 19:44:30,2000-01-12 19:45:00,2,0.06,0.374,0.566,NON-WEAR
2000-01-12 19:45:00,2000-01-12 19:45:30,2,0.06,0.374,0.566,NON-WEAR
2000-01-12 19:45:30,2000-01-12 19:46:00,2,0.06,0.374,0.566,NON-WEAR
2000-01-12 19:46:00,2000-01-12 19:46:30,2,0.06,0.374,0.566,NON-WEAR
2000-01-12 19:46:30,2000-01-12 19:47:00,2,0.06,0.374,0.566,NON-WEAR
2000-01-12 19:47:00,2000-01-12 19:47:30,2,0.06,0.374,0.566,NON-WEAR
2000-01-12 19:47:30,2000-01-12 19:48:00,2,0.06,0.374,0.566,NON-WEAR
2000-01-12 19:48:00,2000-01-12 19:48:30,2,0.06,0.374,0.566,NON-WEAR
2000-01-12 19:48:30,2000-01-12 19:49:00,2,0.06,0.374,0.566,NON-WEAR
2000-01-12 19:49:00,2000-01-12 19:49:30,2,0.06,0.374,0.566,NON-WEAR
2000-01-12 19:49:30,2000-01-12 19:50:00,0,0.968,0.032,0.0,WEAR
2000-01-12 19:50:00,2000-01-12 19:50:30,0,0.996,0.004,0.0,WEAR
2000-01-12 19:50:30,2000-01-12 19:51:00,0,0.898,0.102,0.0,WEAR
2000-01-12 19:51:00,2000-01-12 19:51:30,0,0.665,0.335,0.0,WEAR
2000-01-12 19:51:30,2000-01-12 19:52:00,0,0.991,0.009,0.0,WEAR
2000-01-12 19:52:00,2000-01-12 19:52:30,0,0.873,0.127,0.0,WEAR
2000-01-12 19:52:30,2000-01-12 19:53:00,1,0.307,0.693,0.0,SLEEP
2000-01-12 19:53:00,2000-01-12 19:53:30,0,0.636,0.364,0.0,WEAR
2000-01-12 19:53:30,2000-01-12 19:54:00,0,0.757,0.243,0.0,WEAR
2000-01-12 19:54:00,2000-01-12 19:54:30,0,0.765,0.235,0.0,WEAR
2000-01-12 19:54:30,2000-01-12 19:55:00,0,0.995,0.005,0.0,WEAR
2000-01-12 19:55:00,2000-01-12 19:55:30,0,0.983,0.017,0.0,WEAR
2000-01-12 19:55:30,2000-01-12 19:56:00,0,0.998,0.002,0.0,WEAR
2000-01-12 19:56:00,2000-01-12 19:56:30,1,0.277,0.723,0.0,SLEEP
2000-01-12 19:56:30,2000-01-12 19:57:00,1,0.18,0.773,0.047,SLEEP
2000-01-12 19:57:00,2000-01-12 19:57:30,1,0.302,0.698,0.0,SLEEP
2000-01-12 19:57:30,2000-01-12 19:58:00,0,0.967,0.033,0.0,WEAR
2000-01-12 19:58:00,2000-01-12 19:58:30,0,0.644,0.356,0.0,WEAR
2000-01-12 19:58:30,2000-01-12 19:59:00,0,0.782,0.218,0.0,WEAR
2000-01-12 19:59:00,2000-01-12 19:59:30,0,0.993,0.007,0.0,WEAR
2000-01-12 19:59:30,2000-01-12 20:00:00,1,0.402,0.598,0.0,SLEEP
2000-01-12 20:00:00,2000-01-12 20:00:30,0,0.991,0.009,0.0,WEAR
2000-01-12 20:00:30,2000-01-12 20:01:00,0,0.992,0.008,0.0,WEAR
2000-01-12 20:01:00,2000-01-12 20:01:30,0,0.991,0.009,0.0,WEAR
2000-01-12 20:01:30,2000-01-12 20:02:00,0,0.598,0.402,0.0,WEAR
2000-01-12 20:02:00,2000-01-12 20:02:30,0,0.84,0.16,0.0,WEAR
2000-01-12 20:02:30,2000-01-12 20:03:00,0,0.661,0.339,0.0,WEAR
2000-01-12 20:03:00,2000-01-12 20:03:30,0,0.781,0.219,0.0,WEAR
2000-01-12 20:03:30,2000-01-12 20:04:00,0,0.812,0.188,0.0,WEAR
2000-01-12 20:04:00,2000-01-12 20:04:30,0,0.882,0.118,0.0,WEAR
2000-01-12 20:04:30,2000-01-12 20:05:00,0,0.995,0.005,0.0,WEAR
2000-01-12 20:05:00,2000-01-12 20:05:30,0,0.929,0.071,0.0,WEAR
2000-01-12 20:05:30,2000-01-12 20:06:00,0,0.684,0.316,0.0,WEAR
2000-01-12 20:06:00,2000-01-12 20:06:30,0,0.94,0.06,0.0,WEAR
2000-01-12 20:06:30,2000-01-12 20:07:00,0,0.96,0.04,0.0,WEAR
2000-01-12 20:07:00,2000-01-12 20:07:30,0,0.993,0.007,0.0,WEAR
2000-01-12 20:07:30,2000-01-12 20:08:00,0,0.999,0.001,0.0,WEAR
2000-01-12 20:08:00,2000-01-12 20:08:30,0,0.999,0.001,0.0,WEAR
2000-01-12 20:08:30,2000-01-12 20:09:00,1,0.294,0.706,0.0,SLEEP
2000-01-12 20:09:00,2000-01-12 20:09:30,0,0.731,0.269,0.0,WEAR
2000-01-12 20:09:30,2000-01-12 20:10:00,1,0.297,0.703,0.0,SLEEP
2000-01-12 20:10:00,2000-01-12 20:10:30,1,0.306,0.694,0.0,SLEEP
2000-01-12 20:10:30,2000-01-12 20:11:00,1,0.457,0.543,0.0,SLEEP
2000-01-12 20:11:00,2000-01-12 20:11:30,0,0.98,0.02,0.0,WEAR
2000-01-12 20:11:30,2000-01-12 20:12:00,0,0.929,0.071,0.0,WEAR
2000-01-12 20:12:00,2000-01-12 20:12:30,0,0.979,0.021,0.0,WEAR
2000-01-12 20:12:30,2000-01-12 20:13:00,0,0.903,0.097,0.0,WEAR
2000-01-12 20:13:00,2000-01-12 20:13:30,0,0.543,0.457,0.0,WEAR
2000-01-12 20:13:30,2000-01-12 20:14:00,1,0.332,0.668,0.0,SLEEP
2000-01-12 20:14:00,2000-01-12 20:14:30,1,0.28,0.72,0.0,SLEEP
2000-01-12 20:14:30,2000-01-12 20:15:00,1,0.258,0.742,0.0,SLEEP
2000-01-12 20:15:00,2000-01-12 20:15:30,1,0.236,0.764,0.0,SLEEP
2000-01-12 20:15:30,2000-01-12 20:16:00,0,0.844,0.156,0.0,WEAR
2000-01-12 20:16:00,2000-01-12 20:16:30,0,0.988,0.012,0.0,WEAR
2000-01-12 20:16:30,2000-01-12 20:17:00,0,0.954,0.046,0.0,WEAR
2000-01-12 20:17:00,2000-01-12 20:17:30,0,0.967,0.033,0.0,WEAR
2000-01-12 20:17:30,2000-01-12 20:18:00,0,0.855,0.145,0.0,WEAR
2000-01-12 20:18:00,2000-01-12 20:18:30,0,1.0,0.0,0.0,WEAR
2000-01-12 20:18:30,2000-01-12 20:19:00,0,0.994,0.006,0.0,WEAR
2000-01-12 20:19:00,2000-01-12 20:19:30,0,0.977,0.023,0.0,WEAR
2000-01-12 20:19:30,2000-01-12 20:20:00,0,0.999,0.001,0.0,WEAR
2000-01-12 20:20:00,2000-01-12 20:20:30,0,0.912,0.088,0.0,WEAR
2000-01-12 20:20:30,2000-01-12 20:21:00,0,0.976,0.024,0.0,WEAR
2000-01-12 20:21:00,2000-01-12 20:21:30,0,0.984,0.016,0.0,WEAR
2000-01-12 20:21:30,2000-01-12 20:22:00,0,0.992,0.008,0.0,WEAR
2000-01-12 20:22:00,2000-01-12 20:22:30,0,0.953,0.047,0.0,WEAR
2000-01-12 20:22:30,2000-01-12 20:23:00,0,0.994,0.006,0.0,WEAR
2000-01-12 20:23:00,2000-01-12 20:23:30,0,0.905,0.095,0.0,WEAR
2000-01-12 20:23:30,2000-01-12 20:24:00,0,0.998,0.002,0.0,WEAR
2000-01-12 20:24:00,2000-01-12 20:24:30,0,0.971,0.029,0.0,WEAR
2000-01-12 20:24:30,2000-01-12 20:25:00,0,0.996,0.004,0.0,WEAR
2000-01-12 20:25:00,2000-01-12 20:25:30,0,0.994,0.006,0.0,WEAR
2000-01-12 20:25:30,2000-01-12 20:26:00,0,0.934,0.066,0.0,WEAR
2000-01-12 20:26:00,2000-01-12 20:26:30,0,0.977,0.023,0.0,WEAR
2000-01-12 20:26:30,2000-01-12 20:27:00,0,0.955,0.045,0.0,WEAR
2000-01-12 20:27:00,2000-01-12 20:27:30,0,0.964,0.036,0.0,WEAR
2000-01-12 20:27:30,2000-01-12 20:28:00,0,0.995,0.005,0.0,WEAR
2000-01-12 20:28:00,2000-01-12 20:28:30,0,0.542,0.458,0.0,WEAR
2000-01-12 20:28:30,2000-01-12 20:29:00,1,0.287,0.713,0.0,SLEEP
2000-01-12 20:29:00,2000-01-12 20:29:30,0,0.988,0.012,0.0,WEAR
2000-01-12 20:29:30,2000-01-12 20:30:00,0,0.949,0.051,0.0,WEAR
2000-01-12 20:30:00,2000-01-12 20:30:30,0,0.981,0.019,0.0,WEAR
2000-01-12 20:30:30,2000-01-12 20:31:00,0,0.938,0.062,0.0,WEAR
2000-01-12 20:31:00,2000-01-12 20:31:30,0,0.822,0.178,0.0,WEAR
2000-01-12 20:31:30,2000-01-12 20:32:00,1,0.278,0.722,0.0,SLEEP
2000-01-12 20:32:00,2000-01-12 20:32:30,1,0.267,0.733,0.0,SLEEP
2000-01-12 20:32:30,2000-01-12 20:33:00,1,0.254,0.746,0.0,SLEEP
2000-01-12 20:33:00,2000-01-12 20:33:30,1,0.216,0.782,0.001,SLEEP
2000-01-12 20:33:30,2000-01-12 20:34:00,0,0.862,0.138,0.0,WEAR
2000-01-12 20:34:00,2000-01-12 20:34:30,0,0.727,0.273,0.0,WEAR
2000-01-12 20:34:30,2000-01-12 20:35:00,0,0.817,0.183,0.0,WEAR
2000-01-12 20:35:00,2000-01-12 20:35:30,1,0.373,0.627,0.0,SLEEP
2000-01-12 20:35:30,2000-01-12 20:36:00,1,0.244,0.756,0.0,SLEEP
2000-01-12 20:36:00,2000-01-12 20:36:30,0,0.996,0.004,0.0,WEAR
2000-01-12 20:36:30,2000-01-12 20:37:00,0,0.998,0.002,0.0,WEAR
2000-01-12 20:37:00,2000-01-12 20:37:30,0,0.998,0.002,0.0,WEAR
2000-01-12 20:37:30,2000-01-12 20:38:00,0,0.995,0.005,0.0,WEAR
2000-01-12 20:38:00,2000-01-12 20:38:30,0,0.998,0.002,0.0,WEAR
2000-01-12 20:38:30,2000-01-12 20:39:00,0,0.997,0.003,0.0,WEAR
2000-01-12 20:39:00,2000-01-12 20:39:30,0,0.98,0.02,0.0,WEAR
2000-01-12 20:39:30,2000-01-12 20:40:00,0,1.0,0.0,0.0,WEAR
2000-01-12 20:40:00,2000-01-12 20:40:30,0,0.995,0.005,0.0,WEAR
2000-01-12 20:40:30,2000-01-12 20:41:00,0,0.998,0.002,0.0,WEAR
2000-01-12 20:41:00,2000-01-12 20:41:30,0,0.999,0.001,0.0,WEAR
2000-01-12 20:41:30,2000-01-12 20:42:00,0,0.973,0.027,0.0,WEAR
2000-01-12 20:42:00,2000-01-12 20:42:30,0,0.985,0.015,0.0,WEAR
2000-01-12 20:42:30,2000-01-12 20:43:00,0,0.996,0.004,0.0,WEAR
2000-01-12 20:43:00,2000-01-12 20:43:30,0,0.979,0.021,0.0,WEAR
2000-01-12 20:43:30,2000-01-12 20:44:00,0,0.995,0.005,0.0,WEAR
2000-01-12 20:44:00,2000-01-12 20:44:30,0,0.997,0.003,0.0,WEAR
2000-01-12 20:44:30,2000-01-12 20:45:00,0,0.93,0.07,0.0,WEAR
2000-01-12 20:45:00,2000-01-12 20:45:30,0,0.994,0.006,0.0,WEAR
2000-01-12 20:45:30,2000-01-12 20:46:00,0,0.978,0.022,0.0,WEAR
2000-01-12 20:46:00,2000-01-12 20:46:30,0,0.988,0.012,0.0,WEAR
2000-01-12 20:46:30,2000-01-12 20:47:00,0,0.965,0.035,0.0,WEAR
2000-01-12 20:47:00,2000-01-12 20:47:30,1,0.376,0.624,0.0,SLEEP
2000-01-12 20:47:30,2000-01-12 20:48:00,1,0.303,0.697,0.0,SLEEP
2000-01-12 20:48:00,2000-01-12 20:48:30,1,0.348,0.652,0.0,SLEEP
2000-01-12 20:48:30,2000-01-12 20:49:00,2,0.06,0.374,0.565,NON-WEAR
2000-01-12 20:49:00,2000-01-12 20:49:30,1,0.317,0.683,0.0,SLEEP
2000-01-12 20:49:30,2000-01-12 20:50:00,0,0.996,0.004,0.0,WEAR
2000-01-12 20:50:00,2000-01-12 20:50:30,2,0.084,0.433,0.482,NON-WEAR
2000-01-12 20:50:30,2000-01-12 20:51:00,1,0.261,0.739,0.0,SLEEP
2000-01-12 20:51:00,2000-01-12 20:51:30,0,0.868,0.132,0.0,WEAR
2000-01-12 20:51:30,2000-01-12 20:52:00,1,0.207,0.789,0.005,SLEEP
2000-01-12 20:52:00,2000-01-12 20:52:30,0,0.985,0.015,0.0,WEAR
2000-01-12 20:52:30,2000-01-12 20:53:00,0,0.916,0.084,0.0,WEAR
2000-01-12 20:53:00,2000-01-12 20:53:30,0,0.686,0.314,0.0,WEAR
2000-01-12 20:53:30,2000-01-12 20:54:00,0,0.83,0.17,0.0,WEAR
2000-01-12 20:54:00,2000-01-12 20:54:30,0,0.881,0.119,0.0,WEAR
2000-01-12 20:54:30,2000-01-12 20:55:00,0,0.996,0.004,0.0,WEAR
2000-01-12 20:55:00,2000-01-12 20:55:30,0,0.775,0.225,0.0,WEAR
2000-01-12 20:55:30,2000-01-12 20:56:00,0,0.527,0.473,0.0,WEAR
2000-01-12 20:56:00,2000-01-12 20:56:30,0,0.837,0.163,0.0,WEAR
2000-01-12 20:56:30,2000-01-12 20:57:00,0,0.876,0.124,0.0,WEAR
2000-01-12 20:57:00,2000-01-12 20:57:30,0,0.721,0.279,0.0,WEAR
2000-01-12 20:57:30,2000-01-12 20:58:00,0,0.828,0.172,0.0,WEAR
2000-01-12 20:58:00,2000-01-12 20:58:30,0,0.877,0.123,0.0,WEAR
2000-01-12 20:58:30,2000-01-12 20:59:00,1,0.234,0.766,0.0,SLEEP
2000-01-12 20:59:00,2000-01-12 20:59:30,0,0.996,0.004,0.0,WEAR
2000-01-12 20:59:30,2000-01-12 21:00:00,0,0.562,0.438,0.0,WEAR
2000-01-12 21:00:00,2000-01-12 21:00:30,0,0.994,0.006,0.0,WEAR
2000-01-12 21:00:30,2000-01-12 21:01:00,1,0.437,0.563,0.0,SLEEP
2000-01-12 21:01:00,2000-01-12 21:01:30,0,0.991,0.009,0.0,WEAR
2000-01-12 21:01:30,2000-01-12 21:02:00,0,0.951,0.049,0.0,WEAR
2000-01-12 21:02:00,2000-01-12 21:02:30,0,0.975,0.025,0.0,WEAR
2000-01-12 21:02:30,2000-01-12 21:03:00,0,0.936,0.064,0.0,WEAR
2000-01-12 21:03:00,2000-01-12 21:03:30,0,0.901,0.099,0.0,WEAR
2000-01-12 21:03:30,2000-01-12 21:04:00,0,0.938,0.062,0.0,WEAR
2000-01-12 21:04:00,2000-01-12 21:04:30,0,0.982,0.018,0.0,WEAR
2000-01-12 21:04:30,2000-01-12 21:05:00,0,0.947,0.053,0.0,WEAR
2000-01-12 21:05:00,2000-01-12 21:05:30,0,0.998,0.002,0.0,WEAR
2000-01-12 21:05:30,2000-01-12 21:06:00,0,0.999,0.001,0.0,WEAR
2000-01-12 21:06:00,2000-01-12 21:06:30,0,0.975,0.025,0.0,WEAR
2000-01-12 21:06:30,2000-01-12 21:07:00,0,1.0,0.0,0.0,WEAR
2000-01-12 21:07:00,2000-01-12 21:07:30,0,0.995,0.005,0.0,WEAR
2000-01-12 21:07:30,2000-01-12 21:08:00,0,0.975,0.025,0.0,WEAR
2000-01-12 21:08:00,2000-01-12 21:08:30,0,0.993,0.007,0.0,WEAR
2000-01-12 21:08:30,2000-01-12 21:09:00,0,0.998,0.002,0.0,WEAR
2000-01-12 21:09:00,2000-01-12 21:09:30,0,0.997,0.003,0.0,WEAR
2000-01-12 21:09:30,2000-01-12 21:10:00,0,0.996,0.004,0.0,WEAR
2000-01-12 21:10:00,2000-01-12 21:10:30,0,0.991,0.009,0.0,WEAR
2000-01-12 21:10:30,2000-01-12 21:11:00,0,0.999,0.001,0.0,WEAR
2000-01-12 21:11:00,2000-01-12 21:11:30,0,1.0,0.0,0.0,WEAR
2000-01-12 21:11:30,2000-01-12 21:12:00,0,0.998,0.002,0.0,WEAR
2000-01-12 21:12:00,2000-01-12 21:12:30,0,0.998,0.002,0.0,WEAR
2000-01-12 21:12:30,2000-01-12 21:13:00,0,0.999,0.001,0.0,WEAR
2000-01-12 21:13:00,2000-01-12 21:13:30,0,1.0,0.0,0.0,WEAR
2000-01-12 21:13:30,2000-01-12 21:14:00,0,0.962,0.038,0.0,WEAR
2000-01-12 21:14:00,2000-01-12 21:14:30,0,0.998,0.002,0.0,WEAR
2000-01-12 21:14:30,2000-01-12 21:15:00,0,0.998,0.002,0.0,WEAR
2000-01-12 21:15:00,2000-01-12 21:15:30,0,1.0,0.0,0.0,WEAR
2000-01-12 21:15:30,2000-01-12 21:16:00,0,1.0,0.0,0.0,WEAR
2000-01-12 21:16:00,2000-01-12 21:16:30,0,0.991,0.009,0.0,WEAR
2000-01-12 21:16:30,2000-01-12 21:17:00,0,0.96,0.04,0.0,WEAR
2000-01-12 21:17:00,2000-01-12 21:17:30,0,0.98,0.02,0.0,WEAR
2000-01-12 21:17:30,2000-01-12 21:18:00,0,0.971,0.029,0.0,WEAR
2000-01-12 21:18:00,2000-01-12 21:18:30,0,0.755,0.245,0.0,WEAR
2000-01-12 21:18:30,2000-01-12 21:19:00,0,0.998,0.002,0.0,WEAR
2000-01-12 21:19:00,2000-01-12 21:19:30,1,0.343,0.657,0.0,SLEEP
2000-01-12 21:19:30,2000-01-12 21:20:00,0,0.975,0.025,0.0,WEAR
2000-01-12 21:20:00,2000-01-12 21:20:30,0,0.979,0.021,0.0,WEAR
2000-01-12 21:20:30,2000-01-12 21:21:00,0,0.996,0.004,0.0,WEAR
2000-01-12 21:21:00,2000-01-12 21:21:30,1,0.291,0.557,0.152,SLEEP
2000-01-12 21:21:30,2000-01-12 21:22:00,0,0.946,0.054,0.0,WEAR
2000-01-12 21:22:00,2000-01-12 21:22:30,1,0.485,0.515,0.0,SLEEP
2000-01-12 21:22:30,2000-01-12 21:23:00,0,0.979,0.021,0.0,WEAR
2000-01-12 21:23:00,2000-01-12 21:23:30,0,0.949,0.051,0.0,WEAR
2000-01-12 21:23:30,2000-01-12 21:24:00,0,0.762,0.238,0.0,WEAR
2000-01-12 21:24:00,2000-01-12 21:24:30,0,0.912,0.088,0.0,WEAR
2000-01-12 21:24:30,2000-01-12 21:25:00,0,0.991,0.009,0.0,WEAR
2000-01-12 21:25:00,2000-01-12 21:25:30,0,0.954,0.046,0.0,WEAR
2000-01-12 21:25:30,2000-01-12 21:26:00,0,0.993,0.007,0.0,WEAR
2000-01-12 21:26:00,2000-01-12 21:26:30,0,0.997,0.003,0.0,WEAR
2000-01-12 21:26:30,2000-01-12 21:27:00,0,0.966,0.034,0.0,WEAR
2000-01-12 21:27:00,2000-01-12 21:27:30,0,0.999,0.001,0.0,WEAR
2000-01-12 21:27:30,2000-01-12 21:28:00,0,0.995,0.005,0.0,WEAR
2000-01-12 21:28:00,2000-01-12 21:28:30,0,1.0,0.0,0.0,WEAR
2000-01-12 21:28:30,2000-01-12 21:29:00,0,0.997,0.003,0.0,WEAR
2000-01-12 21:29:00,2000-01-12 21:29:30,0,1.0,0.0,0.0,WEAR
2000-01-12 21:29:30,2000-01-12 21:30:00,0,1.0,0.0,0.0,WEAR
2000-01-12 21:30:00,2000-01-12 21:30:30,0,0.629,0.371,0.0,WEAR
2000-01-12 21:30:30,2000-01-12 21:31:00,2,0.06,0.374,0.566,NON-WEAR
2000-01-12 21:31:00,2000-01-12 21:31:30,1,0.221,0.778,0.001,SLEEP
2000-01-12 21:31:30,2000-01-12 21:32:00,2,0.059,0.374,0.567,NON-WEAR
2000-01-12 21:32:00,2000-01-12 21:32:30,2,0.059,0.374,0.567,NON-WEAR
2000-01-12 21:32:30,2000-01-12 21:33:00,2,0.059,0.374,0.567,NON-WEAR
2000-01-12 21:33:00,2000-01-12 21:33:30,2,0.059,0.374,0.567,NON-WEAR
2000-01-12 21:33:30,2000-01-12 21:34:00,2,0.059,0.374,0.567,NON-WEAR
2000-01-12 21:34:00,2000-01-12 21:34:30,2,0.059,0.374,0.567,NON-WEAR
2000-01-12 21:34:30,2000-01-12 21:35:00,2,0.059,0.374,0.567,NON-WEAR
2000-01-12 21:35:00,2000-01-12 21:35:30,2,0.059,0.374,0.567,NON-WEAR
2000-01-12 21:35:30,2000-01-12 21:36:00,1,0.275,0.725,0.0,SLEEP
2000-01-12 21:36:00,2000-01-12 21:36:30,1,0.229,0.77,0.0,SLEEP
2000-01-12 21:36:30,2000-01-12 21:37:00,2,0.078,0.407,0.515,NON-WEAR
2000-01-12 21:37:00,2000-01-12 21:37:30,2,0.078,0.407,0.515,NON-WEAR
2000-01-12 21:37:30,2000-01-12 21:38:00,2,0.078,0.407,0.515,NON-WEAR
2000-01-12 21:38:00,2000-01-12 21:38:30,2,0.078,0.407,0.515,NON-WEAR
2000-01-12 21:38:30,2000-01-12 21:39:00,2,0.078,0.407,0.515,NON-WEAR
2000-01-12 21:39:00,2000-01-12 21:39:30,2,0.078,0.407,0.515,NON-WEAR
2000-01-12 21:39:30,2000-01-12 21:40:00,2,0.078,0.407,0.515,NON-WEAR
2000-01-12 21:40:00,2000-01-12 21:40:30,2,0.078,0.407,0.515,NON-WEAR
2000-01-12 21:40:30,2000-01-12 21:41:00,2,0.078,0.407,0.515,NON-WEAR
2000-01-12 21:41:00,2000-01-12 21:41:30,2,0.078,0.407,0.515,NON-WEAR
2000-01-12 21:41:30,2000-01-12 21:42:00,2,0.078,0.407,0.515,NON-WEAR
2000-01-12 21:42:00,2000-01-12 21:42:30,2,0.078,0.407,0.515,NON-WEAR
2000-01-12 21:42:30,2000-01-12 21:43:00,2,0.078,0.407,0.515,NON-WEAR
2000-01-12 21:43:00,2000-01-12 21:43:30,2,0.078,0.407,0.515,NON-WEAR
2000-01-12 21:43:30,2000-01-12 21:44:00,2,0.078,0.407,0.515,NON-WEAR
2000-01-12 21:44:00,2000-01-12 21:44:30,2,0.078,0.407,0.515,NON-WEAR
2000-01-12 21:44:30,2000-01-12 21:45:00,2,0.078,0.407,0.515,NON-WEAR
2000-01-12 21:45:00,2000-01-12 21:45:30,2,0.078,0.407,0.515,NON-WEAR
2000-01-12 21:45:30,2000-01-12 21:46:00,2,0.078,0.407,0.515,NON-WEAR
2000-01-12 21:46:00,2000-01-12 21:46:30,2,0.078,0.407,0.515,NON-WEAR
2000-01-12 21:46:30,2000-01-12 21:47:00,2,0.078,0.407,0.515,NON-WEAR
2000-01-12 21:47:00,2000-01-12 21:47:30,2,0.078,0.407,0.515,NON-WEAR
2000-01-12 21:47:30,2000-01-12 21:48:00,2,0.078,0.407,0.515,NON-WEAR
2000-01-12 21:48:00,2000-01-12 21:48:30,2,0.078,0.407,0.515,NON-WEAR
2000-01-12 21:48:30,2000-01-12 21:49:00,2,0.078,0.407,0.515,NON-WEAR
2000-01-12 21:49:00,2000-01-12 21:49:30,2,0.078,0.407,0.515,NON-WEAR
2000-01-12 21:49:30,2000-01-12 21:50:00,2,0.078,0.407,0.515,NON-WEAR
2000-01-12 21:50:00,2000-01-12 21:50:30,2,0.078,0.407,0.515,NON-WEAR
2000-01-12 21:50:30,2000-01-12 21:51:00,2,0.078,0.407,0.515,NON-WEAR
2000-01-12 21:51:00,2000-01-12 21:51:30,2,0.078,0.407,0.515,NON-WEAR
2000-01-12 21:51:30,2000-01-12 21:52:00,0,0.665,0.335,0.0,WEAR
2000-01-12 21:52:00,2000-01-12 21:52:30,2,0.078,0.407,0.515,NON-WEAR
2000-01-12 21:52:30,2000-01-12 21:53:00,2,0.078,0.407,0.515,NON-WEAR
2000-01-12 21:53:00,2000-01-12 21:53:30,2,0.078,0.407,0.515,NON-WEAR
2000-01-12 21:53:30,2000-01-12 21:54:00,1,0.308,0.692,0.0,SLEEP
2000-01-12 21:54:00,2000-01-12 21:54:30,2,0.066,0.381,0.553,NON-WEAR
2000-01-12 21:54:30,2000-01-12 21:55:00,2,0.066,0.381,0.553,NON-WEAR
2000-01-12 21:55:00,2000-01-12 21:55:30,2,0.066,0.381,0.553,NON-WEAR
2000-01-12 21:55:30,2000-01-12 21:56:00,2,0.066,0.381,0.553,NON-WEAR
2000-01-12 21:56:00,2000-01-12 21:56:30,2,0.066,0.381,0.553,NON-WEAR
2000-01-12 21:56:30,2000-01-12 21:57:00,2,0.066,0.381,0.553,NON-WEAR
2000-01-12 21:57:00,2000-01-12 21:57:30,2,0.066,0.381,0.553,NON-WEAR
2000-01-12 21:57:30,2000-01-12 21:58:00,2,0.066,0.381,0.553,NON-WEAR
2000-01-12 21:58:00,2000-01-12 21:58:30,2,0.066,0.381,0.553,NON-WEAR
2000-01-12 21:58:30,2000-01-12 21:59:00,2,0.066,0.381,0.553,NON-WEAR
2000-01-12 21:59:00,2000-01-12 21:59:30,2,0.066,0.381,0.553,NON-WEAR
2000-01-12 21:59:30,2000-01-12 22:00:00,2,0.066,0.381,0.553,NON-WEAR
2000-01-12 22:00:00,2000-01-12 22:00:30,2,0.066,0.381,0.553,NON-WEAR
2000-01-12 22:00:30,2000-01-12 22:01:00,2,0.066,0.381,0.553,NON-WEAR
2000-01-12 22:01:00,2000-01-12 22:01:30,2,0.066,0.381,0.553,NON-WEAR
2000-01-12 22:01:30,2000-01-12 22:02:00,2,0.066,0.381,0.553,NON-WEAR
2000-01-12 22:02:00,2000-01-12 22:02:30,2,0.066,0.381,0.553,NON-WEAR
2000-01-12 22:02:30,2000-01-12 22:03:00,2,0.066,0.381,0.553,NON-WEAR
2000-01-12 22:03:00,2000-01-12 22:03:30,2,0.066,0.381,0.553,NON-WEAR
2000-01-12 22:03:30,2000-01-12 22:04:00,2,0.066,0.381,0.553,NON-WEAR
2000-01-12 22:04:00,2000-01-12 22:04:30,2,0.066,0.381,0.553,NON-WEAR
2000-01-12 22:04:30,2000-01-12 22:05:00,2,0.066,0.381,0.553,NON-WEAR
2000-01-12 22:05:00,2000-01-12 22:05:30,2,0.066,0.381,0.553,NON-WEAR
2000-01-12 22:05:30,2000-01-12 22:06:00,2,0.066,0.381,0.553,NON-WEAR
2000-01-12 22:06:00,2000-01-12 22:06:30,2,0.066,0.381,0.553,NON-WEAR
2000-01-12 22:06:30,2000-01-12 22:07:00,2,0.066,0.381,0.553,NON-WEAR
2000-01-12 22:07:00,2000-01-12 22:07:30,2,0.066,0.381,0.553,NON-WEAR
2000-01-12 22:07:30,2000-01-12 22:08:00,2,0.066,0.381,0.553,NON-WEAR
2000-01-12 22:08:00,2000-01-12 22:08:30,2,0.066,0.381,0.553,NON-WEAR
2000-01-12 22:08:30,2000-01-12 22:09:00,2,0.066,0.381,0.553,NON-WEAR
2000-01-12 22:09:00,2000-01-12 22:09:30,2,0.066,0.381,0.553,NON-WEAR
2000-01-12 22:09:30,2000-01-12 22:10:00,2,0.066,0.381,0.553,NON-WEAR
2000-01-12 22:10:00,2000-01-12 22:10:30,2,0.066,0.381,0.553,NON-WEAR
2000-01-12 22:10:30,2000-01-12 22:11:00,1,0.381,0.619,0.0,SLEEP
2000-01-12 22:11:00,2000-01-12 22:11:30,1,0.202,0.789,0.009,SLEEP
2000-01-12 22:11:30,2000-01-12 22:12:00,2,0.067,0.381,0.552,NON-WEAR
2000-01-12 22:12:00,2000-01-12 22:12:30,2,0.067,0.381,0.552,NON-WEAR
2000-01-12 22:12:30,2000-01-12 22:13:00,2,0.067,0.381,0.552,NON-WEAR
2000-01-12 22:13:00,2000-01-12 22:13:30,2,0.067,0.381,0.552,NON-WEAR
2000-01-12 22:13:30,2000-01-12 22:14:00,2,0.067,0.381,0.552,NON-WEAR
2000-01-12 22:14:00,2000-01-12 22:14:30,2,0.067,0.381,0.552,NON-WEAR
2000-01-12 22:14:30,2000-01-12 22:15:00,2,0.067,0.381,0.552,NON-WEAR
2000-01-12 22:15:00,2000-01-12 22:15:30,2,0.067,0.381,0.552,NON-WEAR
2000-01-12 22:15:30,2000-01-12 22:16:00,2,0.067,0.381,0.552,NON-WEAR
2000-01-12 22:16:00,2000-01-12 22:16:30,2,0.067,0.381,0.552,NON-WEAR
2000-01-12 22:16:30,2000-01-12 22:17:00,2,0.067,0.381,0.552,NON-WEAR
2000-01-12 22:17:00,2000-01-12 22:17:30,2,0.067,0.381,0.552,NON-WEAR
2000-01-12 22:17:30,2000-01-12 22:18:00,2,0.067,0.381,0.552,NON-WEAR
2000-01-12 22:18:00,2000-01-12 22:18:30,2,0.067,0.381,0.552,NON-WEAR
2000-01-12 22:18:30,2000-01-12 22:19:00,2,0.067,0.381,0.552,NON-WEAR
2000-01-12 22:19:00,2000-01-12 22:19:30,2,0.067,0.381,0.552,NON-WEAR
2000-01-12 22:19:30,2000-01-12 22:20:00,1,0.287,0.713,0.0,SLEEP
2000-01-12 22:20:00,2000-01-12 22:20:30,2,0.059,0.374,0.567,NON-WEAR
2000-01-12 22:20:30,2000-01-12 22:21:00,2,0.059,0.374,0.567,NON-WEAR
2000-01-12 22:21:00,2000-01-12 22:21:30,2,0.059,0.374,0.567,NON-WEAR
2000-01-12 22:21:30,2000-01-12 22:22:00,2,0.059,0.374,0.567,NON-WEAR
2000-01-12 22:22:00,2000-01-12 22:22:30,2,0.059,0.374,0.567,NON-WEAR
2000-01-12 22:22:30,2000-01-12 22:23:00,2,0.059,0.374,0.567,NON-WEAR
2000-01-12 22:23:00,2000-01-12 22:23:30,2,0.059,0.374,0.567,NON-WEAR
2000-01-12 22:23:30,2000-01-12 22:24:00,2,0.059,0.374,0.567,NON-WEAR
2000-01-12 22:24:00,2000-01-12 22:24:30,2,0.059,0.374,0.567,NON-WEAR
2000-01-12 22:24:30,2000-01-12 22:25:00,2,0.059,0.374,0.567,NON-WEAR
2000-01-12 22:25:00,2000-01-12 22:25:30,2,0.059,0.374,0.567,NON-WEAR
2000-01-12 22:25:30,2000-01-12 22:26:00,2,0.059,0.374,0.567,NON-WEAR
2000-01-12 22:26:00,2000-01-12 22:26:30,2,0.059,0.374,0.567,NON-WEAR
2000-01-12 22:26:30,2000-01-12 22:27:00,2,0.059,0.374,0.567,NON-WEAR
2000-01-12 22:27:00,2000-01-12 22:27:30,2,0.059,0.374,0.567,NON-WEAR
2000-01-12 22:27:30,2000-01-12 22:28:00,2,0.059,0.374,0.567,NON-WEAR
2000-01-12 22:28:00,2000-01-12 22:28:30,2,0.059,0.374,0.567,NON-WEAR
2000-01-12 22:28:30,2000-01-12 22:29:00,2,0.059,0.374,0.567,NON-WEAR
2000-01-12 22:29:00,2000-01-12 22:29:30,2,0.059,0.374,0.567,NON-WEAR
2000-01-12 22:29:30,2000-01-12 22:30:00,0,0.511,0.489,0.0,WEAR
2000-01-12 22:30:00,2000-01-12 22:30:30,1,0.491,0.509,0.0,SLEEP
2000-01-12 22:30:30,2000-01-12 22:31:00,1,0.098,0.485,0.418,SLEEP
2000-01-12 22:31:00,2000-01-12 22:31:30,2,0.059,0.374,0.567,NON-WEAR
2000-01-12 22:31:30,2000-01-12 22:32:00,2,0.059,0.374,0.567,NON-WEAR
2000-01-12 22:32:00,2000-01-12 22:32:30,2,0.059,0.374,0.567,NON-WEAR
2000-01-12 22:32:30,2000-01-12 22:33:00,2,0.059,0.374,0.567,NON-WEAR
2000-01-12 22:33:00,2000-01-12 22:33:30,2,0.059,0.374,0.567,NON-WEAR
2000-01-12 22:33:30,2000-01-12 22:34:00,0,0.996,0.004,0.0,WEAR
2000-01-12 22:34:00,2000-01-12 22:34:30,2,0.06,0.374,0.567,NON-WEAR
2000-01-12 22:34:30,2000-01-12 22:35:00,2,0.06,0.374,0.567,NON-WEAR
2000-01-12 22:35:00,2000-01-12 22:35:30,2,0.06,0.374,0.567,NON-WEAR
2000-01-12 22:35:30,2000-01-12 22:36:00,1,0.234,0.765,0.0,SLEEP
2000-01-12 22:36:00,2000-01-12 22:36:30,2,0.059,0.374,0.567,NON-WEAR
2000-01-12 22:36:30,2000-01-12 22:37:00,1,0.405,0.595,0.0,SLEEP
2000-01-12 22:37:00,2000-01-12 22:37:30,2,0.054,0.373,0.573,NON-WEAR
2000-01-12 22:37:30,2000-01-12 22:38:00,0,0.975,0.025,0.0,WEAR
2000-01-12 22:38:00,2000-01-12 22:38:30,2,0.066,0.379,0.555,NON-WEAR
2000-01-12 22:38:30,2000-01-12 22:39:00,2,0.066,0.379,0.555,NON-WEAR
2000-01-12 22:39:00,2000-01-12 22:39:30,2,0.066,0.379,0.555,NON-WEAR
2000-01-12 22:39:30,2000-01-12 22:40:00,2,0.066,0.379,0.555,NON-WEAR
2000-01-12 22:40:00,2000-01-12 22:40:30,1,0.194,0.786,0.02,SLEEP
2000-01-12 22:40:30,2000-01-12 22:41:00,2,0.078,0.407,0.515,NON-WEAR
2000-01-12 22:41:00,2000-01-12 22:41:30,2,0.078,0.407,0.515,NON-WEAR
2000-01-12 22:41:30,2000-01-12 22:42:00,2,0.078,0.407,0.515,NON-WEAR
2000-01-12 22:42:00,2000-01-12 22:42:30,2,0.078,0.407,0.515,NON-WEAR
2000-01-12 22:42:30,2000-01-12 22:43:00,2,0.078,0.407,0.515,NON-WEAR
2000-01-12 22:43:00,2000-01-12 22:43:30,1,0.284,0.716,0.0,SLEEP
2000-01-12 22:43:30,2000-01-12 22:44:00,2,0.083,0.428,0.488,NON-WEAR
2000-01-12 22:44:00,2000-01-12 22:44:30,2,0.078,0.408,0.514,NON-WEAR
2000-01-12 22:44:30,2000-01-12 22:45:00,2,0.078,0.408,0.514,NON-WEAR
2000-01-12 22:45:00,2000-01-12 22:45:30,2,0.078,0.408,0.514,NON-WEAR
2000-01-12 22:45:30,2000-01-12 22:46:00,2,0.078,0.408,0.514,NON-WEAR
2000-01-12 22:46:00,2000-01-12 22:46:30,2,0.078,0.408,0.514,NON-WEAR
2000-01-12 22:46:30,2000-01-12 22:47:00,2,0.086,0.441,0.473,NON-WEAR
2000-01-12 22:47:00,2000-01-12 22:47:30,1,0.094,0.474,0.432,SLEEP
2000-01-12 22:47:30,2000-01-12 22:48:00,2,0.078,0.409,0.512,NON-WEAR
2000-01-12 22:48:00,2000-01-12 22:48:30,1,0.35,0.65,0.0,SLEEP
2000-01-12 22:48:30,2000-01-12 22:49:00,2,0.059,0.374,0.567,NON-WEAR
2000-01-12 22:49:00,2000-01-12 22:49:30,2,0.059,0.374,0.567,NON-WEAR
2000-01-12 22:49:30,2000-01-12 22:50:00,2,0.059,0.374,0.567,NON-WEAR
2000-01-12 22:50:00,2000-01-12 22:50:30,2,0.059,0.374,0.567,NON-WEAR
2000-01-12 22:50:30,2000-01-12 22:51:00,2,0.059,0.374,0.567,NON-WEAR
2000-01-12 22:51:00,2000-01-12 22:51:30,2,0.059,0.374,0.567,NON-WEAR
2000-01-12 22:51:30,2000-01-12 22:52:00,2,0.059,0.374,0.567,NON-WEAR
2000-01-12 22:52:00,2000-01-12 22:52:30,2,0.059,0.374,0.567,NON-WEAR
2000-01-12 22:52:30,2000-01-12 22:53:00,2,0.059,0.374,0.567,NON-WEAR
2000-01-12 22:53:00,2000-01-12 22:53:30,2,0.059,0.374,0.567,NON-WEAR
2000-01-12 22:53:30,2000-01-12 22:54:00,0,1.0,0.0,0.0,WEAR
2000-01-12 22:54:00,2000-01-12 22:54:30,1,0.121,0.576,0.303,SLEEP
2000-01-12 22:54:30,2000-01-12 22:55:00,2,0.06,0.374,0.566,NON-WEAR
2000-01-12 22:55:00,2000-01-12 22:55:30,0,0.877,0.123,0.0,WEAR
2000-01-12 22:55:30,2000-01-12 22:56:00,1,0.268,0.732,0.0,SLEEP
2000-01-12 22:56:00,2000-01-12 22:56:30,2,0.067,0.382,0.551,NON-WEAR
2000-01-12 22:56:30,2000-01-12 22:57:00,2,0.067,0.382,0.551,NON-WEAR
2000-01-12 22:57:00,2000-01-12 22:57:30,1,0.293,0.707,0.0,SLEEP
2000-01-12 22:57:30,2000-01-12 22:58:00,1,0.178,0.765,0.057,SLEEP
2000-01-12 22:58:00,2000-01-12 22:58:30,1,0.137,0.639,0.224,SLEEP
2000-01-12 22:58:30,2000-01-12 22:59:00,2,0.059,0.374,0.567,NON-WEAR
2000-01-12 22:59:00,2000-01-12 22:59:30,2,0.059,0.374,0.567,NON-WEAR
2000-01-12 22:59:30,2000-01-12 23:00:00,2,0.059,0.374,0.567,NON-WEAR
2000-01-12 23:00:00,2000-01-12 23:00:30,2,0.059,0.374,0.567,NON-WEAR
2000-01-12 23:00:30,2000-01-12 23:01:00,2,0.059,0.374,0.567,NON-WEAR
2000-01-12 23:01:00,2000-01-12 23:01:30,2,0.059,0.374,0.567,NON-WEAR
2000-01-12 23:01:30,2000-01-12 23:02:00,2,0.059,0.374,0.567,NON-WEAR
2000-01-12 23:02:00,2000-01-12 23:02:30,2,0.059,0.374,0.567,NON-WEAR
2000-01-12 23:02:30,2000-01-12 23:03:00,2,0.059,0.374,0.567,NON-WEAR
2000-01-12 23:03:00,2000-01-12 23:03:30,2,0.059,0.374,0.567,NON-WEAR
2000-01-12 23:03:30,2000-01-12 23:04:00,2,0.059,0.374,0.567,NON-WEAR
2000-01-12 23:04:00,2000-01-12 23:04:30,2,0.059,0.374,0.567,NON-WEAR
2000-01-12 23:04:30,2000-01-12 23:05:00,2,0.059,0.374,0.567,NON-WEAR
2000-01-12 23:05:00,2000-01-12 23:05:30,2,0.059,0.374,0.567,NON-WEAR
2000-01-12 23:05:30,2000-01-12 23:06:00,1,0.35,0.65,0.0,SLEEP
2000-01-12 23:06:00,2000-01-12 23:06:30,1,0.229,0.77,0.0,SLEEP
2000-01-12 23:06:30,2000-01-12 23:07:00,2,0.067,0.383,0.55,NON-WEAR
2000-01-12 23:07:00,2000-01-12 23:07:30,1,0.21,0.786,0.004,SLEEP
2000-01-12 23:07:30,2000-01-12 23:08:00,2,0.078,0.409,0.513,NON-WEAR
2000-01-12 23:08:00,2000-01-12 23:08:30,2,0.088,0.45,0.462,NON-WEAR
2000-01-12 23:08:30,2000-01-12 23:09:00,1,0.174,0.757,0.069,SLEEP
2000-01-12 23:09:00,2000-01-12 23:09:30,2,0.066,0.38,0.554,NON-WEAR
2000-01-12 23:09:30,2000-01-12 23:10:00,0,0.859,0.141,0.0,WEAR
2000-01-12 23:10:00,2000-01-12 23:10:30,1,0.228,0.772,0.001,SLEEP
2000-01-12 23:10:30,2000-01-12 23:11:00,1,0.15,0.687,0.163,SLEEP
2000-01-12 23:11:00,2000-01-12 23:11:30,1,0.193,0.787,0.02,SLEEP
2000-01-12 23:11:30,2000-01-12 23:12:00,0,0.889,0.111,0.0,WEAR
2000-01-12 23:12:00,2000-01-12 23:12:30,2,0.059,0.374,0.567,NON-WEAR
2000-01-12 23:12:30,2000-01-12 23:13:00,1,0.187,0.781,0.032,SLEEP
2000-01-12 23:13:00,2000-01-12 23:13:30,2,0.059,0.374,0.567,NON-WEAR
2000-01-12 23:13:30,2000-01-12 23:14:00,1,0.203,0.789,0.008,SLEEP
2000-01-12 23:14:00,2000-01-12 23:14:30,1,0.443,0.557,0.0,SLEEP
2000-01-12 23:14:30,2000-01-12 23:15:00,2,0.06,0.374,0.566,NON-WEAR
2000-01-12 23:15:00,2000-01-12 23:15:30,2,0.06,0.374,0.566,NON-WEAR
2000-01-12 23:15:30,2000-01-12 23:16:00,2,0.06,0.374,0.566,NON-WEAR
2000-01-12 23:16:00,2000-01-12 23:16:30,2,0.06,0.374,0.566,NON-WEAR
2000-01-12 23:16:30,2000-01-12 23:17:00,2,0.06,0.374,0.566,NON-WEAR
2000-01-12 23:17:00,2000-01-12 23:17:30,2,0.06,0.374,0.566,NON-WEAR
2000-01-12 23:17:30,2000-01-12 23:18:00,2,0.06,0.374,0.566,NON-WEAR
2000-01-12 23:18:00,2000-01-12 23:18:30,2,0.06,0.374,0.566,NON-WEAR
2000-01-12 23:18:30,2000-01-12 23:19:00,2,0.06,0.374,0.566,NON-WEAR
2000-01-12 23:19:00,2000-01-12 23:19:30,2,0.06,0.374,0.566,NON-WEAR
2000-01-12 23:19:30,2000-01-12 23:20:00,2,0.06,0.374,0.566,NON-WEAR
2000-01-12 23:20:00,2000-01-12 23:20:30,2,0.06,0.374,0.566,NON-WEAR
2000-01-12 23:20:30,2000-01-12 23:21:00,1,0.161,0.722,0.116,SLEEP
2000-01-12 23:21:00,2000-01-12 23:21:30,1,0.146,0.672,0.182,SLEEP
2000-01-12 23:21:30,2000-01-12 23:22:00,2,0.059,0.374,0.567,NON-WEAR
2000-01-12 23:22:00,2000-01-12 23:22:30,2,0.059,0.374,0.567,NON-WEAR
2000-01-12 23:22:30,2000-01-12 23:23:00,2,0.059,0.374,0.567,NON-WEAR
2000-01-12 23:23:00,2000-01-12 23:23:30,1,0.253,0.747,0.0,SLEEP
2000-01-12 23:23:30,2000-01-12 23:24:00,0,0.53,0.47,0.0,WEAR
2000-01-12 23:24:00,2000-01-12 23:24:30,1,0.263,0.737,0.0,SLEEP
2000-01-12 23:24:30,2000-01-12 23:25:00,2,0.06,0.374,0.566,NON-WEAR
2000-01-12 23:25:00,2000-01-12 23:25:30,2,0.06,0.374,0.566,NON-WEAR
2000-01-12 23:25:30,2000-01-12 23:26:00,1,0.24,0.76,0.0,SLEEP
2000-01-12 23:26:00,2000-01-12 23:26:30,1,0.233,0.766,0.0,SLEEP
2000-01-12 23:26:30,2000-01-12 23:27:00,2,0.059,0.374,0.567,NON-WEAR
2000-01-12 23:27:00,2000-01-12 23:27:30,2,0.059,0.374,0.567,NON-WEAR
2000-01-12 23:27:30,2000-01-12 23:28:00,2,0.059,0.374,0.567,NON-WEAR
2000-01-12 23:28:00,2000-01-12 23:28:30,2,0.059,0.374,0.567,NON-WEAR
2000-01-12 23:28:30,2000-01-12 23:29:00,2,0.059,0.374,0.567,NON-WEAR
2000-01-12 23:29:00,2000-01-12 23:29:30,2,0.059,0.374,0.567,NON-WEAR
2000-01-12 23:29:30,2000-01-12 23:30:00,2,0.059,0.374,0.567,NON-WEAR
2000-01-12 23:30:00,2000-01-12 23:30:30,2,0.059,0.374,0.567,NON-WEAR
2000-01-12 23:30:30,2000-01-12 23:31:00,2,0.059,0.374,0.567,NON-WEAR
2000-01-12 23:31:00,2000-01-12 23:31:30,2,0.059,0.374,0.567,NON-WEAR
2000-01-12 23:31:30,2000-01-12 23:32:00,2,0.059,0.374,0.567,NON-WEAR
2000-01-12 23:32:00,2000-01-12 23:32:30,2,0.059,0.374,0.567,NON-WEAR
2000-01-12 23:32:30,2000-01-12 23:33:00,2,0.059,0.374,0.567,NON-WEAR
2000-01-12 23:33:00,2000-01-12 23:33:30,1,0.241,0.759,0.0,SLEEP
2000-01-12 23:33:30,2000-01-12 23:34:00,2,0.059,0.374,0.567,NON-WEAR
2000-01-12 23:34:00,2000-01-12 23:34:30,1,0.202,0.791,0.007,SLEEP
2000-01-12 23:34:30,2000-01-12 23:35:00,2,0.086,0.436,0.478,NON-WEAR
2000-01-12 23:35:00,2000-01-12 23:35:30,2,0.059,0.374,0.567,NON-WEAR
2000-01-12 23:35:30,2000-01-12 23:36:00,0,0.989,0.011,0.0,WEAR
2000-01-12 23:36:00,2000-01-12 23:36:30,2,0.066,0.379,0.554,NON-WEAR
2000-01-12 23:36:30,2000-01-12 23:37:00,2,0.066,0.379,0.554,NON-WEAR
2000-01-12 23:37:00,2000-01-12 23:37:30,1,0.321,0.679,0.0,SLEEP
2000-01-12 23:37:30,2000-01-12 23:38:00,2,0.066,0.381,0.552,NON-WEAR
2000-01-12 23:38:00,2000-01-12 23:38:30,2,0.066,0.381,0.552,NON-WEAR
2000-01-12 23:38:30,2000-01-12 23:39:00,2,0.066,0.381,0.552,NON-WEAR
2000-01-12 23:39:00,2000-01-12 23:39:30,2,0.066,0.381,0.552,NON-WEAR
2000-01-12 23:39:30,2000-01-12 23:40:00,2,0.066,0.381,0.552,NON-WEAR
2000-01-12 23:40:00,2000-01-12 23:40:30,0,0.998,0.002,0.0,WEAR
2000-01-12 23:40:30,2000-01-12 23:41:00,1,0.275,0.725,0.0,SLEEP
2000-01-12 23:41:00,2000-01-12 23:41:30,2,0.066,0.38,0.555,NON-WEAR
2000-01-12 23:41:30,2000-01-12 23:42:00,2,0.066,0.38,0.555,NON-WEAR
2000-01-12 23:42:00,2000-01-12 23:42:30,2,0.066,0.38,0.555,NON-WEAR
2000-01-12 23:42:30,2000-01-12 23:43:00,1,0.231,0.768,0.0,SLEEP
2000-01-12 23:43:00,2000-01-12 23:43:30,1,0.224,0.775,0.001,SLEEP
2000-01-12 23:43:30,2000-01-12 23:44:00,1,0.209,0.787,0.004,SLEEP
2000-01-12 23:44:00,2000-01-12 23:44:30,1,0.25,0.75,0.0,SLEEP
2000-01-12 23:44:30,2000-01-12 23:45:00,2,0.059,0.374,0.567,NON-WEAR
2000-01-12 23:45:00,2000-01-12 23:45:30,2,0.059,0.374,0.567,NON-WEAR
2000-01-12 23:45:30,2000-01-12 23:46:00,2,0.059,0.374,0.567,NON-WEAR
2000-01-12 23:46:00,2000-01-12 23:46:30,2,0.059,0.374,0.567,NON-WEAR
2000-01-12 23:46:30,2000-01-12 23:47:00,2,0.059,0.374,0.567,NON-WEAR
2000-01-12 23:47:00,2000-01-12 23:47:30,1,0.308,0.692,0.0,SLEEP
2000-01-12 23:47:30,2000-01-12 23:48:00,2,0.054,0.373,0.573,NON-WEAR
2000-01-12 23:48:00,2000-01-12 23:48:30,2,0.054,0.373,0.573,NON-WEAR
2000-01-12 23:48:30,2000-01-12 23:49:00,1,0.23,0.77,0.0,SLEEP
2000-01-12 23:49:00,2000-01-12 23:49:30,2,0.06,0.374,0.566,NON-WEAR
2000-01-12 23:49:30,2000-01-12 23:50:00,2,0.06,0.374,0.566,NON-WEAR
2000-01-12 23:50:00,2000-01-12 23:50:30,2,0.06,0.374,0.566,NON-WEAR
2000-01-12 23:50:30,2000-01-12 23:51:00,2,0.06,0.374,0.566,NON-WEAR
2000-01-12 23:51:00,2000-01-12 23:51:30,2,0.06,0.374,0.566,NON-WEAR
2000-01-12 23:51:30,2000-01-12 23:52:00,2,0.06,0.374,0.566,NON-WEAR
2000-01-12 23:52:00,2000-01-12 23:52:30,2,0.06,0.374,0.566,NON-WEAR
2000-01-12 23:52:30,2000-01-12 23:53:00,2,0.06,0.374,0.566,NON-WEAR
2000-01-12 23:53:00,2000-01-12 23:53:30,2,0.06,0.374,0.566,NON-WEAR
2000-01-12 23:53:30,2000-01-12 23:54:00,2,0.06,0.374,0.566,NON-WEAR
2000-01-12 23:54:00,2000-01-12 23:54:30,2,0.06,0.374,0.566,NON-WEAR
2000-01-12 23:54:30,2000-01-12 23:55:00,2,0.06,0.374,0.566,NON-WEAR
2000-01-12 23:55:00,2000-01-12 23:55:30,2,0.06,0.374,0.566,NON-WEAR
2000-01-12 23:55:30,2000-01-12 23:56:00,2,0.06,0.374,0.566,NON-WEAR
2000-01-12 23:56:00,2000-01-12 23:56:30,2,0.06,0.374,0.566,NON-WEAR
2000-01-12 23:56:30,2000-01-12 23:57:00,2,0.06,0.374,0.566,NON-WEAR
2000-01-12 23:57:00,2000-01-12 23:57:30,2,0.06,0.374,0.566,NON-WEAR
2000-01-12 23:57:30,2000-01-12 23:58:00,2,0.06,0.374,0.566,NON-WEAR
2000-01-12 23:58:00,2000-01-12 23:58:30,2,0.06,0.374,0.566,NON-WEAR
2000-01-12 23:58:30,2000-01-12 23:59:00,1,0.198,0.789,0.013,SLEEP
2000-01-12 23:59:00,2000-01-12 23:59:30,2,0.06,0.374,0.566,NON-WEAR
2000-01-12 23:59:30,2000-01-13 00:00:00,2,0.06,0.374,0.566,NON-WEAR
