ID,cycle
62161,2011-12
62163,2011-12
62164,2011-12
62165,2011-12
62166,2011-12
62168,2011-12
62169,2011-12
62170,2011-12
62171,2011-12
62172,2011-12
62174,2011-12
62177,2011-12
62178,2011-12
62179,2011-12
62180,2011-12
62183,2011-12
62184,2011-12
62186,2011-12
62187,2011-12
62189,2011-12
62190,2011-12
62192,2011-12
62193,2011-12
62194,2011-12
62197,2011-12
62198,2011-12
62199,2011-12
62200,2011-12
62202,2011-12
62203,2011-12
62205,2011-12
62208,2011-12
62209,2011-12
62210,2011-12
62214,2011-12
62215,2011-12
62217,2011-12
62218,2011-12
62220,2011-12
62221,2011-12
62222,2011-12
62223,2011-12
62224,2011-12
62226,2011-12
62227,2011-12
62228,2011-12
62229,2011-12
62231,2011-12
62232,2011-12
62233,2011-12
62234,2011-12
62236,2011-12
62237,2011-12
62239,2011-12
62240,2011-12
62242,2011-12
62245,2011-12
62248,2011-12
62249,2011-12
62250,2011-12
62251,2011-12
62252,2011-12
62253,2011-12
62255,2011-12
62256,2011-12
62260,2011-12
62261,2011-12
62264,2011-12
62265,2011-12
62267,2011-12
62268,2011-12
62269,2011-12
62271,2011-12
62276,2011-12
62277,2011-12
62278,2011-12
62279,2011-12
62280,2011-12
62281,2011-12
62282,2011-12
62284,2011-12
62285,2011-12
62286,2011-12
62288,2011-12
62289,2011-12
62291,2011-12
62293,2011-12
62294,2011-12
62295,2011-12
62296,2011-12
62297,2011-12
62298,2011-12
62299,2011-12
62300,2011-12
62301,2011-12
62302,2011-12
62303,2011-12
62304,2011-12
62305,2011-12
62307,2011-12
62309,2011-12
62310,2011-12
62311,2011-12
62312,2011-12
62313,2011-12
62314,2011-12
62315,2011-12
62317,2011-12
62320,2011-12
62321,2011-12
62324,2011-12
62325,2011-12
62327,2011-12
62328,2011-12
62330,2011-12
62331,2011-12
62332,2011-12
62333,2011-12
62334,2011-12
62335,2011-12
62337,2011-12
62339,2011-12
62341,2011-12
62342,2011-12
62343,2011-12
62346,2011-12
62349,2011-12
62350,2011-12
62351,2011-12
62353,2011-12
62354,2011-12
62355,2011-12
62357,2011-12
62359,2011-12
62360,2011-12
62361,2011-12
62362,2011-12
62363,2011-12
62366,2011-12
62367,2011-12
62368,2011-12
62369,2011-12
62370,2011-12
62371,2011-12
62373,2011-12
62374,2011-12
62375,2011-12
62376,2011-12
62377,2011-12
62378,2011-12
62383,2011-12
62386,2011-12
62387,2011-12
62389,2011-12
62391,2011-12
62393,2011-12
62396,2011-12
62398,2011-12
62399,2011-12
62400,2011-12
62401,2011-12
62402,2011-12
62404,2011-12
62407,2011-12
62409,2011-12
62412,2011-12
62413,2011-12
62414,2011-12
62415,2011-12
62416,2011-12
62417,2011-12
62418,2011-12
62419,2011-12
62427,2011-12
62428,2011-12
62429,2011-12
62430,2011-12
62431,2011-12
62432,2011-12
62434,2011-12
62437,2011-12
62439,2011-12
62440,2011-12
62441,2011-12
62444,2011-12
62448,2011-12
62449,2011-12
62450,2011-12
62452,2011-12
62454,2011-12
62457,2011-12
62458,2011-12
62460,2011-12
62461,2011-12
62462,2011-12
62463,2011-12
62465,2011-12
62467,2011-12
62469,2011-12
62471,2011-12
62472,2011-12
62473,2011-12
62474,2011-12
62475,2011-12
62476,2011-12
62477,2011-12
62479,2011-12
62480,2011-12
62481,2011-12
62482,2011-12
62483,2011-12
62484,2011-12
62487,2011-12
62492,2011-12
62494,2011-12
62497,2011-12
62498,2011-12
62501,2011-12
62502,2011-12
62506,2011-12
62509,2011-12
62510,2011-12
62511,2011-12
62512,2011-12
62513,2011-12
62515,2011-12
62516,2011-12
62517,2011-12
62519,2011-12
62521,2011-12
62522,2011-12
62523,2011-12
62524,2011-12
62525,2011-12
62526,2011-12
62527,2011-12
62528,2011-12
62530,2011-12
62531,2011-12
62532,2011-12
62534,2011-12
62536,2011-12
62537,2011-12
62539,2011-12
62542,2011-12
62544,2011-12
62545,2011-12
62546,2011-12
62547,2011-12
62548,2011-12
62550,2011-12
62551,2011-12
62553,2011-12
62557,2011-12
62559,2011-12
62560,2011-12
62561,2011-12
62564,2011-12
62567,2011-12
62570,2011-12
62571,2011-12
62572,2011-12
62574,2011-12
62578,2011-12
62579,2011-12
62580,2011-12
62581,2011-12
62583,2011-12
62584,2011-12
62585,2011-12
62587,2011-12
62588,2011-12
62589,2011-12
62590,2011-12
62591,2011-12
62593,2011-12
62595,2011-12
62596,2011-12
62597,2011-12
62598,2011-12
62599,2011-12
62600,2011-12
62601,2011-12
62602,2011-12
62603,2011-12
62604,2011-12
62609,2011-12
62610,2011-12
62612,2011-12
62613,2011-12
62614,2011-12
62616,2011-12
62617,2011-12
62618,2011-12
62620,2011-12
62622,2011-12
62623,2011-12
62624,2011-12
62626,2011-12
62630,2011-12
62631,2011-12
62632,2011-12
62633,2011-12
62634,2011-12
62635,2011-12
62636,2011-12
62639,2011-12
62640,2011-12
62642,2011-12
62644,2011-12
62645,2011-12
62648,2011-12
62651,2011-12
62652,2011-12
62658,2011-12
62659,2011-12
62662,2011-12
62664,2011-12
62665,2011-12
62667,2011-12
62668,2011-12
62669,2011-12
62670,2011-12
62671,2011-12
62672,2011-12
62674,2011-12
62676,2011-12
62678,2011-12
62679,2011-12
62680,2011-12
62682,2011-12
62683,2011-12
62684,2011-12
62685,2011-12
62686,2011-12
62687,2011-12
62689,2011-12
62690,2011-12
62691,2011-12
62693,2011-12
62694,2011-12
62696,2011-12
62697,2011-12
62701,2011-12
62704,2011-12
62706,2011-12
62707,2011-12
62709,2011-12
62714,2011-12
62715,2011-12
62716,2011-12
62717,2011-12
62718,2011-12
62719,2011-12
62720,2011-12
62724,2011-12
62727,2011-12
62728,2011-12
62731,2011-12
62732,2011-12
62734,2011-12
62735,2011-12
62738,2011-12
62739,2011-12
62740,2011-12
62742,2011-12
62744,2011-12
62745,2011-12
62746,2011-12
62747,2011-12
62748,2011-12
62749,2011-12
62750,2011-12
62751,2011-12
62753,2011-12
62755,2011-12
62756,2011-12
62757,2011-12
62759,2011-12
62760,2011-12
62761,2011-12
62764,2011-12
62768,2011-12
62769,2011-12
62771,2011-12
62772,2011-12
62776,2011-12
62777,2011-12
62779,2011-12
62783,2011-12
62784,2011-12
62787,2011-12
62788,2011-12
62790,2011-12
62791,2011-12
62792,2011-12
62793,2011-12
62794,2011-12
62797,2011-12
62800,2011-12
62801,2011-12
62802,2011-12
62804,2011-12
62805,2011-12
62806,2011-12
62807,2011-12
62808,2011-12
62809,2011-12
62810,2011-12
62811,2011-12
62813,2011-12
62814,2011-12
62817,2011-12
62819,2011-12
62822,2011-12
62823,2011-12
62824,2011-12
62830,2011-12
62832,2011-12
62833,2011-12
62834,2011-12
62835,2011-12
62836,2011-12
62837,2011-12
62838,2011-12
62840,2011-12
62841,2011-12
62844,2011-12
62845,2011-12
62847,2011-12
62848,2011-12
62849,2011-12
62853,2011-12
62854,2011-12
62855,2011-12
62858,2011-12
62860,2011-12
62864,2011-12
62867,2011-12
62868,2011-12
62871,2011-12
62874,2011-12
62876,2011-12
62878,2011-12
62880,2011-12
62881,2011-12
62884,2011-12
62886,2011-12
62887,2011-12
62888,2011-12
62890,2011-12
62892,2011-12
62894,2011-12
62898,2011-12
62899,2011-12
62900,2011-12
62901,2011-12
62902,2011-12
62907,2011-12
62911,2011-12
62912,2011-12
62913,2011-12
62916,2011-12
62917,2011-12
62918,2011-12
62919,2011-12
62921,2011-12
62923,2011-12
62924,2011-12
62925,2011-12
62928,2011-12
62929,2011-12
62930,2011-12
62931,2011-12
62933,2011-12
62935,2011-12
62936,2011-12
62938,2011-12
62939,2011-12
62940,2011-12
62941,2011-12
62943,2011-12
62944,2011-12
62945,2011-12
62946,2011-12
62948,2011-12
62949,2011-12
62950,2011-12
62951,2011-12
62953,2011-12
62955,2011-12
62959,2011-12
62963,2011-12
62966,2011-12
62967,2011-12
62969,2011-12
62971,2011-12
62974,2011-12
62975,2011-12
62977,2011-12
62978,2011-12
62979,2011-12
62981,2011-12
62983,2011-12
62985,2011-12
62986,2011-12
62987,2011-12
62988,2011-12
62990,2011-12
62991,2011-12
62992,2011-12
62994,2011-12
62995,2011-12
62996,2011-12
62997,2011-12
62998,2011-12
62999,2011-12
63000,2011-12
63004,2011-12
63005,2011-12
63006,2011-12
63007,2011-12
63008,2011-12
63009,2011-12
63010,2011-12
63011,2011-12
63012,2011-12
63013,2011-12
63014,2011-12
63015,2011-12
63017,2011-12
63019,2011-12
63020,2011-12
63021,2011-12
63022,2011-12
63023,2011-12
63024,2011-12
63025,2011-12
63026,2011-12
63027,2011-12
63028,2011-12
63030,2011-12
63031,2011-12
63032,2011-12
63033,2011-12
63035,2011-12
63036,2011-12
63037,2011-12
63040,2011-12
63041,2011-12
63042,2011-12
63043,2011-12
63045,2011-12
63047,2011-12
63048,2011-12
63049,2011-12
63050,2011-12
63051,2011-12
63053,2011-12
63054,2011-12
63056,2011-12
63057,2011-12
63058,2011-12
63059,2011-12
63060,2011-12
63061,2011-12
63063,2011-12
63064,2011-12
63065,2011-12
63068,2011-12
63069,2011-12
63070,2011-12
63071,2011-12
63073,2011-12
63077,2011-12
63078,2011-12
63079,2011-12
63080,2011-12
63081,2011-12
63082,2011-12
63083,2011-12
63086,2011-12
63088,2011-12
63089,2011-12
63090,2011-12
63091,2011-12
63092,2011-12
63093,2011-12
63094,2011-12
63096,2011-12
63097,2011-12
63098,2011-12
63100,2011-12
63101,2011-12
63102,2011-12
63103,2011-12
63106,2011-12
63107,2011-12
63110,2011-12
63112,2011-12
63114,2011-12
63116,2011-12
63117,2011-12
63118,2011-12
63119,2011-12
63121,2011-12
63124,2011-12
63125,2011-12
63126,2011-12
63127,2011-12
63129,2011-12
63133,2011-12
63135,2011-12
63136,2011-12
63139,2011-12
63140,2011-12
63141,2011-12
63142,2011-12
63145,2011-12
63146,2011-12
63147,2011-12
63148,2011-12
63149,2011-12
63151,2011-12
63152,2011-12
63154,2011-12
63155,2011-12
63156,2011-12
63157,2011-12
63159,2011-12
63160,2011-12
63162,2011-12
63163,2011-12
63166,2011-12
63167,2011-12
63168,2011-12
63170,2011-12
63171,2011-12
63172,2011-12
63173,2011-12
63174,2011-12
63175,2011-12
63176,2011-12
63177,2011-12
63178,2011-12
63180,2011-12
63182,2011-12
63183,2011-12
63186,2011-12
63187,2011-12
63188,2011-12
63190,2011-12
63191,2011-12
63192,2011-12
63194,2011-12
63195,2011-12
63197,2011-12
63198,2011-12
63200,2011-12
63203,2011-12
63205,2011-12
63206,2011-12
63207,2011-12
63208,2011-12
63209,2011-12
63211,2011-12
63212,2011-12
63213,2011-12
63214,2011-12
63215,2011-12
63216,2011-12
63218,2011-12
63219,2011-12
63220,2011-12
63221,2011-12
63224,2011-12
63225,2011-12
63227,2011-12
63228,2011-12
63229,2011-12
63230,2011-12
63234,2011-12
63235,2011-12
63236,2011-12
63239,2011-12
63242,2011-12
63245,2011-12
63246,2011-12
63247,2011-12
63248,2011-12
63249,2011-12
63250,2011-12
63252,2011-12
63253,2011-12
63254,2011-12
63256,2011-12
63257,2011-12
63259,2011-12
63260,2011-12
63261,2011-12
63262,2011-12
63263,2011-12
63265,2011-12
63267,2011-12
63268,2011-12
63269,2011-12
63273,2011-12
63276,2011-12
63277,2011-12
63280,2011-12
63281,2011-12
63283,2011-12
63287,2011-12
63289,2011-12
63290,2011-12
63292,2011-12
63293,2011-12
63295,2011-12
63296,2011-12
63297,2011-12
63298,2011-12
63299,2011-12
63301,2011-12
63302,2011-12
63304,2011-12
63305,2011-12
63306,2011-12
63307,2011-12
63308,2011-12
63310,2011-12
63311,2011-12
63312,2011-12
63313,2011-12
63316,2011-12
63318,2011-12
63320,2011-12
63321,2011-12
63324,2011-12
63326,2011-12
63328,2011-12
63329,2011-12
63330,2011-12
63331,2011-12
63332,2011-12
63335,2011-12
63336,2011-12
63340,2011-12
63341,2011-12
63342,2011-12
63343,2011-12
63345,2011-12
63347,2011-12
63349,2011-12
63350,2011-12
63351,2011-12
63352,2011-12
63355,2011-12
63357,2011-12
63358,2011-12
63361,2011-12
63363,2011-12
63364,2011-12
63365,2011-12
63366,2011-12
63367,2011-12
63368,2011-12
63369,2011-12
63370,2011-12
63371,2011-12
63373,2011-12
63375,2011-12
63376,2011-12
63377,2011-12
63378,2011-12
63379,2011-12
63382,2011-12
63383,2011-12
63384,2011-12
63385,2011-12
63386,2011-12
63387,2011-12
63388,2011-12
63389,2011-12
63390,2011-12
63391,2011-12
63392,2011-12
63393,2011-12
63396,2011-12
63397,2011-12
63398,2011-12
63402,2011-12
63403,2011-12
63405,2011-12
63406,2011-12
63407,2011-12
63408,2011-12
63409,2011-12
63410,2011-12
63411,2011-12
63412,2011-12
63413,2011-12
63415,2011-12
63417,2011-12
63420,2011-12
63424,2011-12
63426,2011-12
63427,2011-12
63428,2011-12
63429,2011-12
63431,2011-12
63432,2011-12
63434,2011-12
63435,2011-12
63437,2011-12
63438,2011-12
63439,2011-12
63440,2011-12
63442,2011-12
63443,2011-12
63445,2011-12
63446,2011-12
63447,2011-12
63449,2011-12
63450,2011-12
63451,2011-12
63452,2011-12
63453,2011-12
63454,2011-12
63455,2011-12
63456,2011-12
63459,2011-12
63461,2011-12
63462,2011-12
63463,2011-12
63464,2011-12
63465,2011-12
63466,2011-12
63467,2011-12
63468,2011-12
63469,2011-12
63471,2011-12
63472,2011-12
63474,2011-12
63475,2011-12
63476,2011-12
63479,2011-12
63480,2011-12
63481,2011-12
63482,2011-12
63485,2011-12
63486,2011-12
63487,2011-12
63488,2011-12
63490,2011-12
63491,2011-12
63496,2011-12
63498,2011-12
63499,2011-12
63502,2011-12
63506,2011-12
63507,2011-12
63508,2011-12
63510,2011-12
63512,2011-12
63514,2011-12
63515,2011-12
63516,2011-12
63517,2011-12
63521,2011-12
63522,2011-12
63524,2011-12
63526,2011-12
63527,2011-12
63528,2011-12
63529,2011-12
63530,2011-12
63531,2011-12
63532,2011-12
63533,2011-12
63534,2011-12
63538,2011-12
63539,2011-12
63541,2011-12
63543,2011-12
63544,2011-12
63545,2011-12
63550,2011-12
63552,2011-12
63556,2011-12
63559,2011-12
63562,2011-12
63563,2011-12
63566,2011-12
63567,2011-12
63568,2011-12
63571,2011-12
63572,2011-12
63573,2011-12
63574,2011-12
63575,2011-12
63576,2011-12
63579,2011-12
63580,2011-12
63581,2011-12
63582,2011-12
63583,2011-12
63585,2011-12
63587,2011-12
63589,2011-12
63590,2011-12
63593,2011-12
63598,2011-12
63600,2011-12
63602,2011-12
63603,2011-12
63605,2011-12
63606,2011-12
63607,2011-12
63608,2011-12
63609,2011-12
63610,2011-12
63611,2011-12
63613,2011-12
63614,2011-12
63615,2011-12
63616,2011-12
63617,2011-12
63620,2011-12
63621,2011-12
63622,2011-12
63623,2011-12
63624,2011-12
63625,2011-12
63626,2011-12
63627,2011-12
63629,2011-12
63630,2011-12
63631,2011-12
63632,2011-12
63633,2011-12
63635,2011-12
63636,2011-12
63637,2011-12
63638,2011-12
63639,2011-12
63641,2011-12
63642,2011-12
63643,2011-12
63648,2011-12
63652,2011-12
63653,2011-12
63654,2011-12
63655,2011-12
63656,2011-12
63657,2011-12
63658,2011-12
63659,2011-12
63660,2011-12
63661,2011-12
63662,2011-12
63664,2011-12
63666,2011-12
63669,2011-12
63670,2011-12
63672,2011-12
63673,2011-12
63675,2011-12
63678,2011-12
63682,2011-12
63683,2011-12
63684,2011-12
63686,2011-12
63687,2011-12
63689,2011-12
63691,2011-12
63692,2011-12
63693,2011-12
63696,2011-12
63697,2011-12
63700,2011-12
63701,2011-12
63702,2011-12
63705,2011-12
63706,2011-12
63707,2011-12
63708,2011-12
63709,2011-12
63713,2011-12
63714,2011-12
63715,2011-12
63717,2011-12
63718,2011-12
63719,2011-12
63721,2011-12
63723,2011-12
63724,2011-12
63726,2011-12
63728,2011-12
63731,2011-12
63732,2011-12
63733,2011-12
63734,2011-12
63736,2011-12
63739,2011-12
63740,2011-12
63741,2011-12
63742,2011-12
63743,2011-12
63744,2011-12
63746,2011-12
63748,2011-12
63749,2011-12
63753,2011-12
63754,2011-12
63759,2011-12
63760,2011-12
63761,2011-12
63762,2011-12
63763,2011-12
63764,2011-12
63765,2011-12
63766,2011-12
63767,2011-12
63768,2011-12
63770,2011-12
63771,2011-12
63772,2011-12
63774,2011-12
63776,2011-12
63777,2011-12
63778,2011-12
63780,2011-12
63781,2011-12
63783,2011-12
63787,2011-12
63790,2011-12
63793,2011-12
63796,2011-12
63797,2011-12
63799,2011-12
63801,2011-12
63802,2011-12
63803,2011-12
63805,2011-12
63806,2011-12
63807,2011-12
63809,2011-12
63810,2011-12
63812,2011-12
63813,2011-12
63814,2011-12
63815,2011-12
63817,2011-12
63818,2011-12
63820,2011-12
63822,2011-12
63825,2011-12
63827,2011-12
63828,2011-12
63831,2011-12
63832,2011-12
63833,2011-12
63836,2011-12
63839,2011-12
63840,2011-12
63841,2011-12
63843,2011-12
63844,2011-12
63847,2011-12
63849,2011-12
63850,2011-12
63851,2011-12
63852,2011-12
63853,2011-12
63855,2011-12
63856,2011-12
63858,2011-12
63859,2011-12
63863,2011-12
63867,2011-12
63868,2011-12
63870,2011-12
63871,2011-12
63872,2011-12
63873,2011-12
63875,2011-12
63876,2011-12
63879,2011-12
63880,2011-12
63886,2011-12
63887,2011-12
63888,2011-12
63889,2011-12
63890,2011-12
63891,2011-12
63894,2011-12
63896,2011-12
63897,2011-12
63899,2011-12
63901,2011-12
63902,2011-12
63903,2011-12
63906,2011-12
63907,2011-12
63908,2011-12
63909,2011-12
63911,2011-12
63912,2011-12
63913,2011-12
63914,2011-12
63915,2011-12
63916,2011-12
63917,2011-12
63918,2011-12
63920,2011-12
63922,2011-12
63923,2011-12
63924,2011-12
63928,2011-12
63933,2011-12
63934,2011-12
63935,2011-12
63937,2011-12
63938,2011-12
63940,2011-12
63941,2011-12
63943,2011-12
63944,2011-12
63945,2011-12
63946,2011-12
63948,2011-12
63949,2011-12
63950,2011-12
63951,2011-12
63952,2011-12
63953,2011-12
63955,2011-12
63956,2011-12
63958,2011-12
63959,2011-12
63960,2011-12
63963,2011-12
63964,2011-12
63965,2011-12
63968,2011-12
63969,2011-12
63971,2011-12
63972,2011-12
63973,2011-12
63975,2011-12
63977,2011-12
63978,2011-12
63980,2011-12
63981,2011-12
63982,2011-12
63983,2011-12
63984,2011-12
63989,2011-12
63990,2011-12
63991,2011-12
63992,2011-12
63993,2011-12
63996,2011-12
63999,2011-12
64000,2011-12
64001,2011-12
64002,2011-12
64003,2011-12
64005,2011-12
64011,2011-12
64012,2011-12
64013,2011-12
64014,2011-12
64015,2011-12
64017,2011-12
64018,2011-12
64019,2011-12
64020,2011-12
64021,2011-12
64023,2011-12
64024,2011-12
64025,2011-12
64026,2011-12
64028,2011-12
64030,2011-12
64033,2011-12
64034,2011-12
64036,2011-12
64037,2011-12
64041,2011-12
64042,2011-12
64043,2011-12
64044,2011-12
64047,2011-12
64048,2011-12
64049,2011-12
64050,2011-12
64053,2011-12
64054,2011-12
64055,2011-12
64056,2011-12
64057,2011-12
64058,2011-12
64059,2011-12
64062,2011-12
64063,2011-12
64064,2011-12
64065,2011-12
64066,2011-12
64068,2011-12
64069,2011-12
64070,2011-12
64071,2011-12
64072,2011-12
64073,2011-12
64075,2011-12
64078,2011-12
64079,2011-12
64081,2011-12
64082,2011-12
64083,2011-12
64085,2011-12
64086,2011-12
64088,2011-12
64089,2011-12
64090,2011-12
64091,2011-12
64093,2011-12
64096,2011-12
64097,2011-12
64098,2011-12
64099,2011-12
64103,2011-12
64105,2011-12
64106,2011-12
64111,2011-12
64112,2011-12
64114,2011-12
64115,2011-12
64116,2011-12
64117,2011-12
64119,2011-12
64120,2011-12
64121,2011-12
64122,2011-12
64124,2011-12
64126,2011-12
64127,2011-12
64128,2011-12
64129,2011-12
64130,2011-12
64131,2011-12
64132,2011-12
64134,2011-12
64135,2011-12
64136,2011-12
64138,2011-12
64139,2011-12
64140,2011-12
64142,2011-12
64143,2011-12
64146,2011-12
64149,2011-12
64151,2011-12
64152,2011-12
64153,2011-12
64154,2011-12
64155,2011-12
64156,2011-12
64157,2011-12
64159,2011-12
64160,2011-12
64161,2011-12
64162,2011-12
64163,2011-12
64166,2011-12
64167,2011-12
64170,2011-12
64173,2011-12
64174,2011-12
64175,2011-12
64178,2011-12
64179,2011-12
64180,2011-12
64181,2011-12
64182,2011-12
64184,2011-12
64185,2011-12
64186,2011-12
64187,2011-12
64191,2011-12
64192,2011-12
64193,2011-12
64194,2011-12
64195,2011-12
64196,2011-12
64197,2011-12
64198,2011-12
64201,2011-12
64202,2011-12
64203,2011-12
64206,2011-12
64207,2011-12
64208,2011-12
64209,2011-12
64214,2011-12
64215,2011-12
64217,2011-12
64218,2011-12
64219,2011-12
64220,2011-12
64221,2011-12
64222,2011-12
64224,2011-12
64225,2011-12
64227,2011-12
64228,2011-12
64229,2011-12
64234,2011-12
64235,2011-12
64237,2011-12
64240,2011-12
64242,2011-12
64243,2011-12
64244,2011-12
64245,2011-12
64247,2011-12
64248,2011-12
64252,2011-12
64253,2011-12
64255,2011-12
64256,2011-12
64257,2011-12
64258,2011-12
64259,2011-12
64260,2011-12
64262,2011-12
64263,2011-12
64264,2011-12
64265,2011-12
64267,2011-12
64268,2011-12
64270,2011-12
64276,2011-12
64277,2011-12
64278,2011-12
64281,2011-12
64285,2011-12
64288,2011-12
64290,2011-12
64291,2011-12
64292,2011-12
64298,2011-12
64299,2011-12
64302,2011-12
64307,2011-12
64311,2011-12
64312,2011-12
64313,2011-12
64314,2011-12
64315,2011-12
64316,2011-12
64317,2011-12
64318,2011-12
64320,2011-12
64321,2011-12
64322,2011-12
64324,2011-12
64325,2011-12
64328,2011-12
64329,2011-12
64330,2011-12
64333,2011-12
64334,2011-12
64335,2011-12
64336,2011-12
64337,2011-12
64339,2011-12
64342,2011-12
64343,2011-12
64344,2011-12
64347,2011-12
64348,2011-12
64349,2011-12
64350,2011-12
64351,2011-12
64354,2011-12
64356,2011-12
64359,2011-12
64360,2011-12
64361,2011-12
64362,2011-12
64363,2011-12
64364,2011-12
64367,2011-12
64368,2011-12
64369,2011-12
64370,2011-12
64371,2011-12
64372,2011-12
64373,2011-12
64375,2011-12
64377,2011-12
64378,2011-12
64379,2011-12
64380,2011-12
64382,2011-12
64383,2011-12
64386,2011-12
64387,2011-12
64390,2011-12
64391,2011-12
64392,2011-12
64395,2011-12
64396,2011-12
64397,2011-12
64400,2011-12
64401,2011-12
64403,2011-12
64404,2011-12
64406,2011-12
64409,2011-12
64410,2011-12
64412,2011-12
64416,2011-12
64418,2011-12
64419,2011-12
64422,2011-12
64423,2011-12
64425,2011-12
64427,2011-12
64428,2011-12
64430,2011-12
64433,2011-12
64434,2011-12
64435,2011-12
64436,2011-12
64437,2011-12
64438,2011-12
64439,2011-12
64440,2011-12
64446,2011-12
64447,2011-12
64449,2011-12
64451,2011-12
64460,2011-12
64461,2011-12
64470,2011-12
64472,2011-12
64473,2011-12
64474,2011-12
64475,2011-12
64477,2011-12
64478,2011-12
64479,2011-12
64484,2011-12
64485,2011-12
64487,2011-12
64489,2011-12
64490,2011-12
64491,2011-12
64493,2011-12
64494,2011-12
64495,2011-12
64497,2011-12
64498,2011-12
64499,2011-12
64500,2011-12
64501,2011-12
64503,2011-12
64504,2011-12
64505,2011-12
64506,2011-12
64507,2011-12
64508,2011-12
64509,2011-12
64510,2011-12
64511,2011-12
64514,2011-12
64515,2011-12
64518,2011-12
64520,2011-12
64521,2011-12
64523,2011-12
64525,2011-12
64528,2011-12
64530,2011-12
64532,2011-12
64533,2011-12
64534,2011-12
64535,2011-12
64536,2011-12
64538,2011-12
64539,2011-12
64544,2011-12
64545,2011-12
64548,2011-12
64549,2011-12
64550,2011-12
64551,2011-12
64552,2011-12
64553,2011-12
64558,2011-12
64559,2011-12
64562,2011-12
64564,2011-12
64566,2011-12
64567,2011-12
64569,2011-12
64571,2011-12
64572,2011-12
64574,2011-12
64575,2011-12
64576,2011-12
64580,2011-12
64581,2011-12
64583,2011-12
64584,2011-12
64587,2011-12
64589,2011-12
64590,2011-12
64591,2011-12
64592,2011-12
64594,2011-12
64596,2011-12
64597,2011-12
64598,2011-12
64599,2011-12
64600,2011-12
64603,2011-12
64604,2011-12
64606,2011-12
64607,2011-12
64608,2011-12
64609,2011-12
64610,2011-12
64611,2011-12
64612,2011-12
64613,2011-12
64614,2011-12
64615,2011-12
64616,2011-12
64617,2011-12
64620,2011-12
64621,2011-12
64622,2011-12
64625,2011-12
64632,2011-12
64634,2011-12
64635,2011-12
64636,2011-12
64637,2011-12
64640,2011-12
64642,2011-12
64643,2011-12
64644,2011-12
64646,2011-12
64648,2011-12
64650,2011-12
64651,2011-12
64652,2011-12
64654,2011-12
64661,2011-12
64662,2011-12
64663,2011-12
64664,2011-12
64667,2011-12
64669,2011-12
64673,2011-12
64674,2011-12
64675,2011-12
64676,2011-12
64679,2011-12
64684,2011-12
64685,2011-12
64689,2011-12
64690,2011-12
64695,2011-12
64696,2011-12
64697,2011-12
64698,2011-12
64699,2011-12
64701,2011-12
64703,2011-12
64704,2011-12
64705,2011-12
64706,2011-12
64707,2011-12
64708,2011-12
64709,2011-12
64711,2011-12
64712,2011-12
64713,2011-12
64714,2011-12
64715,2011-12
64718,2011-12
64719,2011-12
64720,2011-12
64721,2011-12
64723,2011-12
64725,2011-12
64727,2011-12
64728,2011-12
64729,2011-12
64730,2011-12
64731,2011-12
64733,2011-12
64737,2011-12
64738,2011-12
64739,2011-12
64741,2011-12
64742,2011-12
64743,2011-12
64745,2011-12
64746,2011-12
64750,2011-12
64751,2011-12
64752,2011-12
64753,2011-12
64754,2011-12
64756,2011-12
64757,2011-12
64758,2011-12
64759,2011-12
64761,2011-12
64762,2011-12
64764,2011-12
64767,2011-12
64768,2011-12
64769,2011-12
64770,2011-12
64771,2011-12
64773,2011-12
64775,2011-12
64776,2011-12
64777,2011-12
64779,2011-12
64780,2011-12
64781,2011-12
64784,2011-12
64785,2011-12
64786,2011-12
64787,2011-12
64789,2011-12
64791,2011-12
64792,2011-12
64793,2011-12
64794,2011-12
64795,2011-12
64798,2011-12
64799,2011-12
64800,2011-12
64801,2011-12
64803,2011-12
64804,2011-12
64805,2011-12
64806,2011-12
64807,2011-12
64808,2011-12
64809,2011-12
64811,2011-12
64813,2011-12
64815,2011-12
64818,2011-12
64820,2011-12
64821,2011-12
64823,2011-12
64824,2011-12
64825,2011-12
64826,2011-12
64827,2011-12
64828,2011-12
64829,2011-12
64830,2011-12
64831,2011-12
64832,2011-12
64833,2011-12
64835,2011-12
64837,2011-12
64838,2011-12
64839,2011-12
64840,2011-12
64841,2011-12
64846,2011-12
64847,2011-12
64848,2011-12
64850,2011-12
64854,2011-12
64857,2011-12
64858,2011-12
64859,2011-12
64860,2011-12
64861,2011-12
64864,2011-12
64866,2011-12
64867,2011-12
64870,2011-12
64871,2011-12
64873,2011-12
64875,2011-12
64876,2011-12
64877,2011-12
64880,2011-12
64881,2011-12
64882,2011-12
64886,2011-12
64887,2011-12
64889,2011-12
64890,2011-12
64894,2011-12
64895,2011-12
64898,2011-12
64899,2011-12
64900,2011-12
64901,2011-12
64902,2011-12
64904,2011-12
64908,2011-12
64909,2011-12
64910,2011-12
64911,2011-12
64912,2011-12
64913,2011-12
64916,2011-12
64919,2011-12
64920,2011-12
64921,2011-12
64922,2011-12
64923,2011-12
64924,2011-12
64928,2011-12
64929,2011-12
64930,2011-12
64931,2011-12
64933,2011-12
64935,2011-12
64936,2011-12
64939,2011-12
64940,2011-12
64944,2011-12
64946,2011-12
64947,2011-12
64948,2011-12
64949,2011-12
64951,2011-12
64952,2011-12
64954,2011-12
64956,2011-12
64960,2011-12
64961,2011-12
64962,2011-12
64963,2011-12
64964,2011-12
64965,2011-12
64968,2011-12
64969,2011-12
64970,2011-12
64971,2011-12
64972,2011-12
64973,2011-12
64974,2011-12
64975,2011-12
64976,2011-12
64977,2011-12
64978,2011-12
64979,2011-12
64983,2011-12
64984,2011-12
64985,2011-12
64987,2011-12
64989,2011-12
64991,2011-12
64992,2011-12
64995,2011-12
64997,2011-12
64998,2011-12
64999,2011-12
65001,2011-12
65002,2011-12
65003,2011-12
65005,2011-12
65006,2011-12
65007,2011-12
65009,2011-12
65011,2011-12
65013,2011-12
65015,2011-12
65016,2011-12
65018,2011-12
65019,2011-12
65020,2011-12
65021,2011-12
65023,2011-12
65024,2011-12
65025,2011-12
65027,2011-12
65031,2011-12
65032,2011-12
65033,2011-12
65034,2011-12
65036,2011-12
65040,2011-12
65042,2011-12
65044,2011-12
65045,2011-12
65046,2011-12
65047,2011-12
65048,2011-12
65049,2011-12
65050,2011-12
65052,2011-12
65054,2011-12
65058,2011-12
65061,2011-12
65063,2011-12
65064,2011-12
65066,2011-12
65067,2011-12
65069,2011-12
65071,2011-12
65072,2011-12
65074,2011-12
65075,2011-12
65076,2011-12
65078,2011-12
65079,2011-12
65080,2011-12
65081,2011-12
65082,2011-12
65084,2011-12
65086,2011-12
65088,2011-12
65090,2011-12
65091,2011-12
65092,2011-12
65093,2011-12
65098,2011-12
65101,2011-12
65104,2011-12
65105,2011-12
65106,2011-12
65107,2011-12
65108,2011-12
65110,2011-12
65113,2011-12
65114,2011-12
65115,2011-12
65117,2011-12
65118,2011-12
65119,2011-12
65120,2011-12
65123,2011-12
65124,2011-12
65128,2011-12
65129,2011-12
65131,2011-12
65132,2011-12
65135,2011-12
65137,2011-12
65139,2011-12
65140,2011-12
65142,2011-12
65148,2011-12
65149,2011-12
65150,2011-12
65152,2011-12
65153,2011-12
65154,2011-12
65155,2011-12
65156,2011-12
65157,2011-12
65160,2011-12
65161,2011-12
65162,2011-12
65163,2011-12
65164,2011-12
65165,2011-12
65167,2011-12
65168,2011-12
65169,2011-12
65171,2011-12
65172,2011-12
65173,2011-12
65174,2011-12
65175,2011-12
65176,2011-12
65179,2011-12
65180,2011-12
65182,2011-12
65183,2011-12
65184,2011-12
65185,2011-12
65187,2011-12
65188,2011-12
65190,2011-12
65191,2011-12
65192,2011-12
65194,2011-12
65195,2011-12
65198,2011-12
65199,2011-12
65201,2011-12
65202,2011-12
65203,2011-12
65204,2011-12
65205,2011-12
65207,2011-12
65209,2011-12
65210,2011-12
65212,2011-12
65213,2011-12
65214,2011-12
65217,2011-12
65218,2011-12
65220,2011-12
65223,2011-12
65225,2011-12
65227,2011-12
65228,2011-12
65229,2011-12
65230,2011-12
65231,2011-12
65233,2011-12
65236,2011-12
65237,2011-12
65238,2011-12
65240,2011-12
65241,2011-12
65243,2011-12
65244,2011-12
65248,2011-12
65250,2011-12
65251,2011-12
65252,2011-12
65255,2011-12
65256,2011-12
65257,2011-12
65258,2011-12
65260,2011-12
65261,2011-12
65262,2011-12
65265,2011-12
65266,2011-12
65267,2011-12
65269,2011-12
65270,2011-12
65271,2011-12
65276,2011-12
65278,2011-12
65279,2011-12
65281,2011-12
65283,2011-12
65284,2011-12
65285,2011-12
65286,2011-12
65288,2011-12
65289,2011-12
65291,2011-12
65293,2011-12
65294,2011-12
65295,2011-12
65298,2011-12
65299,2011-12
65301,2011-12
65302,2011-12
65303,2011-12
65304,2011-12
65305,2011-12
65306,2011-12
65308,2011-12
65310,2011-12
65311,2011-12
65314,2011-12
65317,2011-12
65319,2011-12
65320,2011-12
65322,2011-12
65325,2011-12
65327,2011-12
65329,2011-12
65331,2011-12
65332,2011-12
65334,2011-12
65335,2011-12
65336,2011-12
65337,2011-12
65338,2011-12
65339,2011-12
65340,2011-12
65341,2011-12
65346,2011-12
65347,2011-12
65348,2011-12
65349,2011-12
65350,2011-12
65352,2011-12
65353,2011-12
65354,2011-12
65355,2011-12
65357,2011-12
65359,2011-12
65361,2011-12
65362,2011-12
65364,2011-12
65365,2011-12
65366,2011-12
65367,2011-12
65368,2011-12
65370,2011-12
65371,2011-12
65373,2011-12
65374,2011-12
65375,2011-12
65377,2011-12
65379,2011-12
65380,2011-12
65381,2011-12
65384,2011-12
65386,2011-12
65391,2011-12
65392,2011-12
65393,2011-12
65394,2011-12
65395,2011-12
65396,2011-12
65398,2011-12
65399,2011-12
65400,2011-12
65402,2011-12
65403,2011-12
65405,2011-12
65407,2011-12
65408,2011-12
65410,2011-12
65411,2011-12
65414,2011-12
65416,2011-12
65418,2011-12
65419,2011-12
65420,2011-12
65421,2011-12
65422,2011-12
65427,2011-12
65430,2011-12
65431,2011-12
65433,2011-12
65434,2011-12
65436,2011-12
65439,2011-12
65440,2011-12
65441,2011-12
65447,2011-12
65448,2011-12
65450,2011-12
65451,2011-12
65452,2011-12
65453,2011-12
65454,2011-12
65455,2011-12
65456,2011-12
65457,2011-12
65458,2011-12
65461,2011-12
65462,2011-12
65463,2011-12
65464,2011-12
65465,2011-12
65466,2011-12
65468,2011-12
65469,2011-12
65473,2011-12
65474,2011-12
65475,2011-12
65476,2011-12
65477,2011-12
65478,2011-12
65480,2011-12
65481,2011-12
65485,2011-12
65486,2011-12
65488,2011-12
65489,2011-12
65491,2011-12
65492,2011-12
65493,2011-12
65497,2011-12
65499,2011-12
65500,2011-12
65501,2011-12
65503,2011-12
65504,2011-12
65505,2011-12
65506,2011-12
65507,2011-12
65509,2011-12
65510,2011-12
65511,2011-12
65512,2011-12
65513,2011-12
65514,2011-12
65515,2011-12
65518,2011-12
65519,2011-12
65520,2011-12
65521,2011-12
65522,2011-12
65523,2011-12
65524,2011-12
65525,2011-12
65527,2011-12
65530,2011-12
65531,2011-12
65534,2011-12
65536,2011-12
65537,2011-12
65538,2011-12
65539,2011-12
65540,2011-12
65541,2011-12
65543,2011-12
65544,2011-12
65546,2011-12
65547,2011-12
65549,2011-12
65551,2011-12
65552,2011-12
65554,2011-12
65555,2011-12
65557,2011-12
65558,2011-12
65559,2011-12
65561,2011-12
65562,2011-12
65564,2011-12
65565,2011-12
65566,2011-12
65567,2011-12
65568,2011-12
65569,2011-12
65570,2011-12
65571,2011-12
65572,2011-12
65573,2011-12
65577,2011-12
65580,2011-12
65581,2011-12
65582,2011-12
65584,2011-12
65585,2011-12
65586,2011-12
65587,2011-12
65588,2011-12
65589,2011-12
65590,2011-12
65593,2011-12
65594,2011-12
65596,2011-12
65597,2011-12
65599,2011-12
65600,2011-12
65601,2011-12
65602,2011-12
65603,2011-12
65604,2011-12
65606,2011-12
65610,2011-12
65611,2011-12
65614,2011-12
65617,2011-12
65619,2011-12
65621,2011-12
65623,2011-12
65624,2011-12
65626,2011-12
65629,2011-12
65631,2011-12
65632,2011-12
65633,2011-12
65634,2011-12
65635,2011-12
65636,2011-12
65641,2011-12
65642,2011-12
65643,2011-12
65644,2011-12
65646,2011-12
65647,2011-12
65648,2011-12
65649,2011-12
65650,2011-12
65651,2011-12
65653,2011-12
65654,2011-12
65655,2011-12
65657,2011-12
65658,2011-12
65660,2011-12
65661,2011-12
65662,2011-12
65663,2011-12
65667,2011-12
65668,2011-12
65669,2011-12
65672,2011-12
65675,2011-12
65676,2011-12
65678,2011-12
65679,2011-12
65680,2011-12
65682,2011-12
65686,2011-12
65687,2011-12
65688,2011-12
65689,2011-12
65691,2011-12
65692,2011-12
65693,2011-12
65696,2011-12
65697,2011-12
65698,2011-12
65699,2011-12
65700,2011-12
65701,2011-12
65702,2011-12
65704,2011-12
65705,2011-12
65706,2011-12
65707,2011-12
65708,2011-12
65709,2011-12
65710,2011-12
65713,2011-12
65714,2011-12
65715,2011-12
65716,2011-12
65717,2011-12
65721,2011-12
65722,2011-12
65725,2011-12
65729,2011-12
65731,2011-12
65734,2011-12
65735,2011-12
65736,2011-12
65737,2011-12
65738,2011-12
65739,2011-12
65740,2011-12
65741,2011-12
65742,2011-12
65743,2011-12
65745,2011-12
65746,2011-12
65747,2011-12
65750,2011-12
65751,2011-12
65752,2011-12
65753,2011-12
65754,2011-12
65757,2011-12
65758,2011-12
65759,2011-12
65760,2011-12
65761,2011-12
65768,2011-12
65770,2011-12
65771,2011-12
65773,2011-12
65774,2011-12
65777,2011-12
65778,2011-12
65780,2011-12
65781,2011-12
65782,2011-12
65784,2011-12
65786,2011-12
65787,2011-12
65793,2011-12
65794,2011-12
65796,2011-12
65797,2011-12
65798,2011-12
65799,2011-12
65800,2011-12
65801,2011-12
65803,2011-12
65804,2011-12
65805,2011-12
65807,2011-12
65811,2011-12
65812,2011-12
65813,2011-12
65814,2011-12
65816,2011-12
65817,2011-12
65818,2011-12
65819,2011-12
65820,2011-12
65822,2011-12
65823,2011-12
65824,2011-12
65825,2011-12
65826,2011-12
65827,2011-12
65831,2011-12
65832,2011-12
65834,2011-12
65835,2011-12
65836,2011-12
65837,2011-12
65838,2011-12
65840,2011-12
65841,2011-12
65843,2011-12
65844,2011-12
65845,2011-12
65846,2011-12
65849,2011-12
65850,2011-12
65851,2011-12
65853,2011-12
65855,2011-12
65856,2011-12
65857,2011-12
65861,2011-12
65862,2011-12
65863,2011-12
65866,2011-12
65867,2011-12
65868,2011-12
65869,2011-12
65871,2011-12
65873,2011-12
65874,2011-12
65876,2011-12
65877,2011-12
65879,2011-12
65880,2011-12
65882,2011-12
65883,2011-12
65885,2011-12
65888,2011-12
65889,2011-12
65892,2011-12
65894,2011-12
65895,2011-12
65896,2011-12
65897,2011-12
65899,2011-12
65900,2011-12
65901,2011-12
65902,2011-12
65905,2011-12
65906,2011-12
65908,2011-12
65909,2011-12
65911,2011-12
65912,2011-12
65913,2011-12
65914,2011-12
65915,2011-12
65916,2011-12
65917,2011-12
65918,2011-12
65921,2011-12
65922,2011-12
65923,2011-12
65926,2011-12
65927,2011-12
65929,2011-12
65931,2011-12
65933,2011-12
65935,2011-12
65937,2011-12
65944,2011-12
65946,2011-12
65950,2011-12
65951,2011-12
65952,2011-12
65954,2011-12
65955,2011-12
65956,2011-12
65957,2011-12
65958,2011-12
65959,2011-12
65962,2011-12
65963,2011-12
65964,2011-12
65965,2011-12
65966,2011-12
65967,2011-12
65970,2011-12
65974,2011-12
65975,2011-12
65976,2011-12
65978,2011-12
65981,2011-12
65983,2011-12
65984,2011-12
65985,2011-12
65986,2011-12
65987,2011-12
65990,2011-12
65991,2011-12
65992,2011-12
65993,2011-12
65994,2011-12
65996,2011-12
65997,2011-12
65998,2011-12
65999,2011-12
66000,2011-12
66001,2011-12
66002,2011-12
66003,2011-12
66005,2011-12
66006,2011-12
66007,2011-12
66008,2011-12
66010,2011-12
66011,2011-12
66013,2011-12
66017,2011-12
66019,2011-12
66020,2011-12
66021,2011-12
66024,2011-12
66025,2011-12
66026,2011-12
66027,2011-12
66028,2011-12
66029,2011-12
66030,2011-12
66032,2011-12
66033,2011-12
66034,2011-12
66036,2011-12
66037,2011-12
66039,2011-12
66041,2011-12
66042,2011-12
66043,2011-12
66044,2011-12
66049,2011-12
66050,2011-12
66052,2011-12
66053,2011-12
66054,2011-12
66056,2011-12
66057,2011-12
66058,2011-12
66059,2011-12
66060,2011-12
66061,2011-12
66062,2011-12
66066,2011-12
66067,2011-12
66068,2011-12
66070,2011-12
66071,2011-12
66075,2011-12
66076,2011-12
66077,2011-12
66079,2011-12
66080,2011-12
66082,2011-12
66083,2011-12
66084,2011-12
66087,2011-12
66089,2011-12
66090,2011-12
66092,2011-12
66093,2011-12
66094,2011-12
66099,2011-12
66101,2011-12
66104,2011-12
66105,2011-12
66107,2011-12
66109,2011-12
66110,2011-12
66111,2011-12
66113,2011-12
66114,2011-12
66115,2011-12
66116,2011-12
66118,2011-12
66119,2011-12
66121,2011-12
66123,2011-12
66124,2011-12
66126,2011-12
66127,2011-12
66129,2011-12
66131,2011-12
66132,2011-12
66135,2011-12
66136,2011-12
66137,2011-12
66138,2011-12
66139,2011-12
66141,2011-12
66142,2011-12
66146,2011-12
66147,2011-12
66149,2011-12
66150,2011-12
66151,2011-12
66153,2011-12
66154,2011-12
66155,2011-12
66157,2011-12
66159,2011-12
66161,2011-12
66162,2011-12
66164,2011-12
66165,2011-12
66167,2011-12
66168,2011-12
66171,2011-12
66172,2011-12
66173,2011-12
66175,2011-12
66178,2011-12
66179,2011-12
66180,2011-12
66181,2011-12
66182,2011-12
66183,2011-12
66184,2011-12
66189,2011-12
66191,2011-12
66192,2011-12
66194,2011-12
66195,2011-12
66196,2011-12
66197,2011-12
66198,2011-12
66199,2011-12
66200,2011-12
66201,2011-12
66203,2011-12
66204,2011-12
66205,2011-12
66206,2011-12
66207,2011-12
66209,2011-12
66210,2011-12
66211,2011-12
66212,2011-12
66213,2011-12
66214,2011-12
66216,2011-12
66217,2011-12
66218,2011-12
66219,2011-12
66220,2011-12
66222,2011-12
66223,2011-12
66224,2011-12
66227,2011-12
66228,2011-12
66229,2011-12
66230,2011-12
66232,2011-12
66233,2011-12
66234,2011-12
66235,2011-12
66237,2011-12
66238,2011-12
66239,2011-12
66240,2011-12
66241,2011-12
66246,2011-12
66247,2011-12
66249,2011-12
66250,2011-12
66253,2011-12
66254,2011-12
66255,2011-12
66256,2011-12
66257,2011-12
66258,2011-12
66259,2011-12
66261,2011-12
66263,2011-12
66264,2011-12
66265,2011-12
66266,2011-12
66270,2011-12
66271,2011-12
66272,2011-12
66275,2011-12
66276,2011-12
66277,2011-12
66278,2011-12
66279,2011-12
66280,2011-12
66281,2011-12
66283,2011-12
66284,2011-12
66285,2011-12
66286,2011-12
66289,2011-12
66290,2011-12
66291,2011-12
66292,2011-12
66294,2011-12
66295,2011-12
66296,2011-12
66297,2011-12
66298,2011-12
66299,2011-12
66300,2011-12
66301,2011-12
66302,2011-12
66303,2011-12
66304,2011-12
66305,2011-12
66309,2011-12
66312,2011-12
66317,2011-12
66320,2011-12
66321,2011-12
66323,2011-12
66325,2011-12
66327,2011-12
66328,2011-12
66329,2011-12
66331,2011-12
66332,2011-12
66333,2011-12
66334,2011-12
66335,2011-12
66336,2011-12
66338,2011-12
66339,2011-12
66341,2011-12
66342,2011-12
66343,2011-12
66344,2011-12
66346,2011-12
66347,2011-12
66348,2011-12
66349,2011-12
66350,2011-12
66351,2011-12
66352,2011-12
66354,2011-12
66355,2011-12
66360,2011-12
66362,2011-12
66366,2011-12
66367,2011-12
66368,2011-12
66371,2011-12
66373,2011-12
66376,2011-12
66381,2011-12
66384,2011-12
66386,2011-12
66388,2011-12
66389,2011-12
66391,2011-12
66392,2011-12
66393,2011-12
66396,2011-12
66398,2011-12
66399,2011-12
66400,2011-12
66401,2011-12
66402,2011-12
66404,2011-12
66405,2011-12
66407,2011-12
66409,2011-12
66410,2011-12
66411,2011-12
66416,2011-12
66418,2011-12
66420,2011-12
66424,2011-12
66427,2011-12
66429,2011-12
66430,2011-12
66432,2011-12
66433,2011-12
66434,2011-12
66436,2011-12
66437,2011-12
66438,2011-12
66439,2011-12
66440,2011-12
66441,2011-12
66442,2011-12
66443,2011-12
66445,2011-12
66447,2011-12
66448,2011-12
66449,2011-12
66450,2011-12
66453,2011-12
66454,2011-12
66456,2011-12
66457,2011-12
66458,2011-12
66459,2011-12
66460,2011-12
66462,2011-12
66464,2011-12
66465,2011-12
66466,2011-12
66467,2011-12
66469,2011-12
66470,2011-12
66471,2011-12
66473,2011-12
66474,2011-12
66476,2011-12
66480,2011-12
66481,2011-12
66482,2011-12
66484,2011-12
66487,2011-12
66488,2011-12
66491,2011-12
66492,2011-12
66493,2011-12
66494,2011-12
66495,2011-12
66497,2011-12
66498,2011-12
66500,2011-12
66504,2011-12
66505,2011-12
66507,2011-12
66509,2011-12
66510,2011-12
66513,2011-12
66515,2011-12
66516,2011-12
66519,2011-12
66521,2011-12
66523,2011-12
66524,2011-12
66525,2011-12
66527,2011-12
66531,2011-12
66533,2011-12
66536,2011-12
66541,2011-12
66542,2011-12
66543,2011-12
66547,2011-12
66549,2011-12
66550,2011-12
66551,2011-12
66552,2011-12
66554,2011-12
66557,2011-12
66558,2011-12
66559,2011-12
66563,2011-12
66564,2011-12
66565,2011-12
66566,2011-12
66574,2011-12
66575,2011-12
66576,2011-12
66577,2011-12
66579,2011-12
66581,2011-12
66582,2011-12
66583,2011-12
66584,2011-12
66585,2011-12
66586,2011-12
66587,2011-12
66589,2011-12
66591,2011-12
66592,2011-12
66594,2011-12
66595,2011-12
66596,2011-12
66599,2011-12
66600,2011-12
66602,2011-12
66603,2011-12
66605,2011-12
66608,2011-12
66609,2011-12
66611,2011-12
66614,2011-12
66615,2011-12
66617,2011-12
66619,2011-12
66620,2011-12
66622,2011-12
66623,2011-12
66626,2011-12
66627,2011-12
66630,2011-12
66631,2011-12
66632,2011-12
66633,2011-12
66634,2011-12
66635,2011-12
66636,2011-12
66638,2011-12
66640,2011-12
66641,2011-12
66642,2011-12
66643,2011-12
66644,2011-12
66645,2011-12
66647,2011-12
66648,2011-12
66649,2011-12
66650,2011-12
66651,2011-12
66652,2011-12
66653,2011-12
66654,2011-12
66655,2011-12
66657,2011-12
66658,2011-12
66659,2011-12
66661,2011-12
66663,2011-12
66665,2011-12
66667,2011-12
66668,2011-12
66669,2011-12
66670,2011-12
66671,2011-12
66672,2011-12
66674,2011-12
66676,2011-12
66677,2011-12
66678,2011-12
66679,2011-12
66680,2011-12
66682,2011-12
66684,2011-12
66685,2011-12
66690,2011-12
66693,2011-12
66695,2011-12
66696,2011-12
66697,2011-12
66698,2011-12
66700,2011-12
66701,2011-12
66702,2011-12
66706,2011-12
66707,2011-12
66708,2011-12
66710,2011-12
66712,2011-12
66713,2011-12
66715,2011-12
66716,2011-12
66717,2011-12
66718,2011-12
66719,2011-12
66720,2011-12
66724,2011-12
66725,2011-12
66727,2011-12
66730,2011-12
66731,2011-12
66732,2011-12
66734,2011-12
66735,2011-12
66736,2011-12
66737,2011-12
66739,2011-12
66741,2011-12
66744,2011-12
66747,2011-12
66748,2011-12
66749,2011-12
66751,2011-12
66752,2011-12
66754,2011-12
66755,2011-12
66758,2011-12
66759,2011-12
66762,2011-12
66763,2011-12
66766,2011-12
66768,2011-12
66770,2011-12
66771,2011-12
66774,2011-12
66775,2011-12
66777,2011-12
66778,2011-12
66779,2011-12
66781,2011-12
66784,2011-12
66785,2011-12
66786,2011-12
66788,2011-12
66789,2011-12
66791,2011-12
66794,2011-12
66796,2011-12
66798,2011-12
66799,2011-12
66800,2011-12
66801,2011-12
66802,2011-12
66804,2011-12
66807,2011-12
66810,2011-12
66812,2011-12
66813,2011-12
66818,2011-12
66819,2011-12
66821,2011-12
66822,2011-12
66824,2011-12
66825,2011-12
66827,2011-12
66829,2011-12
66830,2011-12
66832,2011-12
66833,2011-12
66835,2011-12
66838,2011-12
66839,2011-12
66844,2011-12
66848,2011-12
66851,2011-12
66854,2011-12
66858,2011-12
66862,2011-12
66865,2011-12
66868,2011-12
66869,2011-12
66870,2011-12
66872,2011-12
66873,2011-12
66874,2011-12
66875,2011-12
66877,2011-12
66878,2011-12
66880,2011-12
66881,2011-12
66882,2011-12
66883,2011-12
66884,2011-12
66885,2011-12
66889,2011-12
66890,2011-12
66891,2011-12
66893,2011-12
66895,2011-12
66896,2011-12
66897,2011-12
66898,2011-12
66899,2011-12
66902,2011-12
66903,2011-12
66904,2011-12
66905,2011-12
66906,2011-12
66908,2011-12
66909,2011-12
66911,2011-12
66912,2011-12
66913,2011-12
66914,2011-12
66915,2011-12
66917,2011-12
66918,2011-12
66919,2011-12
66920,2011-12
66922,2011-12
66923,2011-12
66924,2011-12
66925,2011-12
66926,2011-12
66927,2011-12
66929,2011-12
66930,2011-12
66931,2011-12
66932,2011-12
66933,2011-12
66934,2011-12
66936,2011-12
66937,2011-12
66938,2011-12
66940,2011-12
66941,2011-12
66942,2011-12
66943,2011-12
66944,2011-12
66945,2011-12
66946,2011-12
66947,2011-12
66948,2011-12
66949,2011-12
66950,2011-12
66951,2011-12
66953,2011-12
66954,2011-12
66955,2011-12
66956,2011-12
66957,2011-12
66958,2011-12
66959,2011-12
66961,2011-12
66964,2011-12
66966,2011-12
66968,2011-12
66970,2011-12
66971,2011-12
66974,2011-12
66975,2011-12
66976,2011-12
66977,2011-12
66978,2011-12
66979,2011-12
66980,2011-12
66981,2011-12
66982,2011-12
66984,2011-12
66985,2011-12
66986,2011-12
66988,2011-12
66990,2011-12
66992,2011-12
66994,2011-12
66996,2011-12
67000,2011-12
67001,2011-12
67002,2011-12
67003,2011-12
67007,2011-12
67009,2011-12
67012,2011-12
67014,2011-12
67015,2011-12
67016,2011-12
67019,2011-12
67020,2011-12
67021,2011-12
67022,2011-12
67024,2011-12
67027,2011-12
67030,2011-12
67031,2011-12
67032,2011-12
67034,2011-12
67036,2011-12
67037,2011-12
67039,2011-12
67040,2011-12
67041,2011-12
67042,2011-12
67044,2011-12
67047,2011-12
67049,2011-12
67050,2011-12
67051,2011-12
67053,2011-12
67054,2011-12
67055,2011-12
67056,2011-12
67058,2011-12
67059,2011-12
67060,2011-12
67061,2011-12
67063,2011-12
67065,2011-12
67066,2011-12
67069,2011-12
67070,2011-12
67071,2011-12
67072,2011-12
67073,2011-12
67074,2011-12
67075,2011-12
67076,2011-12
67078,2011-12
67079,2011-12
67081,2011-12
67082,2011-12
67083,2011-12
67086,2011-12
67087,2011-12
67088,2011-12
67091,2011-12
67093,2011-12
67094,2011-12
67095,2011-12
67096,2011-12
67097,2011-12
67098,2011-12
67099,2011-12
67100,2011-12
67101,2011-12
67102,2011-12
67107,2011-12
67110,2011-12
67111,2011-12
67112,2011-12
67113,2011-12
67115,2011-12
67117,2011-12
67118,2011-12
67119,2011-12
67121,2011-12
67122,2011-12
67124,2011-12
67126,2011-12
67127,2011-12
67128,2011-12
67129,2011-12
67130,2011-12
67131,2011-12
67133,2011-12
67135,2011-12
67137,2011-12
67138,2011-12
67141,2011-12
67143,2011-12
67146,2011-12
67148,2011-12
67149,2011-12
67152,2011-12
67153,2011-12
67158,2011-12
67159,2011-12
67160,2011-12
67164,2011-12
67165,2011-12
67166,2011-12
67167,2011-12
67168,2011-12
67169,2011-12
67170,2011-12
67171,2011-12
67174,2011-12
67175,2011-12
67176,2011-12
67177,2011-12
67179,2011-12
67180,2011-12
67181,2011-12
67182,2011-12
67183,2011-12
67184,2011-12
67185,2011-12
67186,2011-12
67187,2011-12
67188,2011-12
67189,2011-12
67190,2011-12
67191,2011-12
67192,2011-12
67193,2011-12
67194,2011-12
67195,2011-12
67197,2011-12
67198,2011-12
67199,2011-12
67200,2011-12
67201,2011-12
67203,2011-12
67204,2011-12
67206,2011-12
67207,2011-12
67208,2011-12
67209,2011-12
67214,2011-12
67215,2011-12
67217,2011-12
67219,2011-12
67220,2011-12
67221,2011-12
67222,2011-12
67223,2011-12
67225,2011-12
67226,2011-12
67227,2011-12
67228,2011-12
67229,2011-12
67230,2011-12
67231,2011-12
67232,2011-12
67233,2011-12
67234,2011-12
67235,2011-12
67236,2011-12
67237,2011-12
67238,2011-12
67243,2011-12
67244,2011-12
67245,2011-12
67247,2011-12
67249,2011-12
67251,2011-12
67252,2011-12
67253,2011-12
67254,2011-12
67255,2011-12
67256,2011-12
67257,2011-12
67259,2011-12
67266,2011-12
67269,2011-12
67270,2011-12
67272,2011-12
67273,2011-12
67275,2011-12
67279,2011-12
67280,2011-12
67281,2011-12
67282,2011-12
67283,2011-12
67285,2011-12
67286,2011-12
67287,2011-12
67288,2011-12
67290,2011-12
67291,2011-12
67292,2011-12
67293,2011-12
67297,2011-12
67298,2011-12
67299,2011-12
67304,2011-12
67305,2011-12
67306,2011-12
67308,2011-12
67309,2011-12
67310,2011-12
67311,2011-12
67312,2011-12
67313,2011-12
67314,2011-12
67315,2011-12
67318,2011-12
67320,2011-12
67322,2011-12
67323,2011-12
67324,2011-12
67326,2011-12
67327,2011-12
67328,2011-12
67329,2011-12
67330,2011-12
67331,2011-12
67332,2011-12
67335,2011-12
67336,2011-12
67337,2011-12
67338,2011-12
67339,2011-12
67340,2011-12
67341,2011-12
67342,2011-12
67343,2011-12
67346,2011-12
67347,2011-12
67348,2011-12
67349,2011-12
67351,2011-12
67352,2011-12
67353,2011-12
67355,2011-12
67356,2011-12
67357,2011-12
67360,2011-12
67361,2011-12
67362,2011-12
67363,2011-12
67364,2011-12
67367,2011-12
67368,2011-12
67371,2011-12
67373,2011-12
67376,2011-12
67379,2011-12
67380,2011-12
67381,2011-12
67382,2011-12
67383,2011-12
67384,2011-12
67385,2011-12
67388,2011-12
67389,2011-12
67390,2011-12
67391,2011-12
67392,2011-12
67393,2011-12
67394,2011-12
67395,2011-12
67397,2011-12
67399,2011-12
67402,2011-12
67403,2011-12
67407,2011-12
67408,2011-12
67412,2011-12
67413,2011-12
67414,2011-12
67417,2011-12
67418,2011-12
67421,2011-12
67422,2011-12
67425,2011-12
67427,2011-12
67429,2011-12
67430,2011-12
67431,2011-12
67434,2011-12
67435,2011-12
67436,2011-12
67438,2011-12
67439,2011-12
67441,2011-12
67442,2011-12
67445,2011-12
67446,2011-12
67447,2011-12
67449,2011-12
67450,2011-12
67451,2011-12
67452,2011-12
67454,2011-12
67458,2011-12
67459,2011-12
67462,2011-12
67463,2011-12
67464,2011-12
67466,2011-12
67468,2011-12
67470,2011-12
67471,2011-12
67473,2011-12
67474,2011-12
67475,2011-12
67476,2011-12
67477,2011-12
67480,2011-12
67481,2011-12
67482,2011-12
67483,2011-12
67486,2011-12
67487,2011-12
67488,2011-12
67489,2011-12
67490,2011-12
67492,2011-12
67494,2011-12
67495,2011-12
67498,2011-12
67499,2011-12
67500,2011-12
67501,2011-12
67502,2011-12
67503,2011-12
67505,2011-12
67507,2011-12
67513,2011-12
67515,2011-12
67516,2011-12
67519,2011-12
67520,2011-12
67524,2011-12
67526,2011-12
67527,2011-12
67529,2011-12
67530,2011-12
67535,2011-12
67538,2011-12
67539,2011-12
67540,2011-12
67541,2011-12
67542,2011-12
67543,2011-12
67544,2011-12
67546,2011-12
67548,2011-12
67549,2011-12
67550,2011-12
67551,2011-12
67557,2011-12
67560,2011-12
67561,2011-12
67563,2011-12
67564,2011-12
67565,2011-12
67566,2011-12
67567,2011-12
67568,2011-12
67569,2011-12
67570,2011-12
67571,2011-12
67573,2011-12
67574,2011-12
67575,2011-12
67576,2011-12
67577,2011-12
67579,2011-12
67580,2011-12
67581,2011-12
67582,2011-12
67585,2011-12
67587,2011-12
67589,2011-12
67590,2011-12
67591,2011-12
67594,2011-12
67595,2011-12
67596,2011-12
67597,2011-12
67600,2011-12
67602,2011-12
67603,2011-12
67604,2011-12
67605,2011-12
67606,2011-12
67613,2011-12
67614,2011-12
67615,2011-12
67616,2011-12
67617,2011-12
67618,2011-12
67619,2011-12
67620,2011-12
67621,2011-12
67622,2011-12
67624,2011-12
67625,2011-12
67627,2011-12
67629,2011-12
67630,2011-12
67631,2011-12
67634,2011-12
67635,2011-12
67638,2011-12
67640,2011-12
67642,2011-12
67643,2011-12
67644,2011-12
67645,2011-12
67646,2011-12
67647,2011-12
67650,2011-12
67651,2011-12
67653,2011-12
67654,2011-12
67655,2011-12
67659,2011-12
67660,2011-12
67661,2011-12
67662,2011-12
67664,2011-12
67666,2011-12
67668,2011-12
67670,2011-12
67672,2011-12
67678,2011-12
67679,2011-12
67680,2011-12
67681,2011-12
67682,2011-12
67683,2011-12
67684,2011-12
67685,2011-12
67686,2011-12
67687,2011-12
67689,2011-12
67690,2011-12
67691,2011-12
67692,2011-12
67694,2011-12
67696,2011-12
67698,2011-12
67703,2011-12
67704,2011-12
67706,2011-12
67707,2011-12
67708,2011-12
67709,2011-12
67710,2011-12
67711,2011-12
67712,2011-12
67713,2011-12
67714,2011-12
67716,2011-12
67717,2011-12
67718,2011-12
67719,2011-12
67720,2011-12
67721,2011-12
67722,2011-12
67726,2011-12
67733,2011-12
67735,2011-12
67737,2011-12
67738,2011-12
67739,2011-12
67741,2011-12
67743,2011-12
67744,2011-12
67745,2011-12
67746,2011-12
67752,2011-12
67754,2011-12
67755,2011-12
67756,2011-12
67758,2011-12
67760,2011-12
67761,2011-12
67762,2011-12
67763,2011-12
67766,2011-12
67767,2011-12
67768,2011-12
67769,2011-12
67771,2011-12
67772,2011-12
67773,2011-12
67775,2011-12
67776,2011-12
67778,2011-12
67779,2011-12
67780,2011-12
67781,2011-12
67782,2011-12
67783,2011-12
67785,2011-12
67787,2011-12
67789,2011-12
67790,2011-12
67791,2011-12
67793,2011-12
67794,2011-12
67797,2011-12
67798,2011-12
67799,2011-12
67803,2011-12
67806,2011-12
67808,2011-12
67809,2011-12
67813,2011-12
67814,2011-12
67816,2011-12
67817,2011-12
67818,2011-12
67819,2011-12
67821,2011-12
67823,2011-12
67824,2011-12
67825,2011-12
67826,2011-12
67827,2011-12
67828,2011-12
67832,2011-12
67833,2011-12
67834,2011-12
67835,2011-12
67836,2011-12
67837,2011-12
67838,2011-12
67840,2011-12
67841,2011-12
67842,2011-12
67844,2011-12
67845,2011-12
67846,2011-12
67847,2011-12
67848,2011-12
67852,2011-12
67854,2011-12
67855,2011-12
67858,2011-12
67859,2011-12
67860,2011-12
67861,2011-12
67863,2011-12
67864,2011-12
67866,2011-12
67873,2011-12
67875,2011-12
67877,2011-12
67878,2011-12
67879,2011-12
67880,2011-12
67881,2011-12
67884,2011-12
67885,2011-12
67887,2011-12
67888,2011-12
67889,2011-12
67891,2011-12
67893,2011-12
67894,2011-12
67897,2011-12
67898,2011-12
67899,2011-12
67902,2011-12
67905,2011-12
67906,2011-12
67907,2011-12
67908,2011-12
67910,2011-12
67911,2011-12
67912,2011-12
67913,2011-12
67914,2011-12
67915,2011-12
67917,2011-12
67919,2011-12
67921,2011-12
67923,2011-12
67924,2011-12
67925,2011-12
67927,2011-12
67928,2011-12
67932,2011-12
67933,2011-12
67934,2011-12
67935,2011-12
67938,2011-12
67939,2011-12
67940,2011-12
67944,2011-12
67945,2011-12
67947,2011-12
67948,2011-12
67949,2011-12
67951,2011-12
67952,2011-12
67954,2011-12
67955,2011-12
67957,2011-12
67959,2011-12
67960,2011-12
67961,2011-12
67962,2011-12
67963,2011-12
67964,2011-12
67965,2011-12
67967,2011-12
67968,2011-12
67970,2011-12
67971,2011-12
67972,2011-12
67973,2011-12
67974,2011-12
67975,2011-12
67977,2011-12
67978,2011-12
67979,2011-12
67980,2011-12
67981,2011-12
67985,2011-12
67986,2011-12
67987,2011-12
67988,2011-12
67990,2011-12
67991,2011-12
67992,2011-12
67993,2011-12
67994,2011-12
67995,2011-12
67996,2011-12
67998,2011-12
67999,2011-12
68000,2011-12
68001,2011-12
68003,2011-12
68004,2011-12
68006,2011-12
68009,2011-12
68010,2011-12
68011,2011-12
68012,2011-12
68013,2011-12
68014,2011-12
68015,2011-12
68016,2011-12
68017,2011-12
68019,2011-12
68020,2011-12
68021,2011-12
68022,2011-12
68023,2011-12
68024,2011-12
68025,2011-12
68027,2011-12
68028,2011-12
68029,2011-12
68032,2011-12
68034,2011-12
68035,2011-12
68037,2011-12
68038,2011-12
68041,2011-12
68042,2011-12
68043,2011-12
68044,2011-12
68045,2011-12
68046,2011-12
68047,2011-12
68048,2011-12
68049,2011-12
68052,2011-12
68056,2011-12
68058,2011-12
68060,2011-12
68062,2011-12
68063,2011-12
68064,2011-12
68065,2011-12
68068,2011-12
68069,2011-12
68070,2011-12
68072,2011-12
68073,2011-12
68075,2011-12
68076,2011-12
68077,2011-12
68078,2011-12
68079,2011-12
68080,2011-12
68083,2011-12
68085,2011-12
68086,2011-12
68089,2011-12
68091,2011-12
68092,2011-12
68095,2011-12
68098,2011-12
68100,2011-12
68101,2011-12
68102,2011-12
68104,2011-12
68105,2011-12
68106,2011-12
68107,2011-12
68109,2011-12
68110,2011-12
68111,2011-12
68112,2011-12
68115,2011-12
68116,2011-12
68117,2011-12
68119,2011-12
68120,2011-12
68121,2011-12
68123,2011-12
68125,2011-12
68126,2011-12
68127,2011-12
68128,2011-12
68129,2011-12
68130,2011-12
68133,2011-12
68134,2011-12
68135,2011-12
68137,2011-12
68140,2011-12
68142,2011-12
68143,2011-12
68144,2011-12
68145,2011-12
68146,2011-12
68147,2011-12
68148,2011-12
68149,2011-12
68150,2011-12
68152,2011-12
68153,2011-12
68154,2011-12
68156,2011-12
68157,2011-12
68158,2011-12
68159,2011-12
68160,2011-12
68161,2011-12
68164,2011-12
68166,2011-12
68169,2011-12
68170,2011-12
68172,2011-12
68173,2011-12
68176,2011-12
68177,2011-12
68178,2011-12
68179,2011-12
68180,2011-12
68181,2011-12
68182,2011-12
68184,2011-12
68185,2011-12
68186,2011-12
68188,2011-12
68189,2011-12
68191,2011-12
68194,2011-12
68195,2011-12
68196,2011-12
68197,2011-12
68198,2011-12
68199,2011-12
68200,2011-12
68201,2011-12
68202,2011-12
68203,2011-12
68204,2011-12
68205,2011-12
68206,2011-12
68207,2011-12
68208,2011-12
68209,2011-12
68210,2011-12
68212,2011-12
68213,2011-12
68215,2011-12
68217,2011-12
68219,2011-12
68220,2011-12
68222,2011-12
68223,2011-12
68224,2011-12
68226,2011-12
68227,2011-12
68228,2011-12
68229,2011-12
68230,2011-12
68231,2011-12
68232,2011-12
68234,2011-12
68236,2011-12
68237,2011-12
68239,2011-12
68240,2011-12
68241,2011-12
68242,2011-12
68243,2011-12
68244,2011-12
68245,2011-12
68246,2011-12
68248,2011-12
68249,2011-12
68251,2011-12
68252,2011-12
68253,2011-12
68254,2011-12
68256,2011-12
68260,2011-12
68261,2011-12
68262,2011-12
68263,2011-12
68264,2011-12
68265,2011-12
68270,2011-12
68271,2011-12
68273,2011-12
68274,2011-12
68275,2011-12
68276,2011-12
68277,2011-12
68280,2011-12
68281,2011-12
68282,2011-12
68284,2011-12
68285,2011-12
68286,2011-12
68287,2011-12
68289,2011-12
68291,2011-12
68293,2011-12
68294,2011-12
68296,2011-12
68300,2011-12
68301,2011-12
68302,2011-12
68304,2011-12
68305,2011-12
68306,2011-12
68310,2011-12
68311,2011-12
68312,2011-12
68314,2011-12
68315,2011-12
68316,2011-12
68317,2011-12
68318,2011-12
68319,2011-12
68322,2011-12
68323,2011-12
68324,2011-12
68327,2011-12
68329,2011-12
68330,2011-12
68332,2011-12
68334,2011-12
68337,2011-12
68340,2011-12
68341,2011-12
68343,2011-12
68344,2011-12
68345,2011-12
68348,2011-12
68350,2011-12
68351,2011-12
68353,2011-12
68355,2011-12
68360,2011-12
68361,2011-12
68364,2011-12
68367,2011-12
68368,2011-12
68370,2011-12
68374,2011-12
68375,2011-12
68380,2011-12
68381,2011-12
68385,2011-12
68387,2011-12
68393,2011-12
68400,2011-12
68401,2011-12
68403,2011-12
68404,2011-12
68406,2011-12
68408,2011-12
68410,2011-12
68411,2011-12
68412,2011-12
68416,2011-12
68417,2011-12
68418,2011-12
68419,2011-12
68420,2011-12
68422,2011-12
68423,2011-12
68424,2011-12
68425,2011-12
68427,2011-12
68428,2011-12
68429,2011-12
68432,2011-12
68433,2011-12
68435,2011-12
68436,2011-12
68438,2011-12
68439,2011-12
68440,2011-12
68442,2011-12
68444,2011-12
68445,2011-12
68446,2011-12
68447,2011-12
68450,2011-12
68452,2011-12
68453,2011-12
68455,2011-12
68459,2011-12
68461,2011-12
68462,2011-12
68464,2011-12
68465,2011-12
68467,2011-12
68468,2011-12
68469,2011-12
68470,2011-12
68471,2011-12
68473,2011-12
68474,2011-12
68477,2011-12
68478,2011-12
68480,2011-12
68481,2011-12
68483,2011-12
68484,2011-12
68485,2011-12
68487,2011-12
68489,2011-12
68491,2011-12
68493,2011-12
68494,2011-12
68495,2011-12
68496,2011-12
68497,2011-12
68499,2011-12
68500,2011-12
68504,2011-12
68505,2011-12
68506,2011-12
68507,2011-12
68508,2011-12
68510,2011-12
68511,2011-12
68513,2011-12
68515,2011-12
68516,2011-12
68517,2011-12
68520,2011-12
68521,2011-12
68522,2011-12
68523,2011-12
68525,2011-12
68526,2011-12
68527,2011-12
68529,2011-12
68531,2011-12
68533,2011-12
68534,2011-12
68538,2011-12
68540,2011-12
68541,2011-12
68543,2011-12
68544,2011-12
68545,2011-12
68546,2011-12
68547,2011-12
68548,2011-12
68551,2011-12
68553,2011-12
68556,2011-12
68557,2011-12
68558,2011-12
68559,2011-12
68560,2011-12
68561,2011-12
68565,2011-12
68566,2011-12
68567,2011-12
68569,2011-12
68570,2011-12
68571,2011-12
68572,2011-12
68573,2011-12
68574,2011-12
68575,2011-12
68577,2011-12
68578,2011-12
68579,2011-12
68580,2011-12
68581,2011-12
68582,2011-12
68583,2011-12
68586,2011-12
68589,2011-12
68591,2011-12
68592,2011-12
68593,2011-12
68594,2011-12
68596,2011-12
68597,2011-12
68598,2011-12
68602,2011-12
68603,2011-12
68605,2011-12
68606,2011-12
68612,2011-12
68613,2011-12
68616,2011-12
68618,2011-12
68619,2011-12
68620,2011-12
68621,2011-12
68624,2011-12
68625,2011-12
68626,2011-12
68627,2011-12
68628,2011-12
68630,2011-12
68631,2011-12
68632,2011-12
68633,2011-12
68634,2011-12
68635,2011-12
68637,2011-12
68639,2011-12
68641,2011-12
68642,2011-12
68643,2011-12
68645,2011-12
68646,2011-12
68647,2011-12
68648,2011-12
68655,2011-12
68657,2011-12
68658,2011-12
68659,2011-12
68661,2011-12
68662,2011-12
68663,2011-12
68666,2011-12
68667,2011-12
68669,2011-12
68671,2011-12
68672,2011-12
68673,2011-12
68676,2011-12
68678,2011-12
68679,2011-12
68680,2011-12
68681,2011-12
68683,2011-12
68685,2011-12
68686,2011-12
68687,2011-12
68688,2011-12
68689,2011-12
68690,2011-12
68691,2011-12
68693,2011-12
68694,2011-12
68695,2011-12
68697,2011-12
68698,2011-12
68702,2011-12
68703,2011-12
68704,2011-12
68706,2011-12
68707,2011-12
68708,2011-12
68710,2011-12
68711,2011-12
68713,2011-12
68714,2011-12
68715,2011-12
68716,2011-12
68717,2011-12
68718,2011-12
68720,2011-12
68721,2011-12
68722,2011-12
68723,2011-12
68724,2011-12
68726,2011-12
68727,2011-12
68728,2011-12
68729,2011-12
68730,2011-12
68732,2011-12
68733,2011-12
68735,2011-12
68736,2011-12
68737,2011-12
68739,2011-12
68740,2011-12
68743,2011-12
68745,2011-12
68746,2011-12
68747,2011-12
68748,2011-12
68749,2011-12
68754,2011-12
68758,2011-12
68760,2011-12
68763,2011-12
68765,2011-12
68766,2011-12
68767,2011-12
68769,2011-12
68771,2011-12
68773,2011-12
68775,2011-12
68777,2011-12
68779,2011-12
68781,2011-12
68783,2011-12
68784,2011-12
68786,2011-12
68787,2011-12
68789,2011-12
68790,2011-12
68793,2011-12
68794,2011-12
68797,2011-12
68799,2011-12
68802,2011-12
68803,2011-12
68808,2011-12
68810,2011-12
68813,2011-12
68815,2011-12
68816,2011-12
68818,2011-12
68819,2011-12
68823,2011-12
68824,2011-12
68825,2011-12
68826,2011-12
68827,2011-12
68831,2011-12
68832,2011-12
68833,2011-12
68836,2011-12
68837,2011-12
68838,2011-12
68839,2011-12
68840,2011-12
68842,2011-12
68844,2011-12
68845,2011-12
68846,2011-12
68847,2011-12
68850,2011-12
68851,2011-12
68853,2011-12
68854,2011-12
68855,2011-12
68856,2011-12
68857,2011-12
68858,2011-12
68859,2011-12
68861,2011-12
68864,2011-12
68865,2011-12
68867,2011-12
68868,2011-12
68871,2011-12
68873,2011-12
68875,2011-12
68876,2011-12
68877,2011-12
68881,2011-12
68882,2011-12
68884,2011-12
68886,2011-12
68888,2011-12
68890,2011-12
68893,2011-12
68894,2011-12
68899,2011-12
68900,2011-12
68901,2011-12
68902,2011-12
68904,2011-12
68906,2011-12
68907,2011-12
68908,2011-12
68909,2011-12
68910,2011-12
68911,2011-12
68912,2011-12
68913,2011-12
68915,2011-12
68916,2011-12
68918,2011-12
68920,2011-12
68921,2011-12
68922,2011-12
68923,2011-12
68924,2011-12
68925,2011-12
68927,2011-12
68928,2011-12
68930,2011-12
68933,2011-12
68934,2011-12
68935,2011-12
68937,2011-12
68938,2011-12
68939,2011-12
68942,2011-12
68944,2011-12
68945,2011-12
68946,2011-12
68947,2011-12
68948,2011-12
68950,2011-12
68952,2011-12
68953,2011-12
68955,2011-12
68957,2011-12
68958,2011-12
68960,2011-12
68961,2011-12
68962,2011-12
68964,2011-12
68966,2011-12
68968,2011-12
68970,2011-12
68972,2011-12
68974,2011-12
68976,2011-12
68977,2011-12
68978,2011-12
68979,2011-12
68980,2011-12
68981,2011-12
68983,2011-12
68986,2011-12
68987,2011-12
68988,2011-12
68989,2011-12
68990,2011-12
68991,2011-12
68992,2011-12
68993,2011-12
68994,2011-12
68995,2011-12
68997,2011-12
68998,2011-12
69000,2011-12
69002,2011-12
69003,2011-12
69004,2011-12
69005,2011-12
69006,2011-12
69007,2011-12
69009,2011-12
69010,2011-12
69011,2011-12
69013,2011-12
69014,2011-12
69016,2011-12
69017,2011-12
69019,2011-12
69021,2011-12
69022,2011-12
69023,2011-12
69025,2011-12
69027,2011-12
69029,2011-12
69034,2011-12
69035,2011-12
69037,2011-12
69038,2011-12
69041,2011-12
69048,2011-12
69049,2011-12
69053,2011-12
69055,2011-12
69056,2011-12
69060,2011-12
69061,2011-12
69062,2011-12
69064,2011-12
69065,2011-12
69066,2011-12
69067,2011-12
69069,2011-12
69074,2011-12
69076,2011-12
69080,2011-12
69081,2011-12
69082,2011-12
69085,2011-12
69086,2011-12
69087,2011-12
69088,2011-12
69089,2011-12
69091,2011-12
69093,2011-12
69097,2011-12
69098,2011-12
69101,2011-12
69105,2011-12
69107,2011-12
69110,2011-12
69111,2011-12
69112,2011-12
69113,2011-12
69115,2011-12
69116,2011-12
69117,2011-12
69118,2011-12
69119,2011-12
69120,2011-12
69122,2011-12
69123,2011-12
69125,2011-12
69127,2011-12
69128,2011-12
69129,2011-12
69130,2011-12
69131,2011-12
69132,2011-12
69136,2011-12
69137,2011-12
69139,2011-12
69143,2011-12
69144,2011-12
69147,2011-12
69150,2011-12
69151,2011-12
69152,2011-12
69154,2011-12
69155,2011-12
69156,2011-12
69157,2011-12
69158,2011-12
69159,2011-12
69160,2011-12
69161,2011-12
69162,2011-12
69163,2011-12
69164,2011-12
69165,2011-12
69166,2011-12
69167,2011-12
69168,2011-12
69169,2011-12
69170,2011-12
69171,2011-12
69172,2011-12
69173,2011-12
69174,2011-12
69176,2011-12
69177,2011-12
69178,2011-12
69181,2011-12
69182,2011-12
69183,2011-12
69184,2011-12
69185,2011-12
69188,2011-12
69190,2011-12
69193,2011-12
69194,2011-12
69196,2011-12
69198,2011-12
69201,2011-12
69203,2011-12
69204,2011-12
69207,2011-12
69208,2011-12
69210,2011-12
69212,2011-12
69215,2011-12
69217,2011-12
69220,2011-12
69221,2011-12
69223,2011-12
69224,2011-12
69226,2011-12
69227,2011-12
69229,2011-12
69230,2011-12
69231,2011-12
69234,2011-12
69236,2011-12
69237,2011-12
69239,2011-12
69240,2011-12
69241,2011-12
69243,2011-12
69245,2011-12
69246,2011-12
69247,2011-12
69250,2011-12
69252,2011-12
69253,2011-12
69255,2011-12
69256,2011-12
69257,2011-12
69258,2011-12
69259,2011-12
69261,2011-12
69264,2011-12
69265,2011-12
69266,2011-12
69267,2011-12
69269,2011-12
69270,2011-12
69274,2011-12
69275,2011-12
69276,2011-12
69277,2011-12
69278,2011-12
69279,2011-12
69280,2011-12
69282,2011-12
69283,2011-12
69285,2011-12
69287,2011-12
69288,2011-12
69292,2011-12
69293,2011-12
69295,2011-12
69296,2011-12
69297,2011-12
69300,2011-12
69301,2011-12
69303,2011-12
69304,2011-12
69305,2011-12
69307,2011-12
69308,2011-12
69310,2011-12
69311,2011-12
69316,2011-12
69319,2011-12
69320,2011-12
69321,2011-12
69323,2011-12
69324,2011-12
69325,2011-12
69328,2011-12
69329,2011-12
69330,2011-12
69331,2011-12
69332,2011-12
69333,2011-12
69334,2011-12
69335,2011-12
69338,2011-12
69339,2011-12
69340,2011-12
69341,2011-12
69342,2011-12
69343,2011-12
69344,2011-12
69347,2011-12
69348,2011-12
69349,2011-12
69355,2011-12
69356,2011-12
69357,2011-12
69358,2011-12
69361,2011-12
69364,2011-12
69365,2011-12
69366,2011-12
69368,2011-12
69369,2011-12
69370,2011-12
69373,2011-12
69375,2011-12
69376,2011-12
69378,2011-12
69379,2011-12
69380,2011-12
69381,2011-12
69382,2011-12
69384,2011-12
69385,2011-12
69386,2011-12
69387,2011-12
69388,2011-12
69389,2011-12
69390,2011-12
69391,2011-12
69392,2011-12
69393,2011-12
69394,2011-12
69395,2011-12
69396,2011-12
69400,2011-12
69403,2011-12
69404,2011-12
69405,2011-12
69406,2011-12
69407,2011-12
69408,2011-12
69409,2011-12
69410,2011-12
69411,2011-12
69412,2011-12
69415,2011-12
69418,2011-12
69419,2011-12
69420,2011-12
69421,2011-12
69422,2011-12
69423,2011-12
69425,2011-12
69426,2011-12
69428,2011-12
69429,2011-12
69430,2011-12
69433,2011-12
69434,2011-12
69436,2011-12
69437,2011-12
69438,2011-12
69442,2011-12
69443,2011-12
69445,2011-12
69447,2011-12
69449,2011-12
69450,2011-12
69451,2011-12
69452,2011-12
69453,2011-12
69455,2011-12
69456,2011-12
69457,2011-12
69459,2011-12
69460,2011-12
69461,2011-12
69463,2011-12
69464,2011-12
69465,2011-12
69466,2011-12
69468,2011-12
69471,2011-12
69473,2011-12
69474,2011-12
69475,2011-12
69479,2011-12
69484,2011-12
69486,2011-12
69487,2011-12
69488,2011-12
69489,2011-12
69491,2011-12
69492,2011-12
69494,2011-12
69496,2011-12
69497,2011-12
69499,2011-12
69500,2011-12
69502,2011-12
69503,2011-12
69504,2011-12
69505,2011-12
69506,2011-12
69507,2011-12
69509,2011-12
69511,2011-12
69513,2011-12
69514,2011-12
69515,2011-12
69516,2011-12
69520,2011-12
69521,2011-12
69524,2011-12
69529,2011-12
69531,2011-12
69533,2011-12
69534,2011-12
69535,2011-12
69536,2011-12
69538,2011-12
69539,2011-12
69540,2011-12
69542,2011-12
69546,2011-12
69547,2011-12
69548,2011-12
69549,2011-12
69550,2011-12
69552,2011-12
69553,2011-12
69554,2011-12
69558,2011-12
69560,2011-12
69561,2011-12
69562,2011-12
69564,2011-12
69566,2011-12
69572,2011-12
69574,2011-12
69580,2011-12
69581,2011-12
69587,2011-12
69588,2011-12
69590,2011-12
69591,2011-12
69594,2011-12
69596,2011-12
69598,2011-12
69599,2011-12
69600,2011-12
69601,2011-12
69603,2011-12
69605,2011-12
69606,2011-12
69607,2011-12
69608,2011-12
69611,2011-12
69612,2011-12
69615,2011-12
69616,2011-12
69617,2011-12
69618,2011-12
69620,2011-12
69621,2011-12
69622,2011-12
69625,2011-12
69626,2011-12
69627,2011-12
69628,2011-12
69629,2011-12
69630,2011-12
69631,2011-12
69632,2011-12
69633,2011-12
69634,2011-12
69635,2011-12
69637,2011-12
69640,2011-12
69642,2011-12
69644,2011-12
69646,2011-12
69647,2011-12
69649,2011-12
69650,2011-12
69651,2011-12
69652,2011-12
69653,2011-12
69655,2011-12
69656,2011-12
69658,2011-12
69659,2011-12
69662,2011-12
69665,2011-12
69667,2011-12
69668,2011-12
69669,2011-12
69671,2011-12
69674,2011-12
69675,2011-12
69677,2011-12
69679,2011-12
69680,2011-12
69683,2011-12
69684,2011-12
69685,2011-12
69687,2011-12
69688,2011-12
69691,2011-12
69692,2011-12
69693,2011-12
69694,2011-12
69695,2011-12
69696,2011-12
69698,2011-12
69700,2011-12
69702,2011-12
69704,2011-12
69706,2011-12
69708,2011-12
69709,2011-12
69710,2011-12
69712,2011-12
69713,2011-12
69714,2011-12
69715,2011-12
69716,2011-12
69718,2011-12
69724,2011-12
69730,2011-12
69736,2011-12
69737,2011-12
69738,2011-12
69739,2011-12
69740,2011-12
69743,2011-12
69745,2011-12
69746,2011-12
69747,2011-12
69748,2011-12
69750,2011-12
69752,2011-12
69753,2011-12
69754,2011-12
69755,2011-12
69757,2011-12
69759,2011-12
69761,2011-12
69762,2011-12
69763,2011-12
69764,2011-12
69767,2011-12
69768,2011-12
69773,2011-12
69774,2011-12
69776,2011-12
69777,2011-12
69778,2011-12
69780,2011-12
69783,2011-12
69787,2011-12
69788,2011-12
69789,2011-12
69790,2011-12
69793,2011-12
69794,2011-12
69797,2011-12
69798,2011-12
69799,2011-12
69800,2011-12
69802,2011-12
69804,2011-12
69807,2011-12
69810,2011-12
69811,2011-12
69812,2011-12
69814,2011-12
69816,2011-12
69818,2011-12
69819,2011-12
69820,2011-12
69821,2011-12
69822,2011-12
69823,2011-12
69825,2011-12
69828,2011-12
69831,2011-12
69833,2011-12
69835,2011-12
69839,2011-12
69840,2011-12
69841,2011-12
69842,2011-12
69843,2011-12
69844,2011-12
69845,2011-12
69846,2011-12
69847,2011-12
69848,2011-12
69849,2011-12
69850,2011-12
69851,2011-12
69852,2011-12
69853,2011-12
69854,2011-12
69860,2011-12
69861,2011-12
69862,2011-12
69863,2011-12
69866,2011-12
69867,2011-12
69868,2011-12
69869,2011-12
69870,2011-12
69872,2011-12
69873,2011-12
69875,2011-12
69876,2011-12
69877,2011-12
69878,2011-12
69879,2011-12
69880,2011-12
69883,2011-12
69884,2011-12
69885,2011-12
69887,2011-12
69889,2011-12
69891,2011-12
69892,2011-12
69893,2011-12
69896,2011-12
69898,2011-12
69899,2011-12
69901,2011-12
69902,2011-12
69904,2011-12
69907,2011-12
69911,2011-12
69914,2011-12
69915,2011-12
69916,2011-12
69917,2011-12
69919,2011-12
69920,2011-12
69921,2011-12
69922,2011-12
69923,2011-12
69924,2011-12
69925,2011-12
69926,2011-12
69928,2011-12
69929,2011-12
69930,2011-12
69931,2011-12
69932,2011-12
69933,2011-12
69934,2011-12
69935,2011-12
69936,2011-12
69937,2011-12
69938,2011-12
69940,2011-12
69943,2011-12
69944,2011-12
69946,2011-12
69947,2011-12
69948,2011-12
69949,2011-12
69950,2011-12
69953,2011-12
69958,2011-12
69959,2011-12
69962,2011-12
69964,2011-12
69967,2011-12
69968,2011-12
69969,2011-12
69970,2011-12
69972,2011-12
69975,2011-12
69976,2011-12
69977,2011-12
69978,2011-12
69979,2011-12
69981,2011-12
69982,2011-12
69983,2011-12
69984,2011-12
69985,2011-12
69988,2011-12
69989,2011-12
69990,2011-12
69991,2011-12
69992,2011-12
69993,2011-12
69994,2011-12
69996,2011-12
69997,2011-12
69999,2011-12
70000,2011-12
70002,2011-12
70004,2011-12
70006,2011-12
70008,2011-12
70010,2011-12
70011,2011-12
70013,2011-12
70017,2011-12
70018,2011-12
70020,2011-12
70021,2011-12
70023,2011-12
70025,2011-12
70026,2011-12
70027,2011-12
70031,2011-12
70033,2011-12
70035,2011-12
70036,2011-12
70043,2011-12
70045,2011-12
70046,2011-12
70047,2011-12
70048,2011-12
70049,2011-12
70050,2011-12
70051,2011-12
70054,2011-12
70055,2011-12
70057,2011-12
70058,2011-12
70061,2011-12
70062,2011-12
70063,2011-12
70065,2011-12
70066,2011-12
70068,2011-12
70069,2011-12
70072,2011-12
70073,2011-12
70074,2011-12
70075,2011-12
70076,2011-12
70077,2011-12
70081,2011-12
70082,2011-12
70084,2011-12
70087,2011-12
70092,2011-12
70093,2011-12
70094,2011-12
70095,2011-12
70096,2011-12
70097,2011-12
70099,2011-12
70100,2011-12
70101,2011-12
70103,2011-12
70104,2011-12
70105,2011-12
70106,2011-12
70108,2011-12
70109,2011-12
70111,2011-12
70112,2011-12
70115,2011-12
70117,2011-12
70119,2011-12
70120,2011-12
70121,2011-12
70122,2011-12
70125,2011-12
70127,2011-12
70130,2011-12
70131,2011-12
70132,2011-12
70133,2011-12
70134,2011-12
70137,2011-12
70138,2011-12
70142,2011-12
70143,2011-12
70144,2011-12
70145,2011-12
70146,2011-12
70147,2011-12
70148,2011-12
70149,2011-12
70150,2011-12
70151,2011-12
70152,2011-12
70155,2011-12
70156,2011-12
70158,2011-12
70159,2011-12
70160,2011-12
70161,2011-12
70164,2011-12
70165,2011-12
70167,2011-12
70169,2011-12
70170,2011-12
70171,2011-12
70175,2011-12
70176,2011-12
70177,2011-12
70181,2011-12
70183,2011-12
70184,2011-12
70186,2011-12
70187,2011-12
70190,2011-12
70191,2011-12
70192,2011-12
70193,2011-12
70194,2011-12
70195,2011-12
70198,2011-12
70199,2011-12
70200,2011-12
70202,2011-12
70204,2011-12
70205,2011-12
70206,2011-12
70207,2011-12
70209,2011-12
70210,2011-12
70212,2011-12
70213,2011-12
70214,2011-12
70220,2011-12
70221,2011-12
70223,2011-12
70224,2011-12
70225,2011-12
70226,2011-12
70228,2011-12
70229,2011-12
70230,2011-12
70231,2011-12
70232,2011-12
70233,2011-12
70234,2011-12
70235,2011-12
70236,2011-12
70237,2011-12
70238,2011-12
70239,2011-12
70241,2011-12
70244,2011-12
70246,2011-12
70247,2011-12
70248,2011-12
70249,2011-12
70252,2011-12
70254,2011-12
70255,2011-12
70256,2011-12
70258,2011-12
70261,2011-12
70262,2011-12
70263,2011-12
70265,2011-12
70266,2011-12
70267,2011-12
70268,2011-12
70273,2011-12
70274,2011-12
70275,2011-12
70276,2011-12
70280,2011-12
70281,2011-12
70282,2011-12
70283,2011-12
70285,2011-12
70288,2011-12
70289,2011-12
70290,2011-12
70291,2011-12
70292,2011-12
70293,2011-12
70294,2011-12
70295,2011-12
70298,2011-12
70300,2011-12
70301,2011-12
70304,2011-12
70306,2011-12
70307,2011-12
70311,2011-12
70313,2011-12
70317,2011-12
70319,2011-12
70321,2011-12
70322,2011-12
70324,2011-12
70325,2011-12
70326,2011-12
70327,2011-12
70328,2011-12
70329,2011-12
70330,2011-12
70331,2011-12
70332,2011-12
70333,2011-12
70334,2011-12
70336,2011-12
70337,2011-12
70338,2011-12
70339,2011-12
70341,2011-12
70342,2011-12
70346,2011-12
70347,2011-12
70348,2011-12
70350,2011-12
70351,2011-12
70352,2011-12
70353,2011-12
70354,2011-12
70357,2011-12
70358,2011-12
70359,2011-12
70360,2011-12
70361,2011-12
70362,2011-12
70363,2011-12
70365,2011-12
70367,2011-12
70370,2011-12
70372,2011-12
70375,2011-12
70376,2011-12
70378,2011-12
70380,2011-12
70381,2011-12
70385,2011-12
70386,2011-12
70387,2011-12
70388,2011-12
70391,2011-12
70393,2011-12
70394,2011-12
70396,2011-12
70397,2011-12
70398,2011-12
70399,2011-12
70400,2011-12
70401,2011-12
70402,2011-12
70404,2011-12
70405,2011-12
70408,2011-12
70409,2011-12
70410,2011-12
70411,2011-12
70412,2011-12
70415,2011-12
70416,2011-12
70420,2011-12
70422,2011-12
70423,2011-12
70424,2011-12
70425,2011-12
70426,2011-12
70429,2011-12
70430,2011-12
70436,2011-12
70437,2011-12
70439,2011-12
70440,2011-12
70443,2011-12
70444,2011-12
70445,2011-12
70447,2011-12
70449,2011-12
70451,2011-12
70452,2011-12
70458,2011-12
70462,2011-12
70463,2011-12
70466,2011-12
70467,2011-12
70471,2011-12
70473,2011-12
70474,2011-12
70476,2011-12
70477,2011-12
70479,2011-12
70480,2011-12
70482,2011-12
70483,2011-12
70484,2011-12
70485,2011-12
70486,2011-12
70488,2011-12
70489,2011-12
70493,2011-12
70495,2011-12
70498,2011-12
70499,2011-12
70500,2011-12
70501,2011-12
70503,2011-12
70504,2011-12
70505,2011-12
70506,2011-12
70507,2011-12
70509,2011-12
70511,2011-12
70512,2011-12
70514,2011-12
70516,2011-12
70517,2011-12
70520,2011-12
70523,2011-12
70525,2011-12
70526,2011-12
70527,2011-12
70529,2011-12
70531,2011-12
70533,2011-12
70535,2011-12
70536,2011-12
70538,2011-12
70540,2011-12
70541,2011-12
70542,2011-12
70543,2011-12
70544,2011-12
70545,2011-12
70550,2011-12
70551,2011-12
70554,2011-12
70555,2011-12
70558,2011-12
70562,2011-12
70564,2011-12
70565,2011-12
70566,2011-12
70568,2011-12
70574,2011-12
70575,2011-12
70578,2011-12
70580,2011-12
70581,2011-12
70582,2011-12
70583,2011-12
70589,2011-12
70590,2011-12
70596,2011-12
70597,2011-12
70598,2011-12
70599,2011-12
70600,2011-12
70602,2011-12
70603,2011-12
70604,2011-12
70605,2011-12
70606,2011-12
70607,2011-12
70611,2011-12
70613,2011-12
70615,2011-12
70617,2011-12
70618,2011-12
70620,2011-12
70621,2011-12
70622,2011-12
70623,2011-12
70624,2011-12
70626,2011-12
70627,2011-12
70628,2011-12
70629,2011-12
70630,2011-12
70633,2011-12
70634,2011-12
70635,2011-12
70638,2011-12
70640,2011-12
70642,2011-12
70643,2011-12
70645,2011-12
70646,2011-12
70647,2011-12
70648,2011-12
70649,2011-12
70652,2011-12
70654,2011-12
70655,2011-12
70658,2011-12
70661,2011-12
70662,2011-12
70664,2011-12
70665,2011-12
70668,2011-12
70670,2011-12
70674,2011-12
70675,2011-12
70678,2011-12
70681,2011-12
70682,2011-12
70684,2011-12
70686,2011-12
70687,2011-12
70689,2011-12
70695,2011-12
70696,2011-12
70703,2011-12
70704,2011-12
70706,2011-12
70707,2011-12
70708,2011-12
70709,2011-12
70710,2011-12
70711,2011-12
70713,2011-12
70715,2011-12
70716,2011-12
70717,2011-12
70718,2011-12
70720,2011-12
70721,2011-12
70723,2011-12
70725,2011-12
70727,2011-12
70728,2011-12
70729,2011-12
70730,2011-12
70731,2011-12
70733,2011-12
70735,2011-12
70736,2011-12
70737,2011-12
70738,2011-12
70739,2011-12
70740,2011-12
70742,2011-12
70743,2011-12
70745,2011-12
70747,2011-12
70748,2011-12
70750,2011-12
70751,2011-12
70753,2011-12
70754,2011-12
70755,2011-12
70757,2011-12
70759,2011-12
70760,2011-12
70761,2011-12
70762,2011-12
70763,2011-12
70765,2011-12
70766,2011-12
70767,2011-12
70768,2011-12
70769,2011-12
70770,2011-12
70771,2011-12
70772,2011-12
70773,2011-12
70774,2011-12
70775,2011-12
70780,2011-12
70781,2011-12
70782,2011-12
70783,2011-12
70784,2011-12
70785,2011-12
70786,2011-12
70787,2011-12
70788,2011-12
70790,2011-12
70791,2011-12
70792,2011-12
70793,2011-12
70795,2011-12
70796,2011-12
70797,2011-12
70798,2011-12
70801,2011-12
70804,2011-12
70805,2011-12
70807,2011-12
70811,2011-12
70813,2011-12
70814,2011-12
70816,2011-12
70817,2011-12
70820,2011-12
70821,2011-12
70823,2011-12
70824,2011-12
70825,2011-12
70826,2011-12
70827,2011-12
70828,2011-12
70829,2011-12
70831,2011-12
70832,2011-12
70833,2011-12
70834,2011-12
70835,2011-12
70837,2011-12
70838,2011-12
70840,2011-12
70842,2011-12
70844,2011-12
70845,2011-12
70847,2011-12
70848,2011-12
70849,2011-12
70850,2011-12
70851,2011-12
70852,2011-12
70853,2011-12
70855,2011-12
70858,2011-12
70860,2011-12
70861,2011-12
70865,2011-12
70867,2011-12
70868,2011-12
70870,2011-12
70873,2011-12
70874,2011-12
70875,2011-12
70877,2011-12
70878,2011-12
70879,2011-12
70881,2011-12
70883,2011-12
70884,2011-12
70885,2011-12
70886,2011-12
70887,2011-12
70889,2011-12
70890,2011-12
70892,2011-12
70893,2011-12
70895,2011-12
70896,2011-12
70897,2011-12
70898,2011-12
70899,2011-12
70903,2011-12
70904,2011-12
70906,2011-12
70910,2011-12
70911,2011-12
70913,2011-12
70914,2011-12
70916,2011-12
70918,2011-12
70920,2011-12
70921,2011-12
70925,2011-12
70928,2011-12
70929,2011-12
70930,2011-12
70931,2011-12
70932,2011-12
70935,2011-12
70936,2011-12
70937,2011-12
70938,2011-12
70939,2011-12
70940,2011-12
70942,2011-12
70943,2011-12
70949,2011-12
70950,2011-12
70951,2011-12
70955,2011-12
70956,2011-12
70957,2011-12
70959,2011-12
70960,2011-12
70961,2011-12
70962,2011-12
70963,2011-12
70964,2011-12
70966,2011-12
70967,2011-12
70969,2011-12
70970,2011-12
70971,2011-12
70972,2011-12
70973,2011-12
70974,2011-12
70975,2011-12
70976,2011-12
70978,2011-12
70979,2011-12
70980,2011-12
70982,2011-12
70984,2011-12
70987,2011-12
70989,2011-12
70990,2011-12
70994,2011-12
70995,2011-12
70996,2011-12
70997,2011-12
70998,2011-12
70999,2011-12
71001,2011-12
71002,2011-12
71003,2011-12
71004,2011-12
71005,2011-12
71012,2011-12
71014,2011-12
71017,2011-12
71019,2011-12
71020,2011-12
71021,2011-12
71022,2011-12
71023,2011-12
71024,2011-12
71026,2011-12
71029,2011-12
71030,2011-12
71032,2011-12
71034,2011-12
71035,2011-12
71036,2011-12
71038,2011-12
71039,2011-12
71040,2011-12
71041,2011-12
71042,2011-12
71045,2011-12
71046,2011-12
71047,2011-12
71048,2011-12
71049,2011-12
71052,2011-12
71053,2011-12
71054,2011-12
71058,2011-12
71059,2011-12
71060,2011-12
71061,2011-12
71064,2011-12
71065,2011-12
71066,2011-12
71068,2011-12
71069,2011-12
71070,2011-12
71072,2011-12
71073,2011-12
71076,2011-12
71077,2011-12
71078,2011-12
71079,2011-12
71082,2011-12
71083,2011-12
71084,2011-12
71088,2011-12
71089,2011-12
71091,2011-12
71092,2011-12
71093,2011-12
71094,2011-12
71095,2011-12
71096,2011-12
71097,2011-12
71098,2011-12
71099,2011-12
71100,2011-12
71101,2011-12
71103,2011-12
71108,2011-12
71111,2011-12
71112,2011-12
71113,2011-12
71114,2011-12
71115,2011-12
71116,2011-12
71118,2011-12
71119,2011-12
71120,2011-12
71122,2011-12
71123,2011-12
71125,2011-12
71128,2011-12
71129,2011-12
71130,2011-12
71131,2011-12
71133,2011-12
71135,2011-12
71136,2011-12
71137,2011-12
71139,2011-12
71140,2011-12
71143,2011-12
71144,2011-12
71145,2011-12
71149,2011-12
71150,2011-12
71151,2011-12
71152,2011-12
71153,2011-12
71154,2011-12
71155,2011-12
71156,2011-12
71158,2011-12
71159,2011-12
71162,2011-12
71163,2011-12
71164,2011-12
71166,2011-12
71167,2011-12
71169,2011-12
71171,2011-12
71174,2011-12
71175,2011-12
71176,2011-12
71180,2011-12
71184,2011-12
71185,2011-12
71189,2011-12
71193,2011-12
71194,2011-12
71195,2011-12
71196,2011-12
71197,2011-12
71198,2011-12
71199,2011-12
71200,2011-12
71202,2011-12
71203,2011-12
71204,2011-12
71206,2011-12
71208,2011-12
71211,2011-12
71212,2011-12
71213,2011-12
71214,2011-12
71215,2011-12
71216,2011-12
71217,2011-12
71218,2011-12
71219,2011-12
71222,2011-12
71223,2011-12
71224,2011-12
71227,2011-12
71229,2011-12
71231,2011-12
71232,2011-12
71235,2011-12
71237,2011-12
71238,2011-12
71240,2011-12
71243,2011-12
71244,2011-12
71246,2011-12
71247,2011-12
71249,2011-12
71250,2011-12
71252,2011-12
71254,2011-12
71256,2011-12
71257,2011-12
71258,2011-12
71259,2011-12
71262,2011-12
71263,2011-12
71265,2011-12
71266,2011-12
71272,2011-12
71273,2011-12
71275,2011-12
71278,2011-12
71279,2011-12
71280,2011-12
71282,2011-12
71284,2011-12
71285,2011-12
71286,2011-12
71288,2011-12
71290,2011-12
71291,2011-12
71292,2011-12
71294,2011-12
71296,2011-12
71297,2011-12
71298,2011-12
71301,2011-12
71302,2011-12
71305,2011-12
71306,2011-12
71308,2011-12
71309,2011-12
71310,2011-12
71311,2011-12
71312,2011-12
71313,2011-12
71314,2011-12
71315,2011-12
71316,2011-12
71321,2011-12
71322,2011-12
71323,2011-12
71326,2011-12
71328,2011-12
71329,2011-12
71332,2011-12
71334,2011-12
71336,2011-12
71337,2011-12
71338,2011-12
71339,2011-12
71340,2011-12
71341,2011-12
71342,2011-12
71346,2011-12
71347,2011-12
71348,2011-12
71350,2011-12
71351,2011-12
71352,2011-12
71353,2011-12
71354,2011-12
71355,2011-12
71356,2011-12
71357,2011-12
71359,2011-12
71360,2011-12
71361,2011-12
71362,2011-12
71363,2011-12
71364,2011-12
71365,2011-12
71366,2011-12
71368,2011-12
71371,2011-12
71375,2011-12
71379,2011-12
71381,2011-12
71384,2011-12
71390,2011-12
71391,2011-12
71393,2011-12
71397,2011-12
71398,2011-12
71399,2011-12
71401,2011-12
71403,2011-12
71404,2011-12
71405,2011-12
71406,2011-12
71407,2011-12
71408,2011-12
71409,2011-12
71410,2011-12
71412,2011-12
71413,2011-12
71415,2011-12
71416,2011-12
71417,2011-12
71418,2011-12
71419,2011-12
71422,2011-12
71423,2011-12
71424,2011-12
71425,2011-12
71427,2011-12
71428,2011-12
71429,2011-12
71430,2011-12
71432,2011-12
71433,2011-12
71434,2011-12
71438,2011-12
71440,2011-12
71441,2011-12
71443,2011-12
71448,2011-12
71450,2011-12
71452,2011-12
71455,2011-12
71456,2011-12
71457,2011-12
71459,2011-12
71461,2011-12
71462,2011-12
71465,2011-12
71467,2011-12
71468,2011-12
71471,2011-12
71473,2011-12
71475,2011-12
71476,2011-12
71478,2011-12
71481,2011-12
71482,2011-12
71483,2011-12
71488,2011-12
71490,2011-12
71491,2011-12
71492,2011-12
71493,2011-12
71495,2011-12
71496,2011-12
71497,2011-12
71499,2011-12
71500,2011-12
71502,2011-12
71503,2011-12
71504,2011-12
71505,2011-12
71511,2011-12
71513,2011-12
71515,2011-12
71517,2011-12
71518,2011-12
71521,2011-12
71522,2011-12
71526,2011-12
71527,2011-12
71529,2011-12
71532,2011-12
71533,2011-12
71534,2011-12
71535,2011-12
71536,2011-12
71537,2011-12
71541,2011-12
71542,2011-12
71543,2011-12
71544,2011-12
71545,2011-12
71546,2011-12
71548,2011-12
71549,2011-12
71552,2011-12
71554,2011-12
71555,2011-12
71557,2011-12
71558,2011-12
71559,2011-12
71560,2011-12
71561,2011-12
71564,2011-12
71566,2011-12
71567,2011-12
71568,2011-12
71571,2011-12
71572,2011-12
71573,2011-12
71575,2011-12
71577,2011-12
71578,2011-12
71581,2011-12
71582,2011-12
71583,2011-12
71584,2011-12
71585,2011-12
71586,2011-12
71587,2011-12
71588,2011-12
71591,2011-12
71592,2011-12
71595,2011-12
71596,2011-12
71597,2011-12
71598,2011-12
71602,2011-12
71603,2011-12
71604,2011-12
71605,2011-12
71606,2011-12
71607,2011-12
71608,2011-12
71610,2011-12
71611,2011-12
71613,2011-12
71615,2011-12
71620,2011-12
71621,2011-12
71622,2011-12
71624,2011-12
71625,2011-12
71626,2011-12
71627,2011-12
71629,2011-12
71631,2011-12
71634,2011-12
71635,2011-12
71636,2011-12
71637,2011-12
71638,2011-12
71639,2011-12
71641,2011-12
71645,2011-12
71647,2011-12
71648,2011-12
71649,2011-12
71650,2011-12
71651,2011-12
71653,2011-12
71654,2011-12
71655,2011-12
71656,2011-12
71657,2011-12
71658,2011-12
71659,2011-12
71660,2011-12
71662,2011-12
71663,2011-12
71665,2011-12
71667,2011-12
71668,2011-12
71670,2011-12
71671,2011-12
71672,2011-12
71673,2011-12
71674,2011-12
71675,2011-12
71676,2011-12
71678,2011-12
71681,2011-12
71682,2011-12
71685,2011-12
71686,2011-12
71688,2011-12
71689,2011-12
71691,2011-12
71697,2011-12
71698,2011-12
71699,2011-12
71702,2011-12
71704,2011-12
71706,2011-12
71707,2011-12
71708,2011-12
71709,2011-12
71710,2011-12
71712,2011-12
71713,2011-12
71714,2011-12
71715,2011-12
71716,2011-12
71717,2011-12
71718,2011-12
71719,2011-12
71721,2011-12
71722,2011-12
71724,2011-12
71725,2011-12
71728,2011-12
71732,2011-12
71733,2011-12
71735,2011-12
71736,2011-12
71737,2011-12
71739,2011-12
71740,2011-12
71741,2011-12
71745,2011-12
71747,2011-12
71748,2011-12
71750,2011-12
71752,2011-12
71753,2011-12
71755,2011-12
71756,2011-12
71757,2011-12
71758,2011-12
71759,2011-12
71760,2011-12
71762,2011-12
71763,2011-12
71765,2011-12
71767,2011-12
71768,2011-12
71770,2011-12
71772,2011-12
71773,2011-12
71775,2011-12
71777,2011-12
71778,2011-12
71781,2011-12
71784,2011-12
71786,2011-12
71787,2011-12
71789,2011-12
71790,2011-12
71791,2011-12
71792,2011-12
71793,2011-12
71795,2011-12
71796,2011-12
71797,2011-12
71798,2011-12
71803,2011-12
71807,2011-12
71808,2011-12
71811,2011-12
71813,2011-12
71817,2011-12
71818,2011-12
71819,2011-12
71820,2011-12
71821,2011-12
71822,2011-12
71825,2011-12
71827,2011-12
71828,2011-12
71829,2011-12
71830,2011-12
71831,2011-12
71832,2011-12
71833,2011-12
71836,2011-12
71837,2011-12
71838,2011-12
71839,2011-12
71840,2011-12
71841,2011-12
71842,2011-12
71844,2011-12
71845,2011-12
71846,2011-12
71847,2011-12
71848,2011-12
71849,2011-12
71850,2011-12
71851,2011-12
71855,2011-12
71856,2011-12
71857,2011-12
71858,2011-12
71860,2011-12
71861,2011-12
71862,2011-12
71863,2011-12
71864,2011-12
71866,2011-12
71868,2011-12
71869,2011-12
71870,2011-12
71871,2011-12
71872,2011-12
71873,2011-12
71875,2011-12
71876,2011-12
71877,2011-12
71878,2011-12
71879,2011-12
71880,2011-12
71881,2011-12
71882,2011-12
71883,2011-12
71884,2011-12
71885,2011-12
71886,2011-12
71887,2011-12
71888,2011-12
71894,2011-12
71895,2011-12
71898,2011-12
71901,2011-12
71902,2011-12
71903,2011-12
71904,2011-12
71908,2011-12
71909,2011-12
71911,2011-12
71913,2011-12
71914,2011-12
71915,2011-12
71916,2011-12
73557,2013-14
73558,2013-14
73559,2013-14
73560,2013-14
73561,2013-14
73562,2013-14
73564,2013-14
73566,2013-14
73567,2013-14
73568,2013-14
73570,2013-14
73571,2013-14
73572,2013-14
73573,2013-14
73574,2013-14
73576,2013-14
73580,2013-14
73581,2013-14
73583,2013-14
73585,2013-14
73587,2013-14
73588,2013-14
73589,2013-14
73591,2013-14
73592,2013-14
73594,2013-14
73595,2013-14
73596,2013-14
73597,2013-14
73599,2013-14
73600,2013-14
73601,2013-14
73603,2013-14
73604,2013-14
73605,2013-14
73606,2013-14
73607,2013-14
73608,2013-14
73609,2013-14
73610,2013-14
73612,2013-14
73613,2013-14
73614,2013-14
73615,2013-14
73616,2013-14
73617,2013-14
73618,2013-14
73620,2013-14
73622,2013-14
73623,2013-14
73624,2013-14
73626,2013-14
73628,2013-14
73629,2013-14
73630,2013-14
73631,2013-14
73632,2013-14
73633,2013-14
73635,2013-14
73638,2013-14
73639,2013-14
73640,2013-14
73642,2013-14
73643,2013-14
73645,2013-14
73646,2013-14
73647,2013-14
73650,2013-14
73651,2013-14
73652,2013-14
73653,2013-14
73655,2013-14
73656,2013-14
73658,2013-14
73659,2013-14
73660,2013-14
73661,2013-14
73662,2013-14
73663,2013-14
73664,2013-14
73665,2013-14
73666,2013-14
73667,2013-14
73668,2013-14
73669,2013-14
73670,2013-14
73672,2013-14
73673,2013-14
73674,2013-14
73675,2013-14
73676,2013-14
73678,2013-14
73680,2013-14
73681,2013-14
73686,2013-14
73687,2013-14
73688,2013-14
73690,2013-14
73691,2013-14
73692,2013-14
73693,2013-14
73694,2013-14
73696,2013-14
73697,2013-14
73698,2013-14
73701,2013-14
73702,2013-14
73704,2013-14
73705,2013-14
73706,2013-14
73707,2013-14
73711,2013-14
73712,2013-14
73713,2013-14
73715,2013-14
73718,2013-14
73722,2013-14
73723,2013-14
73724,2013-14
73726,2013-14
73728,2013-14
73729,2013-14
73730,2013-14
73731,2013-14
73732,2013-14
73734,2013-14
73735,2013-14
73736,2013-14
73741,2013-14
73742,2013-14
73745,2013-14
73746,2013-14
73747,2013-14
73749,2013-14
73750,2013-14
73752,2013-14
73753,2013-14
73754,2013-14
73755,2013-14
73756,2013-14
73757,2013-14
73758,2013-14
73759,2013-14
73760,2013-14
73761,2013-14
73762,2013-14
73763,2013-14
73764,2013-14
73765,2013-14
73766,2013-14
73767,2013-14
73768,2013-14
73770,2013-14
73773,2013-14
73775,2013-14
73776,2013-14
73778,2013-14
73779,2013-14
73780,2013-14
73781,2013-14
73782,2013-14
73783,2013-14
73786,2013-14
73787,2013-14
73792,2013-14
73793,2013-14
73795,2013-14
73796,2013-14
73798,2013-14
73799,2013-14
73800,2013-14
73801,2013-14
73802,2013-14
73803,2013-14
73804,2013-14
73805,2013-14
73806,2013-14
73807,2013-14
73808,2013-14
73809,2013-14
73811,2013-14
73812,2013-14
73815,2013-14
73816,2013-14
73818,2013-14
73819,2013-14
73820,2013-14
73822,2013-14
73823,2013-14
73824,2013-14
73825,2013-14
73826,2013-14
73827,2013-14
73829,2013-14
73831,2013-14
73833,2013-14
73834,2013-14
73835,2013-14
73836,2013-14
73837,2013-14
73840,2013-14
73841,2013-14
73843,2013-14
73844,2013-14
73846,2013-14
73847,2013-14
73848,2013-14
73849,2013-14
73850,2013-14
73851,2013-14
73853,2013-14
73855,2013-14
73858,2013-14
73860,2013-14
73862,2013-14
73863,2013-14
73864,2013-14
73865,2013-14
73868,2013-14
73870,2013-14
73872,2013-14
73873,2013-14
73875,2013-14
73878,2013-14
73879,2013-14
73880,2013-14
73881,2013-14
73882,2013-14
73883,2013-14
73884,2013-14
73885,2013-14
73886,2013-14
73887,2013-14
73888,2013-14
73889,2013-14
73890,2013-14
73891,2013-14
73892,2013-14
73893,2013-14
73895,2013-14
73897,2013-14
73899,2013-14
73900,2013-14
73903,2013-14
73904,2013-14
73905,2013-14
73906,2013-14
73908,2013-14
73911,2013-14
73913,2013-14
73915,2013-14
73916,2013-14
73917,2013-14
73918,2013-14
73919,2013-14
73920,2013-14
73921,2013-14
73922,2013-14
73923,2013-14
73925,2013-14
73927,2013-14
73928,2013-14
73931,2013-14
73932,2013-14
73933,2013-14
73934,2013-14
73935,2013-14
73936,2013-14
73937,2013-14
73938,2013-14
73939,2013-14
73940,2013-14
73942,2013-14
73943,2013-14
73945,2013-14
73948,2013-14
73949,2013-14
73950,2013-14
73951,2013-14
73952,2013-14
73953,2013-14
73954,2013-14
73955,2013-14
73956,2013-14
73958,2013-14
73960,2013-14
73961,2013-14
73962,2013-14
73963,2013-14
73964,2013-14
73967,2013-14
73968,2013-14
73973,2013-14
73974,2013-14
73975,2013-14
73977,2013-14
73978,2013-14
73979,2013-14
73981,2013-14
73982,2013-14
73983,2013-14
73985,2013-14
73987,2013-14
73988,2013-14
73990,2013-14
73991,2013-14
73992,2013-14
73993,2013-14
73994,2013-14
73996,2013-14
73997,2013-14
73998,2013-14
73999,2013-14
74000,2013-14
74001,2013-14
74002,2013-14
74003,2013-14
74004,2013-14
74005,2013-14
74006,2013-14
74007,2013-14
74008,2013-14
74010,2013-14
74011,2013-14
74012,2013-14
74013,2013-14
74014,2013-14
74016,2013-14
74017,2013-14
74018,2013-14
74021,2013-14
74025,2013-14
74026,2013-14
74027,2013-14
74032,2013-14
74033,2013-14
74035,2013-14
74037,2013-14
74038,2013-14
74039,2013-14
74042,2013-14
74043,2013-14
74044,2013-14
74045,2013-14
74047,2013-14
74048,2013-14
74049,2013-14
74050,2013-14
74051,2013-14
74053,2013-14
74054,2013-14
74055,2013-14
74056,2013-14
74057,2013-14
74058,2013-14
74059,2013-14
74060,2013-14
74061,2013-14
74062,2013-14
74070,2013-14
74071,2013-14
74072,2013-14
74074,2013-14
74075,2013-14
74077,2013-14
74078,2013-14
74080,2013-14
74081,2013-14
74083,2013-14
74085,2013-14
74086,2013-14
74087,2013-14
74088,2013-14
74091,2013-14
74092,2013-14
74094,2013-14
74096,2013-14
74097,2013-14
74099,2013-14
74100,2013-14
74101,2013-14
74102,2013-14
74106,2013-14
74107,2013-14
74109,2013-14
74110,2013-14
74111,2013-14
74114,2013-14
74115,2013-14
74117,2013-14
74119,2013-14
74120,2013-14
74123,2013-14
74124,2013-14
74125,2013-14
74126,2013-14
74127,2013-14
74128,2013-14
74130,2013-14
74131,2013-14
74132,2013-14
74133,2013-14
74134,2013-14
74135,2013-14
74136,2013-14
74137,2013-14
74139,2013-14
74140,2013-14
74142,2013-14
74144,2013-14
74147,2013-14
74148,2013-14
74149,2013-14
74150,2013-14
74154,2013-14
74156,2013-14
74157,2013-14
74159,2013-14
74160,2013-14
74161,2013-14
74163,2013-14
74164,2013-14
74165,2013-14
74168,2013-14
74169,2013-14
74170,2013-14
74172,2013-14
74173,2013-14
74174,2013-14
74176,2013-14
74177,2013-14
74178,2013-14
74179,2013-14
74180,2013-14
74181,2013-14
74182,2013-14
74183,2013-14
74184,2013-14
74185,2013-14
74186,2013-14
74188,2013-14
74190,2013-14
74191,2013-14
74195,2013-14
74196,2013-14
74198,2013-14
74199,2013-14
74200,2013-14
74203,2013-14
74204,2013-14
74205,2013-14
74206,2013-14
74207,2013-14
74211,2013-14
74212,2013-14
74213,2013-14
74215,2013-14
74218,2013-14
74220,2013-14
74222,2013-14
74224,2013-14
74229,2013-14
74230,2013-14
74231,2013-14
74232,2013-14
74233,2013-14
74235,2013-14
74238,2013-14
74239,2013-14
74240,2013-14
74241,2013-14
74242,2013-14
74244,2013-14
74245,2013-14
74247,2013-14
74248,2013-14
74249,2013-14
74252,2013-14
74253,2013-14
74254,2013-14
74255,2013-14
74256,2013-14
74259,2013-14
74262,2013-14
74263,2013-14
74265,2013-14
74267,2013-14
74268,2013-14
74269,2013-14
74270,2013-14
74271,2013-14
74273,2013-14
74274,2013-14
74275,2013-14
74276,2013-14
74277,2013-14
74278,2013-14
74279,2013-14
74280,2013-14
74284,2013-14
74285,2013-14
74286,2013-14
74287,2013-14
74288,2013-14
74290,2013-14
74291,2013-14
74292,2013-14
74293,2013-14
74294,2013-14
74295,2013-14
74296,2013-14
74297,2013-14
74298,2013-14
74300,2013-14
74301,2013-14
74302,2013-14
74303,2013-14
74305,2013-14
74306,2013-14
74307,2013-14
74308,2013-14
74310,2013-14
74311,2013-14
74312,2013-14
74313,2013-14
74314,2013-14
74315,2013-14
74318,2013-14
74319,2013-14
74323,2013-14
74325,2013-14
74326,2013-14
74327,2013-14
74328,2013-14
74329,2013-14
74330,2013-14
74331,2013-14
74332,2013-14
74334,2013-14
74335,2013-14
74336,2013-14
74337,2013-14
74339,2013-14
74342,2013-14
74344,2013-14
74345,2013-14
74346,2013-14
74347,2013-14
74348,2013-14
74349,2013-14
74351,2013-14
74356,2013-14
74358,2013-14
74359,2013-14
74360,2013-14
74364,2013-14
74365,2013-14
74366,2013-14
74367,2013-14
74370,2013-14
74372,2013-14
74373,2013-14
74374,2013-14
74375,2013-14
74377,2013-14
74378,2013-14
74380,2013-14
74381,2013-14
74382,2013-14
74383,2013-14
74384,2013-14
74385,2013-14
74386,2013-14
74388,2013-14
74390,2013-14
74392,2013-14
74393,2013-14
74394,2013-14
74395,2013-14
74397,2013-14
74398,2013-14
74400,2013-14
74401,2013-14
74402,2013-14
74405,2013-14
74407,2013-14
74408,2013-14
74410,2013-14
74412,2013-14
74416,2013-14
74418,2013-14
74419,2013-14
74420,2013-14
74424,2013-14
74425,2013-14
74427,2013-14
74430,2013-14
74431,2013-14
74432,2013-14
74433,2013-14
74434,2013-14
74435,2013-14
74436,2013-14
74440,2013-14
74442,2013-14
74443,2013-14
74444,2013-14
74446,2013-14
74448,2013-14
74449,2013-14
74450,2013-14
74451,2013-14
74452,2013-14
74455,2013-14
74458,2013-14
74459,2013-14
74460,2013-14
74463,2013-14
74464,2013-14
74465,2013-14
74466,2013-14
74468,2013-14
74470,2013-14
74471,2013-14
74474,2013-14
74476,2013-14
74478,2013-14
74479,2013-14
74480,2013-14
74481,2013-14
74483,2013-14
74484,2013-14
74485,2013-14
74487,2013-14
74489,2013-14
74491,2013-14
74492,2013-14
74493,2013-14
74495,2013-14
74496,2013-14
74498,2013-14
74499,2013-14
74500,2013-14
74501,2013-14
74505,2013-14
74506,2013-14
74507,2013-14
74509,2013-14
74510,2013-14
74511,2013-14
74512,2013-14
74513,2013-14
74516,2013-14
74521,2013-14
74523,2013-14
74525,2013-14
74529,2013-14
74532,2013-14
74534,2013-14
74537,2013-14
74539,2013-14
74540,2013-14
74542,2013-14
74544,2013-14
74545,2013-14
74546,2013-14
74547,2013-14
74548,2013-14
74549,2013-14
74550,2013-14
74552,2013-14
74553,2013-14
74554,2013-14
74556,2013-14
74557,2013-14
74560,2013-14
74562,2013-14
74563,2013-14
74566,2013-14
74567,2013-14
74568,2013-14
74570,2013-14
74571,2013-14
74573,2013-14
74574,2013-14
74575,2013-14
74576,2013-14
74578,2013-14
74579,2013-14
74580,2013-14
74582,2013-14
74583,2013-14
74584,2013-14
74587,2013-14
74588,2013-14
74589,2013-14
74594,2013-14
74595,2013-14
74596,2013-14
74598,2013-14
74600,2013-14
74601,2013-14
74602,2013-14
74603,2013-14
74606,2013-14
74607,2013-14
74608,2013-14
74609,2013-14
74611,2013-14
74612,2013-14
74613,2013-14
74615,2013-14
74616,2013-14
74620,2013-14
74623,2013-14
74624,2013-14
74626,2013-14
74627,2013-14
74628,2013-14
74630,2013-14
74631,2013-14
74632,2013-14
74633,2013-14
74636,2013-14
74637,2013-14
74638,2013-14
74639,2013-14
74642,2013-14
74644,2013-14
74645,2013-14
74646,2013-14
74650,2013-14
74651,2013-14
74652,2013-14
74653,2013-14
74655,2013-14
74656,2013-14
74657,2013-14
74658,2013-14
74659,2013-14
74660,2013-14
74662,2013-14
74663,2013-14
74665,2013-14
74669,2013-14
74672,2013-14
74673,2013-14
74674,2013-14
74675,2013-14
74676,2013-14
74677,2013-14
74678,2013-14
74679,2013-14
74681,2013-14
74683,2013-14
74685,2013-14
74686,2013-14
74689,2013-14
74690,2013-14
74691,2013-14
74693,2013-14
74694,2013-14
74695,2013-14
74696,2013-14
74697,2013-14
74698,2013-14
74699,2013-14
74700,2013-14
74701,2013-14
74702,2013-14
74703,2013-14
74704,2013-14
74705,2013-14
74710,2013-14
74711,2013-14
74714,2013-14
74715,2013-14
74718,2013-14
74719,2013-14
74720,2013-14
74721,2013-14
74722,2013-14
74723,2013-14
74724,2013-14
74725,2013-14
74726,2013-14
74727,2013-14
74728,2013-14
74730,2013-14
74732,2013-14
74733,2013-14
74734,2013-14
74735,2013-14
74736,2013-14
74738,2013-14
74739,2013-14
74740,2013-14
74741,2013-14
74742,2013-14
74743,2013-14
74744,2013-14
74746,2013-14
74747,2013-14
74748,2013-14
74749,2013-14
74751,2013-14
74752,2013-14
74753,2013-14
74754,2013-14
74755,2013-14
74759,2013-14
74760,2013-14
74762,2013-14
74765,2013-14
74767,2013-14
74771,2013-14
74772,2013-14
74774,2013-14
74776,2013-14
74779,2013-14
74781,2013-14
74782,2013-14
74785,2013-14
74786,2013-14
74787,2013-14
74788,2013-14
74789,2013-14
74791,2013-14
74793,2013-14
74795,2013-14
74796,2013-14
74797,2013-14
74798,2013-14
74800,2013-14
74801,2013-14
74804,2013-14
74805,2013-14
74812,2013-14
74813,2013-14
74814,2013-14
74815,2013-14
74816,2013-14
74817,2013-14
74818,2013-14
74821,2013-14
74822,2013-14
74823,2013-14
74824,2013-14
74825,2013-14
74828,2013-14
74829,2013-14
74831,2013-14
74832,2013-14
74833,2013-14
74835,2013-14
74836,2013-14
74837,2013-14
74839,2013-14
74840,2013-14
74844,2013-14
74845,2013-14
74848,2013-14
74852,2013-14
74855,2013-14
74856,2013-14
74857,2013-14
74859,2013-14
74860,2013-14
74861,2013-14
74862,2013-14
74864,2013-14
74866,2013-14
74867,2013-14
74868,2013-14
74871,2013-14
74874,2013-14
74875,2013-14
74877,2013-14
74878,2013-14
74880,2013-14
74881,2013-14
74882,2013-14
74883,2013-14
74886,2013-14
74887,2013-14
74890,2013-14
74893,2013-14
74895,2013-14
74896,2013-14
74897,2013-14
74901,2013-14
74903,2013-14
74904,2013-14
74907,2013-14
74909,2013-14
74910,2013-14
74911,2013-14
74913,2013-14
74914,2013-14
74916,2013-14
74917,2013-14
74919,2013-14
74920,2013-14
74923,2013-14
74926,2013-14
74927,2013-14
74930,2013-14
74932,2013-14
74933,2013-14
74934,2013-14
74936,2013-14
74937,2013-14
74939,2013-14
74940,2013-14
74942,2013-14
74943,2013-14
74945,2013-14
74946,2013-14
74947,2013-14
74948,2013-14
74949,2013-14
74951,2013-14
74953,2013-14
74954,2013-14
74955,2013-14
74957,2013-14
74958,2013-14
74959,2013-14
74960,2013-14
74962,2013-14
74963,2013-14
74965,2013-14
74966,2013-14
74968,2013-14
74969,2013-14
74971,2013-14
74973,2013-14
74974,2013-14
74977,2013-14
74978,2013-14
74979,2013-14
74980,2013-14
74981,2013-14
74982,2013-14
74983,2013-14
74984,2013-14
74985,2013-14
74986,2013-14
74987,2013-14
74988,2013-14
74989,2013-14
74990,2013-14
74991,2013-14
74996,2013-14
74999,2013-14
75000,2013-14
75001,2013-14
75002,2013-14
75004,2013-14
75010,2013-14
75011,2013-14
75012,2013-14
75016,2013-14
75017,2013-14
75019,2013-14
75020,2013-14
75024,2013-14
75025,2013-14
75027,2013-14
75029,2013-14
75033,2013-14
75034,2013-14
75035,2013-14
75036,2013-14
75037,2013-14
75039,2013-14
75040,2013-14
75042,2013-14
75043,2013-14
75044,2013-14
75045,2013-14
75047,2013-14
75049,2013-14
75050,2013-14
75051,2013-14
75053,2013-14
75054,2013-14
75055,2013-14
75056,2013-14
75058,2013-14
75060,2013-14
75061,2013-14
75063,2013-14
75064,2013-14
75066,2013-14
75067,2013-14
75069,2013-14
75070,2013-14
75072,2013-14
75073,2013-14
75074,2013-14
75075,2013-14
75076,2013-14
75078,2013-14
75079,2013-14
75082,2013-14
75085,2013-14
75086,2013-14
75087,2013-14
75088,2013-14
75089,2013-14
75092,2013-14
75093,2013-14
75095,2013-14
75097,2013-14
75098,2013-14
75100,2013-14
75101,2013-14
75102,2013-14
75103,2013-14
75104,2013-14
75105,2013-14
75107,2013-14
75108,2013-14
75111,2013-14
75112,2013-14
75114,2013-14
75117,2013-14
75118,2013-14
75121,2013-14
75122,2013-14
75123,2013-14
75125,2013-14
75126,2013-14
75127,2013-14
75128,2013-14
75129,2013-14
75130,2013-14
75131,2013-14
75132,2013-14
75133,2013-14
75134,2013-14
75135,2013-14
75136,2013-14
75137,2013-14
75138,2013-14
75139,2013-14
75140,2013-14
75141,2013-14
75143,2013-14
75146,2013-14
75147,2013-14
75150,2013-14
75151,2013-14
75153,2013-14
75155,2013-14
75156,2013-14
75157,2013-14
75159,2013-14
75160,2013-14
75161,2013-14
75164,2013-14
75165,2013-14
75167,2013-14
75169,2013-14
75171,2013-14
75173,2013-14
75174,2013-14
75176,2013-14
75177,2013-14
75179,2013-14
75180,2013-14
75182,2013-14
75184,2013-14
75186,2013-14
75187,2013-14
75189,2013-14
75190,2013-14
75191,2013-14
75193,2013-14
75194,2013-14
75196,2013-14
75200,2013-14
75201,2013-14
75204,2013-14
75206,2013-14
75207,2013-14
75208,2013-14
75210,2013-14
75212,2013-14
75213,2013-14
75215,2013-14
75216,2013-14
75218,2013-14
75220,2013-14
75221,2013-14
75223,2013-14
75224,2013-14
75225,2013-14
75226,2013-14
75227,2013-14
75231,2013-14
75233,2013-14
75234,2013-14
75236,2013-14
75238,2013-14
75241,2013-14
75244,2013-14
75246,2013-14
75248,2013-14
75249,2013-14
75250,2013-14
75252,2013-14
75253,2013-14
75254,2013-14
75255,2013-14
75256,2013-14
75259,2013-14
75260,2013-14
75261,2013-14
75262,2013-14
75263,2013-14
75264,2013-14
75265,2013-14
75267,2013-14
75268,2013-14
75269,2013-14
75271,2013-14
75272,2013-14
75273,2013-14
75274,2013-14
75275,2013-14
75276,2013-14
75278,2013-14
75280,2013-14
75281,2013-14
75283,2013-14
75284,2013-14
75285,2013-14
75288,2013-14
75289,2013-14
75291,2013-14
75292,2013-14
75293,2013-14
75294,2013-14
75296,2013-14
75299,2013-14
75300,2013-14
75303,2013-14
75304,2013-14
75305,2013-14
75307,2013-14
75309,2013-14
75310,2013-14
75311,2013-14
75312,2013-14
75315,2013-14
75316,2013-14
75318,2013-14
75319,2013-14
75320,2013-14
75321,2013-14
75322,2013-14
75323,2013-14
75324,2013-14
75325,2013-14
75326,2013-14
75327,2013-14
75328,2013-14
75329,2013-14
75330,2013-14
75331,2013-14
75332,2013-14
75333,2013-14
75339,2013-14
75340,2013-14
75341,2013-14
75342,2013-14
75343,2013-14
75344,2013-14
75345,2013-14
75346,2013-14
75347,2013-14
75348,2013-14
75350,2013-14
75351,2013-14
75353,2013-14
75356,2013-14
75359,2013-14
75361,2013-14
75362,2013-14
75363,2013-14
75366,2013-14
75367,2013-14
75370,2013-14
75371,2013-14
75373,2013-14
75374,2013-14
75375,2013-14
75378,2013-14
75379,2013-14
75380,2013-14
75381,2013-14
75382,2013-14
75383,2013-14
75384,2013-14
75385,2013-14
75386,2013-14
75390,2013-14
75391,2013-14
75393,2013-14
75395,2013-14
75397,2013-14
75398,2013-14
75400,2013-14
75403,2013-14
75404,2013-14
75406,2013-14
75407,2013-14
75409,2013-14
75410,2013-14
75411,2013-14
75412,2013-14
75413,2013-14
75414,2013-14
75415,2013-14
75416,2013-14
75418,2013-14
75419,2013-14
75420,2013-14
75421,2013-14
75422,2013-14
75423,2013-14
75425,2013-14
75430,2013-14
75433,2013-14
75434,2013-14
75435,2013-14
75440,2013-14
75444,2013-14
75445,2013-14
75446,2013-14
75448,2013-14
75449,2013-14
75452,2013-14
75454,2013-14
75455,2013-14
75456,2013-14
75457,2013-14
75458,2013-14
75462,2013-14
75463,2013-14
75464,2013-14
75465,2013-14
75468,2013-14
75469,2013-14
75470,2013-14
75472,2013-14
75474,2013-14
75475,2013-14
75476,2013-14
75477,2013-14
75478,2013-14
75479,2013-14
75480,2013-14
75483,2013-14
75486,2013-14
75490,2013-14
75491,2013-14
75492,2013-14
75493,2013-14
75494,2013-14
75498,2013-14
75499,2013-14
75500,2013-14
75501,2013-14
75502,2013-14
75503,2013-14
75504,2013-14
75505,2013-14
75506,2013-14
75507,2013-14
75509,2013-14
75510,2013-14
75513,2013-14
75514,2013-14
75515,2013-14
75518,2013-14
75519,2013-14
75520,2013-14
75521,2013-14
75524,2013-14
75525,2013-14
75527,2013-14
75528,2013-14
75531,2013-14
75532,2013-14
75533,2013-14
75534,2013-14
75535,2013-14
75536,2013-14
75537,2013-14
75538,2013-14
75539,2013-14
75541,2013-14
75542,2013-14
75543,2013-14
75544,2013-14
75546,2013-14
75547,2013-14
75550,2013-14
75552,2013-14
75553,2013-14
75554,2013-14
75555,2013-14
75556,2013-14
75557,2013-14
75558,2013-14
75559,2013-14
75560,2013-14
75561,2013-14
75562,2013-14
75563,2013-14
75564,2013-14
75565,2013-14
75566,2013-14
75567,2013-14
75569,2013-14
75570,2013-14
75571,2013-14
75572,2013-14
75573,2013-14
75574,2013-14
75575,2013-14
75576,2013-14
75578,2013-14
75579,2013-14
75581,2013-14
75583,2013-14
75584,2013-14
75585,2013-14
75587,2013-14
75588,2013-14
75589,2013-14
75590,2013-14
75591,2013-14
75592,2013-14
75593,2013-14
75594,2013-14
75595,2013-14
75596,2013-14
75597,2013-14
75598,2013-14
75602,2013-14
75603,2013-14
75604,2013-14
75607,2013-14
75608,2013-14
75610,2013-14
75611,2013-14
75612,2013-14
75613,2013-14
75616,2013-14
75618,2013-14
75619,2013-14
75620,2013-14
75621,2013-14
75622,2013-14
75623,2013-14
75624,2013-14
75625,2013-14
75626,2013-14
75628,2013-14
75630,2013-14
75631,2013-14
75632,2013-14
75633,2013-14
75634,2013-14
75635,2013-14
75636,2013-14
75637,2013-14
75638,2013-14
75639,2013-14
75640,2013-14
75641,2013-14
75643,2013-14
75645,2013-14
75647,2013-14
75648,2013-14
75650,2013-14
75652,2013-14
75653,2013-14
75657,2013-14
75658,2013-14
75659,2013-14
75660,2013-14
75661,2013-14
75662,2013-14
75663,2013-14
75664,2013-14
75665,2013-14
75667,2013-14
75668,2013-14
75669,2013-14
75670,2013-14
75671,2013-14
75674,2013-14
75676,2013-14
75678,2013-14
75679,2013-14
75682,2013-14
75683,2013-14
75684,2013-14
75685,2013-14
75686,2013-14
75688,2013-14
75689,2013-14
75690,2013-14
75692,2013-14
75694,2013-14
75695,2013-14
75696,2013-14
75697,2013-14
75698,2013-14
75699,2013-14
75700,2013-14
75702,2013-14
75703,2013-14
75704,2013-14
75705,2013-14
75706,2013-14
75707,2013-14
75708,2013-14
75709,2013-14
75711,2013-14
75712,2013-14
75715,2013-14
75717,2013-14
75720,2013-14
75721,2013-14
75723,2013-14
75725,2013-14
75730,2013-14
75732,2013-14
75733,2013-14
75735,2013-14
75737,2013-14
75738,2013-14
75739,2013-14
75741,2013-14
75742,2013-14
75744,2013-14
75745,2013-14
75748,2013-14
75749,2013-14
75750,2013-14
75751,2013-14
75752,2013-14
75753,2013-14
75754,2013-14
75755,2013-14
75757,2013-14
75758,2013-14
75759,2013-14
75760,2013-14
75762,2013-14
75763,2013-14
75765,2013-14
75766,2013-14
75767,2013-14
75768,2013-14
75769,2013-14
75770,2013-14
75771,2013-14
75772,2013-14
75773,2013-14
75774,2013-14
75776,2013-14
75777,2013-14
75779,2013-14
75784,2013-14
75785,2013-14
75786,2013-14
75788,2013-14
75789,2013-14
75790,2013-14
75791,2013-14
75794,2013-14
75796,2013-14
75797,2013-14
75798,2013-14
75800,2013-14
75805,2013-14
75806,2013-14
75808,2013-14
75810,2013-14
75811,2013-14
75813,2013-14
75814,2013-14
75815,2013-14
75818,2013-14
75820,2013-14
75822,2013-14
75823,2013-14
75824,2013-14
75825,2013-14
75827,2013-14
75828,2013-14
75829,2013-14
75830,2013-14
75831,2013-14
75832,2013-14
75833,2013-14
75835,2013-14
75837,2013-14
75838,2013-14
75839,2013-14
75840,2013-14
75842,2013-14
75844,2013-14
75845,2013-14
75846,2013-14
75848,2013-14
75850,2013-14
75851,2013-14
75853,2013-14
75854,2013-14
75855,2013-14
75856,2013-14
75857,2013-14
75858,2013-14
75860,2013-14
75861,2013-14
75862,2013-14
75863,2013-14
75864,2013-14
75865,2013-14
75866,2013-14
75869,2013-14
75871,2013-14
75872,2013-14
75873,2013-14
75875,2013-14
75876,2013-14
75878,2013-14
75879,2013-14
75880,2013-14
75881,2013-14
75883,2013-14
75884,2013-14
75886,2013-14
75887,2013-14
75888,2013-14
75890,2013-14
75894,2013-14
75895,2013-14
75896,2013-14
75898,2013-14
75899,2013-14
75900,2013-14
75902,2013-14
75903,2013-14
75904,2013-14
75905,2013-14
75906,2013-14
75908,2013-14
75911,2013-14
75912,2013-14
75915,2013-14
75919,2013-14
75920,2013-14
75922,2013-14
75923,2013-14
75924,2013-14
75927,2013-14
75928,2013-14
75930,2013-14
75931,2013-14
75932,2013-14
75933,2013-14
75934,2013-14
75935,2013-14
75936,2013-14
75937,2013-14
75938,2013-14
75939,2013-14
75941,2013-14
75942,2013-14
75944,2013-14
75946,2013-14
75947,2013-14
75949,2013-14
75951,2013-14
75953,2013-14
75954,2013-14
75956,2013-14
75957,2013-14
75960,2013-14
75961,2013-14
75962,2013-14
75964,2013-14
75965,2013-14
75966,2013-14
75967,2013-14
75969,2013-14
75972,2013-14
75976,2013-14
75979,2013-14
75981,2013-14
75982,2013-14
75984,2013-14
75985,2013-14
75986,2013-14
75987,2013-14
75988,2013-14
75989,2013-14
75991,2013-14
75993,2013-14
75996,2013-14
75997,2013-14
75998,2013-14
75999,2013-14
76001,2013-14
76003,2013-14
76004,2013-14
76005,2013-14
76006,2013-14
76007,2013-14
76009,2013-14
76010,2013-14
76011,2013-14
76012,2013-14
76014,2013-14
76015,2013-14
76016,2013-14
76018,2013-14
76019,2013-14
76020,2013-14
76023,2013-14
76024,2013-14
76025,2013-14
76026,2013-14
76028,2013-14
76030,2013-14
76031,2013-14
76032,2013-14
76033,2013-14
76034,2013-14
76036,2013-14
76038,2013-14
76039,2013-14
76040,2013-14
76042,2013-14
76043,2013-14
76044,2013-14
76045,2013-14
76046,2013-14
76047,2013-14
76048,2013-14
76049,2013-14
76050,2013-14
76052,2013-14
76053,2013-14
76054,2013-14
76055,2013-14
76056,2013-14
76057,2013-14
76061,2013-14
76062,2013-14
76064,2013-14
76067,2013-14
76068,2013-14
76069,2013-14
76071,2013-14
76072,2013-14
76073,2013-14
76074,2013-14
76075,2013-14
76076,2013-14
76077,2013-14
76079,2013-14
76080,2013-14
76081,2013-14
76082,2013-14
76083,2013-14
76084,2013-14
76087,2013-14
76088,2013-14
76089,2013-14
76090,2013-14
76091,2013-14
76093,2013-14
76095,2013-14
76097,2013-14
76098,2013-14
76099,2013-14
76101,2013-14
76102,2013-14
76103,2013-14
76104,2013-14
76106,2013-14
76108,2013-14
76109,2013-14
76110,2013-14
76112,2013-14
76114,2013-14
76115,2013-14
76117,2013-14
76118,2013-14
76120,2013-14
76121,2013-14
76126,2013-14
76127,2013-14
76129,2013-14
76130,2013-14
76133,2013-14
76135,2013-14
76137,2013-14
76139,2013-14
76140,2013-14
76144,2013-14
76145,2013-14
76147,2013-14
76148,2013-14
76151,2013-14
76154,2013-14
76155,2013-14
76158,2013-14
76159,2013-14
76160,2013-14
76161,2013-14
76162,2013-14
76164,2013-14
76165,2013-14
76168,2013-14
76170,2013-14
76175,2013-14
76176,2013-14
76177,2013-14
76178,2013-14
76180,2013-14
76181,2013-14
76182,2013-14
76183,2013-14
76184,2013-14
76185,2013-14
76186,2013-14
76188,2013-14
76191,2013-14
76192,2013-14
76193,2013-14
76195,2013-14
76198,2013-14
76199,2013-14
76201,2013-14
76203,2013-14
76204,2013-14
76206,2013-14
76207,2013-14
76210,2013-14
76211,2013-14
76212,2013-14
76214,2013-14
76215,2013-14
76216,2013-14
76217,2013-14
76218,2013-14
76219,2013-14
76221,2013-14
76223,2013-14
76224,2013-14
76226,2013-14
76227,2013-14
76229,2013-14
76231,2013-14
76232,2013-14
76233,2013-14
76234,2013-14
76235,2013-14
76236,2013-14
76237,2013-14
76238,2013-14
76239,2013-14
76240,2013-14
76241,2013-14
76242,2013-14
76243,2013-14
76244,2013-14
76245,2013-14
76246,2013-14
76248,2013-14
76252,2013-14
76253,2013-14
76256,2013-14
76259,2013-14
76260,2013-14
76261,2013-14
76262,2013-14
76264,2013-14
76265,2013-14
76266,2013-14
76267,2013-14
76270,2013-14
76272,2013-14
76273,2013-14
76276,2013-14
76277,2013-14
76278,2013-14
76279,2013-14
76282,2013-14
76286,2013-14
76288,2013-14
76289,2013-14
76290,2013-14
76293,2013-14
76295,2013-14
76296,2013-14
76298,2013-14
76299,2013-14
76300,2013-14
76302,2013-14
76303,2013-14
76304,2013-14
76305,2013-14
76306,2013-14
76307,2013-14
76311,2013-14
76314,2013-14
76315,2013-14
76316,2013-14
76319,2013-14
76321,2013-14
76322,2013-14
76323,2013-14
76325,2013-14
76326,2013-14
76328,2013-14
76329,2013-14
76336,2013-14
76337,2013-14
76339,2013-14
76340,2013-14
76345,2013-14
76352,2013-14
76353,2013-14
76355,2013-14
76356,2013-14
76359,2013-14
76360,2013-14
76363,2013-14
76364,2013-14
76365,2013-14
76366,2013-14
76369,2013-14
76371,2013-14
76374,2013-14
76375,2013-14
76376,2013-14
76377,2013-14
76380,2013-14
76383,2013-14
76385,2013-14
76387,2013-14
76388,2013-14
76390,2013-14
76393,2013-14
76394,2013-14
76395,2013-14
76397,2013-14
76398,2013-14
76400,2013-14
76401,2013-14
76402,2013-14
76403,2013-14
76404,2013-14
76405,2013-14
76408,2013-14
76409,2013-14
76410,2013-14
76411,2013-14
76412,2013-14
76414,2013-14
76415,2013-14
76416,2013-14
76417,2013-14
76418,2013-14
76419,2013-14
76423,2013-14
76424,2013-14
76427,2013-14
76429,2013-14
76431,2013-14
76432,2013-14
76433,2013-14
76434,2013-14
76436,2013-14
76437,2013-14
76439,2013-14
76440,2013-14
76441,2013-14
76442,2013-14
76444,2013-14
76445,2013-14
76451,2013-14
76453,2013-14
76454,2013-14
76456,2013-14
76457,2013-14
76458,2013-14
76459,2013-14
76461,2013-14
76464,2013-14
76465,2013-14
76466,2013-14
76467,2013-14
76472,2013-14
76473,2013-14
76476,2013-14
76477,2013-14
76478,2013-14
76479,2013-14
76480,2013-14
76482,2013-14
76483,2013-14
76484,2013-14
76485,2013-14
76486,2013-14
76487,2013-14
76488,2013-14
76490,2013-14
76491,2013-14
76493,2013-14
76494,2013-14
76495,2013-14
76499,2013-14
76500,2013-14
76501,2013-14
76503,2013-14
76505,2013-14
76508,2013-14
76509,2013-14
76512,2013-14
76513,2013-14
76514,2013-14
76518,2013-14
76520,2013-14
76521,2013-14
76522,2013-14
76523,2013-14
76525,2013-14
76526,2013-14
76527,2013-14
76528,2013-14
76530,2013-14
76531,2013-14
76533,2013-14
76534,2013-14
76537,2013-14
76539,2013-14
76540,2013-14
76543,2013-14
76544,2013-14
76547,2013-14
76548,2013-14
76549,2013-14
76550,2013-14
76551,2013-14
76552,2013-14
76553,2013-14
76554,2013-14
76556,2013-14
76557,2013-14
76558,2013-14
76559,2013-14
76560,2013-14
76561,2013-14
76563,2013-14
76565,2013-14
76566,2013-14
76567,2013-14
76568,2013-14
76569,2013-14
76570,2013-14
76571,2013-14
76574,2013-14
76575,2013-14
76577,2013-14
76578,2013-14
76579,2013-14
76580,2013-14
76583,2013-14
76586,2013-14
76587,2013-14
76589,2013-14
76590,2013-14
76592,2013-14
76593,2013-14
76594,2013-14
76595,2013-14
76596,2013-14
76597,2013-14
76598,2013-14
76599,2013-14
76600,2013-14
76601,2013-14
76602,2013-14
76604,2013-14
76606,2013-14
76608,2013-14
76609,2013-14
76610,2013-14
76611,2013-14
76612,2013-14
76613,2013-14
76614,2013-14
76615,2013-14
76617,2013-14
76618,2013-14
76619,2013-14
76620,2013-14
76622,2013-14
76624,2013-14
76625,2013-14
76626,2013-14
76627,2013-14
76631,2013-14
76633,2013-14
76634,2013-14
76635,2013-14
76636,2013-14
76637,2013-14
76638,2013-14
76639,2013-14
76640,2013-14
76641,2013-14
76642,2013-14
76643,2013-14
76644,2013-14
76645,2013-14
76648,2013-14
76650,2013-14
76652,2013-14
76653,2013-14
76654,2013-14
76656,2013-14
76657,2013-14
76658,2013-14
76659,2013-14
76661,2013-14
76662,2013-14
76663,2013-14
76665,2013-14
76666,2013-14
76667,2013-14
76668,2013-14
76669,2013-14
76670,2013-14
76671,2013-14
76672,2013-14
76673,2013-14
76674,2013-14
76675,2013-14
76676,2013-14
76677,2013-14
76683,2013-14
76684,2013-14
76685,2013-14
76686,2013-14
76687,2013-14
76688,2013-14
76690,2013-14
76696,2013-14
76697,2013-14
76698,2013-14
76699,2013-14
76700,2013-14
76701,2013-14
76702,2013-14
76704,2013-14
76705,2013-14
76706,2013-14
76707,2013-14
76708,2013-14
76709,2013-14
76711,2013-14
76712,2013-14
76714,2013-14
76716,2013-14
76718,2013-14
76719,2013-14
76720,2013-14
76721,2013-14
76722,2013-14
76723,2013-14
76724,2013-14
76725,2013-14
76727,2013-14
76728,2013-14
76732,2013-14
76733,2013-14
76734,2013-14
76735,2013-14
76736,2013-14
76737,2013-14
76738,2013-14
76740,2013-14
76742,2013-14
76744,2013-14
76745,2013-14
76747,2013-14
76750,2013-14
76751,2013-14
76752,2013-14
76753,2013-14
76754,2013-14
76755,2013-14
76756,2013-14
76757,2013-14
76758,2013-14
76762,2013-14
76763,2013-14
76765,2013-14
76766,2013-14
76767,2013-14
76768,2013-14
76769,2013-14
76770,2013-14
76772,2013-14
76774,2013-14
76775,2013-14
76776,2013-14
76777,2013-14
76779,2013-14
76780,2013-14
76783,2013-14
76784,2013-14
76785,2013-14
76786,2013-14
76787,2013-14
76789,2013-14
76792,2013-14
76794,2013-14
76795,2013-14
76796,2013-14
76798,2013-14
76800,2013-14
76802,2013-14
76803,2013-14
76804,2013-14
76805,2013-14
76806,2013-14
76809,2013-14
76811,2013-14
76812,2013-14
76814,2013-14
76815,2013-14
76817,2013-14
76818,2013-14
76819,2013-14
76821,2013-14
76823,2013-14
76824,2013-14
76825,2013-14
76831,2013-14
76832,2013-14
76833,2013-14
76834,2013-14
76835,2013-14
76837,2013-14
76840,2013-14
76842,2013-14
76843,2013-14
76844,2013-14
76846,2013-14
76850,2013-14
76851,2013-14
76853,2013-14
76856,2013-14
76858,2013-14
76859,2013-14
76864,2013-14
76866,2013-14
76867,2013-14
76868,2013-14
76870,2013-14
76871,2013-14
76872,2013-14
76873,2013-14
76874,2013-14
76877,2013-14
76878,2013-14
76880,2013-14
76881,2013-14
76883,2013-14
76884,2013-14
76885,2013-14
76886,2013-14
76888,2013-14
76890,2013-14
76891,2013-14
76893,2013-14
76894,2013-14
76895,2013-14
76896,2013-14
76897,2013-14
76898,2013-14
76899,2013-14
76900,2013-14
76901,2013-14
76902,2013-14
76903,2013-14
76904,2013-14
76905,2013-14
76906,2013-14
76907,2013-14
76909,2013-14
76910,2013-14
76911,2013-14
76912,2013-14
76914,2013-14
76915,2013-14
76916,2013-14
76919,2013-14
76920,2013-14
76921,2013-14
76924,2013-14
76925,2013-14
76927,2013-14
76928,2013-14
76929,2013-14
76930,2013-14
76931,2013-14
76933,2013-14
76934,2013-14
76935,2013-14
76936,2013-14
76937,2013-14
76938,2013-14
76940,2013-14
76941,2013-14
76943,2013-14
76944,2013-14
76945,2013-14
76946,2013-14
76949,2013-14
76950,2013-14
76951,2013-14
76953,2013-14
76956,2013-14
76957,2013-14
76959,2013-14
76961,2013-14
76962,2013-14
76964,2013-14
76965,2013-14
76966,2013-14
76967,2013-14
76969,2013-14
76970,2013-14
76972,2013-14
76973,2013-14
76974,2013-14
76975,2013-14
76976,2013-14
76977,2013-14
76978,2013-14
76979,2013-14
76981,2013-14
76982,2013-14
76983,2013-14
76984,2013-14
76985,2013-14
76987,2013-14
76988,2013-14
76990,2013-14
76993,2013-14
76994,2013-14
76995,2013-14
76996,2013-14
76997,2013-14
76998,2013-14
76999,2013-14
77001,2013-14
77002,2013-14
77004,2013-14
77005,2013-14
77006,2013-14
77008,2013-14
77009,2013-14
77010,2013-14
77011,2013-14
77012,2013-14
77013,2013-14
77014,2013-14
77016,2013-14
77017,2013-14
77022,2013-14
77023,2013-14
77025,2013-14
77026,2013-14
77028,2013-14
77030,2013-14
77036,2013-14
77037,2013-14
77038,2013-14
77039,2013-14
77040,2013-14
77041,2013-14
77042,2013-14
77047,2013-14
77049,2013-14
77050,2013-14
77051,2013-14
77052,2013-14
77054,2013-14
77055,2013-14
77057,2013-14
77058,2013-14
77059,2013-14
77061,2013-14
77063,2013-14
77065,2013-14
77067,2013-14
77068,2013-14
77070,2013-14
77071,2013-14
77073,2013-14
77074,2013-14
77075,2013-14
77077,2013-14
77080,2013-14
77081,2013-14
77083,2013-14
77086,2013-14
77087,2013-14
77088,2013-14
77092,2013-14
77094,2013-14
77095,2013-14
77096,2013-14
77097,2013-14
77098,2013-14
77099,2013-14
77100,2013-14
77101,2013-14
77102,2013-14
77103,2013-14
77105,2013-14
77106,2013-14
77107,2013-14
77108,2013-14
77109,2013-14
77110,2013-14
77111,2013-14
77112,2013-14
77115,2013-14
77116,2013-14
77117,2013-14
77119,2013-14
77120,2013-14
77121,2013-14
77122,2013-14
77123,2013-14
77124,2013-14
77125,2013-14
77126,2013-14
77128,2013-14
77132,2013-14
77134,2013-14
77135,2013-14
77138,2013-14
77139,2013-14
77140,2013-14
77141,2013-14
77144,2013-14
77148,2013-14
77151,2013-14
77152,2013-14
77153,2013-14
77155,2013-14
77156,2013-14
77158,2013-14
77159,2013-14
77160,2013-14
77163,2013-14
77164,2013-14
77165,2013-14
77167,2013-14
77169,2013-14
77170,2013-14
77171,2013-14
77176,2013-14
77177,2013-14
77178,2013-14
77180,2013-14
77181,2013-14
77182,2013-14
77183,2013-14
77185,2013-14
77186,2013-14
77188,2013-14
77189,2013-14
77191,2013-14
77192,2013-14
77193,2013-14
77195,2013-14
77196,2013-14
77197,2013-14
77198,2013-14
77199,2013-14
77200,2013-14
77201,2013-14
77202,2013-14
77203,2013-14
77204,2013-14
77205,2013-14
77206,2013-14
77210,2013-14
77213,2013-14
77214,2013-14
77218,2013-14
77219,2013-14
77220,2013-14
77222,2013-14
77223,2013-14
77224,2013-14
77226,2013-14
77228,2013-14
77232,2013-14
77234,2013-14
77235,2013-14
77236,2013-14
77237,2013-14
77238,2013-14
77239,2013-14
77240,2013-14
77241,2013-14
77242,2013-14
77243,2013-14
77244,2013-14
77245,2013-14
77247,2013-14
77248,2013-14
77249,2013-14
77250,2013-14
77251,2013-14
77252,2013-14
77253,2013-14
77255,2013-14
77256,2013-14
77257,2013-14
77258,2013-14
77259,2013-14
77262,2013-14
77264,2013-14
77265,2013-14
77266,2013-14
77268,2013-14
77269,2013-14
77270,2013-14
77271,2013-14
77272,2013-14
77273,2013-14
77275,2013-14
77277,2013-14
77278,2013-14
77279,2013-14
77281,2013-14
77282,2013-14
77284,2013-14
77285,2013-14
77286,2013-14
77287,2013-14
77289,2013-14
77290,2013-14
77291,2013-14
77292,2013-14
77293,2013-14
77297,2013-14
77298,2013-14
77299,2013-14
77300,2013-14
77301,2013-14
77303,2013-14
77304,2013-14
77305,2013-14
77307,2013-14
77310,2013-14
77311,2013-14
77313,2013-14
77314,2013-14
77315,2013-14
77316,2013-14
77318,2013-14
77319,2013-14
77320,2013-14
77323,2013-14
77324,2013-14
77325,2013-14
77326,2013-14
77328,2013-14
77329,2013-14
77331,2013-14
77332,2013-14
77333,2013-14
77335,2013-14
77336,2013-14
77337,2013-14
77338,2013-14
77340,2013-14
77342,2013-14
77346,2013-14
77347,2013-14
77348,2013-14
77349,2013-14
77350,2013-14
77352,2013-14
77356,2013-14
77362,2013-14
77363,2013-14
77366,2013-14
77367,2013-14
77368,2013-14
77370,2013-14
77371,2013-14
77372,2013-14
77373,2013-14
77374,2013-14
77377,2013-14
77379,2013-14
77380,2013-14
77381,2013-14
77383,2013-14
77384,2013-14
77385,2013-14
77386,2013-14
77388,2013-14
77389,2013-14
77390,2013-14
77392,2013-14
77394,2013-14
77395,2013-14
77396,2013-14
77397,2013-14
77398,2013-14
77400,2013-14
77402,2013-14
77403,2013-14
77404,2013-14
77405,2013-14
77408,2013-14
77409,2013-14
77411,2013-14
77412,2013-14
77414,2013-14
77415,2013-14
77417,2013-14
77419,2013-14
77420,2013-14
77423,2013-14
77425,2013-14
77426,2013-14
77429,2013-14
77433,2013-14
77434,2013-14
77435,2013-14
77436,2013-14
77438,2013-14
77439,2013-14
77442,2013-14
77444,2013-14
77446,2013-14
77447,2013-14
77450,2013-14
77451,2013-14
77452,2013-14
77453,2013-14
77455,2013-14
77456,2013-14
77457,2013-14
77458,2013-14
77459,2013-14
77462,2013-14
77463,2013-14
77464,2013-14
77465,2013-14
77466,2013-14
77467,2013-14
77469,2013-14
77473,2013-14
77474,2013-14
77475,2013-14
77476,2013-14
77477,2013-14
77478,2013-14
77479,2013-14
77481,2013-14
77482,2013-14
77484,2013-14
77486,2013-14
77487,2013-14
77488,2013-14
77489,2013-14
77490,2013-14
77492,2013-14
77493,2013-14
77495,2013-14
77497,2013-14
77498,2013-14
77499,2013-14
77500,2013-14
77501,2013-14
77502,2013-14
77504,2013-14
77505,2013-14
77507,2013-14
77508,2013-14
77509,2013-14
77511,2013-14
77518,2013-14
77519,2013-14
77520,2013-14
77521,2013-14
77522,2013-14
77527,2013-14
77528,2013-14
77529,2013-14
77531,2013-14
77532,2013-14
77534,2013-14
77536,2013-14
77538,2013-14
77539,2013-14
77540,2013-14
77541,2013-14
77543,2013-14
77546,2013-14
77547,2013-14
77548,2013-14
77549,2013-14
77550,2013-14
77551,2013-14
77552,2013-14
77555,2013-14
77556,2013-14
77557,2013-14
77560,2013-14
77561,2013-14
77563,2013-14
77568,2013-14
77569,2013-14
77571,2013-14
77573,2013-14
77574,2013-14
77577,2013-14
77579,2013-14
77580,2013-14
77581,2013-14
77582,2013-14
77583,2013-14
77585,2013-14
77586,2013-14
77587,2013-14
77589,2013-14
77590,2013-14
77591,2013-14
77592,2013-14
77593,2013-14
77594,2013-14
77596,2013-14
77598,2013-14
77600,2013-14
77601,2013-14
77602,2013-14
77603,2013-14
77604,2013-14
77605,2013-14
77606,2013-14
77608,2013-14
77609,2013-14
77610,2013-14
77611,2013-14
77612,2013-14
77614,2013-14
77615,2013-14
77617,2013-14
77618,2013-14
77621,2013-14
77622,2013-14
77623,2013-14
77624,2013-14
77625,2013-14
77626,2013-14
77627,2013-14
77631,2013-14
77632,2013-14
77634,2013-14
77635,2013-14
77636,2013-14
77637,2013-14
77638,2013-14
77642,2013-14
77643,2013-14
77644,2013-14
77645,2013-14
77646,2013-14
77647,2013-14
77649,2013-14
77651,2013-14
77652,2013-14
77653,2013-14
77654,2013-14
77655,2013-14
77658,2013-14
77659,2013-14
77660,2013-14
77661,2013-14
77662,2013-14
77664,2013-14
77666,2013-14
77667,2013-14
77668,2013-14
77669,2013-14
77670,2013-14
77672,2013-14
77674,2013-14
77675,2013-14
77677,2013-14
77678,2013-14
77679,2013-14
77680,2013-14
77681,2013-14
77682,2013-14
77683,2013-14
77684,2013-14
77687,2013-14
77688,2013-14
77692,2013-14
77693,2013-14
77696,2013-14
77698,2013-14
77699,2013-14
77700,2013-14
77701,2013-14
77703,2013-14
77704,2013-14
77705,2013-14
77707,2013-14
77711,2013-14
77712,2013-14
77713,2013-14
77714,2013-14
77715,2013-14
77716,2013-14
77717,2013-14
77719,2013-14
77720,2013-14
77721,2013-14
77722,2013-14
77723,2013-14
77724,2013-14
77727,2013-14
77729,2013-14
77730,2013-14
77732,2013-14
77733,2013-14
77734,2013-14
77735,2013-14
77736,2013-14
77739,2013-14
77740,2013-14
77741,2013-14
77742,2013-14
77743,2013-14
77744,2013-14
77745,2013-14
77746,2013-14
77747,2013-14
77748,2013-14
77750,2013-14
77751,2013-14
77752,2013-14
77755,2013-14
77756,2013-14
77758,2013-14
77759,2013-14
77760,2013-14
77765,2013-14
77766,2013-14
77768,2013-14
77770,2013-14
77771,2013-14
77772,2013-14
77774,2013-14
77775,2013-14
77777,2013-14
77778,2013-14
77779,2013-14
77780,2013-14
77781,2013-14
77782,2013-14
77784,2013-14
77785,2013-14
77786,2013-14
77787,2013-14
77789,2013-14
77791,2013-14
77793,2013-14
77794,2013-14
77797,2013-14
77798,2013-14
77799,2013-14
77800,2013-14
77801,2013-14
77802,2013-14
77803,2013-14
77805,2013-14
77806,2013-14
77807,2013-14
77808,2013-14
77810,2013-14
77811,2013-14
77813,2013-14
77815,2013-14
77816,2013-14
77817,2013-14
77819,2013-14
77820,2013-14
77821,2013-14
77822,2013-14
77824,2013-14
77826,2013-14
77827,2013-14
77829,2013-14
77830,2013-14
77833,2013-14
77834,2013-14
77835,2013-14
77836,2013-14
77837,2013-14
77840,2013-14
77841,2013-14
77842,2013-14
77844,2013-14
77845,2013-14
77846,2013-14
77847,2013-14
77849,2013-14
77851,2013-14
77852,2013-14
77853,2013-14
77855,2013-14
77856,2013-14
77857,2013-14
77858,2013-14
77860,2013-14
77861,2013-14
77864,2013-14
77865,2013-14
77866,2013-14
77867,2013-14
77868,2013-14
77870,2013-14
77871,2013-14
77872,2013-14
77874,2013-14
77875,2013-14
77878,2013-14
77880,2013-14
77881,2013-14
77882,2013-14
77883,2013-14
77884,2013-14
77885,2013-14
77886,2013-14
77888,2013-14
77889,2013-14
77890,2013-14
77891,2013-14
77892,2013-14
77893,2013-14
77894,2013-14
77896,2013-14
77897,2013-14
77898,2013-14
77899,2013-14
77900,2013-14
77901,2013-14
77902,2013-14
77903,2013-14
77904,2013-14
77905,2013-14
77908,2013-14
77909,2013-14
77910,2013-14
77913,2013-14
77917,2013-14
77918,2013-14
77919,2013-14
77920,2013-14
77921,2013-14
77922,2013-14
77923,2013-14
77924,2013-14
77926,2013-14
77927,2013-14
77929,2013-14
77930,2013-14
77931,2013-14
77933,2013-14
77935,2013-14
77936,2013-14
77937,2013-14
77938,2013-14
77939,2013-14
77940,2013-14
77941,2013-14
77942,2013-14
77943,2013-14
77944,2013-14
77947,2013-14
77949,2013-14
77952,2013-14
77953,2013-14
77954,2013-14
77955,2013-14
77956,2013-14
77957,2013-14
77959,2013-14
77960,2013-14
77961,2013-14
77962,2013-14
77963,2013-14
77964,2013-14
77965,2013-14
77966,2013-14
77968,2013-14
77969,2013-14
77970,2013-14
77971,2013-14
77973,2013-14
77976,2013-14
77979,2013-14
77982,2013-14
77983,2013-14
77984,2013-14
77988,2013-14
77989,2013-14
77992,2013-14
77993,2013-14
77995,2013-14
77998,2013-14
77999,2013-14
78000,2013-14
78001,2013-14
78003,2013-14
78004,2013-14
78005,2013-14
78008,2013-14
78010,2013-14
78012,2013-14
78013,2013-14
78014,2013-14
78016,2013-14
78017,2013-14
78020,2013-14
78021,2013-14
78024,2013-14
78025,2013-14
78026,2013-14
78028,2013-14
78030,2013-14
78031,2013-14
78032,2013-14
78033,2013-14
78034,2013-14
78035,2013-14
78036,2013-14
78037,2013-14
78038,2013-14
78039,2013-14
78040,2013-14
78041,2013-14
78042,2013-14
78043,2013-14
78044,2013-14
78045,2013-14
78049,2013-14
78050,2013-14
78051,2013-14
78053,2013-14
78054,2013-14
78056,2013-14
78057,2013-14
78059,2013-14
78061,2013-14
78063,2013-14
78064,2013-14
78068,2013-14
78069,2013-14
78070,2013-14
78071,2013-14
78072,2013-14
78074,2013-14
78075,2013-14
78076,2013-14
78077,2013-14
78078,2013-14
78079,2013-14
78080,2013-14
78082,2013-14
78087,2013-14
78088,2013-14
78090,2013-14
78091,2013-14
78094,2013-14
78095,2013-14
78097,2013-14
78098,2013-14
78099,2013-14
78100,2013-14
78103,2013-14
78104,2013-14
78105,2013-14
78107,2013-14
78109,2013-14
78110,2013-14
78111,2013-14
78112,2013-14
78114,2013-14
78115,2013-14
78117,2013-14
78118,2013-14
78119,2013-14
78124,2013-14
78127,2013-14
78128,2013-14
78129,2013-14
78130,2013-14
78132,2013-14
78134,2013-14
78136,2013-14
78137,2013-14
78139,2013-14
78140,2013-14
78142,2013-14
78144,2013-14
78145,2013-14
78147,2013-14
78148,2013-14
78149,2013-14
78153,2013-14
78155,2013-14
78157,2013-14
78158,2013-14
78159,2013-14
78161,2013-14
78162,2013-14
78163,2013-14
78164,2013-14
78167,2013-14
78168,2013-14
78170,2013-14
78171,2013-14
78172,2013-14
78174,2013-14
78176,2013-14
78177,2013-14
78179,2013-14
78180,2013-14
78182,2013-14
78183,2013-14
78184,2013-14
78185,2013-14
78187,2013-14
78189,2013-14
78190,2013-14
78191,2013-14
78192,2013-14
78193,2013-14
78194,2013-14
78196,2013-14
78198,2013-14
78199,2013-14
78200,2013-14
78202,2013-14
78205,2013-14
78206,2013-14
78207,2013-14
78208,2013-14
78209,2013-14
78211,2013-14
78212,2013-14
78216,2013-14
78217,2013-14
78218,2013-14
78220,2013-14
78221,2013-14
78224,2013-14
78225,2013-14
78226,2013-14
78227,2013-14
78229,2013-14
78231,2013-14
78234,2013-14
78236,2013-14
78237,2013-14
78239,2013-14
78240,2013-14
78242,2013-14
78243,2013-14
78244,2013-14
78245,2013-14
78247,2013-14
78249,2013-14
78250,2013-14
78251,2013-14
78252,2013-14
78253,2013-14
78254,2013-14
78255,2013-14
78256,2013-14
78258,2013-14
78260,2013-14
78262,2013-14
78263,2013-14
78264,2013-14
78266,2013-14
78267,2013-14
78268,2013-14
78269,2013-14
78271,2013-14
78272,2013-14
78274,2013-14
78275,2013-14
78276,2013-14
78277,2013-14
78278,2013-14
78279,2013-14
78280,2013-14
78281,2013-14
78282,2013-14
78283,2013-14
78285,2013-14
78286,2013-14
78287,2013-14
78288,2013-14
78291,2013-14
78292,2013-14
78294,2013-14
78295,2013-14
78296,2013-14
78297,2013-14
78298,2013-14
78299,2013-14
78301,2013-14
78302,2013-14
78303,2013-14
78304,2013-14
78305,2013-14
78306,2013-14
78307,2013-14
78312,2013-14
78313,2013-14
78314,2013-14
78315,2013-14
78316,2013-14
78317,2013-14
78318,2013-14
78319,2013-14
78320,2013-14
78321,2013-14
78322,2013-14
78323,2013-14
78324,2013-14
78325,2013-14
78326,2013-14
78328,2013-14
78330,2013-14
78331,2013-14
78333,2013-14
78334,2013-14
78335,2013-14
78336,2013-14
78337,2013-14
78338,2013-14
78339,2013-14
78340,2013-14
78342,2013-14
78343,2013-14
78345,2013-14
78347,2013-14
78351,2013-14
78352,2013-14
78353,2013-14
78355,2013-14
78356,2013-14
78357,2013-14
78358,2013-14
78359,2013-14
78360,2013-14
78361,2013-14
78362,2013-14
78364,2013-14
78365,2013-14
78367,2013-14
78369,2013-14
78372,2013-14
78374,2013-14
78376,2013-14
78377,2013-14
78379,2013-14
78381,2013-14
78382,2013-14
78384,2013-14
78385,2013-14
78387,2013-14
78388,2013-14
78390,2013-14
78392,2013-14
78393,2013-14
78394,2013-14
78395,2013-14
78397,2013-14
78398,2013-14
78401,2013-14
78402,2013-14
78404,2013-14
78407,2013-14
78408,2013-14
78409,2013-14
78410,2013-14
78411,2013-14
78413,2013-14
78421,2013-14
78422,2013-14
78424,2013-14
78429,2013-14
78430,2013-14
78431,2013-14
78432,2013-14
78434,2013-14
78435,2013-14
78436,2013-14
78437,2013-14
78438,2013-14
78439,2013-14
78440,2013-14
78441,2013-14
78444,2013-14
78445,2013-14
78446,2013-14
78447,2013-14
78448,2013-14
78450,2013-14
78451,2013-14
78456,2013-14
78458,2013-14
78460,2013-14
78462,2013-14
78464,2013-14
78465,2013-14
78466,2013-14
78470,2013-14
78471,2013-14
78472,2013-14
78473,2013-14
78475,2013-14
78476,2013-14
78478,2013-14
78479,2013-14
78480,2013-14
78481,2013-14
78482,2013-14
78483,2013-14
78485,2013-14
78486,2013-14
78487,2013-14
78489,2013-14
78490,2013-14
78491,2013-14
78492,2013-14
78493,2013-14
78495,2013-14
78496,2013-14
78497,2013-14
78498,2013-14
78499,2013-14
78500,2013-14
78501,2013-14
78503,2013-14
78504,2013-14
78508,2013-14
78510,2013-14
78512,2013-14
78514,2013-14
78515,2013-14
78517,2013-14
78520,2013-14
78521,2013-14
78522,2013-14
78523,2013-14
78525,2013-14
78526,2013-14
78527,2013-14
78528,2013-14
78529,2013-14
78530,2013-14
78533,2013-14
78534,2013-14
78537,2013-14
78540,2013-14
78541,2013-14
78542,2013-14
78543,2013-14
78546,2013-14
78547,2013-14
78548,2013-14
78549,2013-14
78551,2013-14
78552,2013-14
78553,2013-14
78555,2013-14
78556,2013-14
78557,2013-14
78559,2013-14
78561,2013-14
78562,2013-14
78563,2013-14
78564,2013-14
78566,2013-14
78568,2013-14
78569,2013-14
78572,2013-14
78573,2013-14
78574,2013-14
78575,2013-14
78576,2013-14
78577,2013-14
78578,2013-14
78579,2013-14
78580,2013-14
78581,2013-14
78583,2013-14
78584,2013-14
78586,2013-14
78588,2013-14
78589,2013-14
78591,2013-14
78598,2013-14
78599,2013-14
78600,2013-14
78601,2013-14
78602,2013-14
78604,2013-14
78606,2013-14
78608,2013-14
78610,2013-14
78611,2013-14
78612,2013-14
78615,2013-14
78616,2013-14
78619,2013-14
78620,2013-14
78622,2013-14
78627,2013-14
78628,2013-14
78630,2013-14
78631,2013-14
78633,2013-14
78634,2013-14
78635,2013-14
78637,2013-14
78640,2013-14
78641,2013-14
78645,2013-14
78647,2013-14
78649,2013-14
78650,2013-14
78652,2013-14
78655,2013-14
78657,2013-14
78658,2013-14
78659,2013-14
78660,2013-14
78662,2013-14
78663,2013-14
78664,2013-14
78667,2013-14
78668,2013-14
78669,2013-14
78670,2013-14
78671,2013-14
78672,2013-14
78673,2013-14
78674,2013-14
78675,2013-14
78676,2013-14
78677,2013-14
78678,2013-14
78681,2013-14
78682,2013-14
78683,2013-14
78685,2013-14
78688,2013-14
78689,2013-14
78692,2013-14
78693,2013-14
78694,2013-14
78695,2013-14
78697,2013-14
78700,2013-14
78702,2013-14
78703,2013-14
78704,2013-14
78705,2013-14
78706,2013-14
78710,2013-14
78712,2013-14
78714,2013-14
78715,2013-14
78717,2013-14
78718,2013-14
78719,2013-14
78720,2013-14
78722,2013-14
78723,2013-14
78724,2013-14
78725,2013-14
78726,2013-14
78727,2013-14
78729,2013-14
78731,2013-14
78732,2013-14
78733,2013-14
78734,2013-14
78735,2013-14
78736,2013-14
78737,2013-14
78739,2013-14
78740,2013-14
78741,2013-14
78742,2013-14
78743,2013-14
78746,2013-14
78747,2013-14
78748,2013-14
78749,2013-14
78750,2013-14
78754,2013-14
78755,2013-14
78756,2013-14
78757,2013-14
78760,2013-14
78762,2013-14
78764,2013-14
78765,2013-14
78766,2013-14
78767,2013-14
78770,2013-14
78773,2013-14
78774,2013-14
78775,2013-14
78776,2013-14
78777,2013-14
78780,2013-14
78781,2013-14
78782,2013-14
78783,2013-14
78784,2013-14
78786,2013-14
78788,2013-14
78789,2013-14
78791,2013-14
78796,2013-14
78798,2013-14
78801,2013-14
78802,2013-14
78803,2013-14
78804,2013-14
78806,2013-14
78809,2013-14
78810,2013-14
78811,2013-14
78812,2013-14
78813,2013-14
78814,2013-14
78817,2013-14
78818,2013-14
78819,2013-14
78820,2013-14
78821,2013-14
78822,2013-14
78824,2013-14
78828,2013-14
78829,2013-14
78831,2013-14
78832,2013-14
78833,2013-14
78835,2013-14
78836,2013-14
78838,2013-14
78840,2013-14
78843,2013-14
78844,2013-14
78845,2013-14
78846,2013-14
78847,2013-14
78849,2013-14
78850,2013-14
78851,2013-14
78852,2013-14
78854,2013-14
78855,2013-14
78858,2013-14
78859,2013-14
78861,2013-14
78862,2013-14
78863,2013-14
78865,2013-14
78866,2013-14
78867,2013-14
78868,2013-14
78869,2013-14
78870,2013-14
78872,2013-14
78873,2013-14
78875,2013-14
78876,2013-14
78877,2013-14
78880,2013-14
78881,2013-14
78882,2013-14
78883,2013-14
78885,2013-14
78886,2013-14
78887,2013-14
78888,2013-14
78889,2013-14
78890,2013-14
78892,2013-14
78893,2013-14
78894,2013-14
78896,2013-14
78897,2013-14
78898,2013-14
78899,2013-14
78900,2013-14
78901,2013-14
78902,2013-14
78903,2013-14
78904,2013-14
78905,2013-14
78906,2013-14
78907,2013-14
78908,2013-14
78909,2013-14
78913,2013-14
78919,2013-14
78920,2013-14
78921,2013-14
78922,2013-14
78923,2013-14
78925,2013-14
78926,2013-14
78928,2013-14
78929,2013-14
78930,2013-14
78931,2013-14
78932,2013-14
78933,2013-14
78934,2013-14
78937,2013-14
78939,2013-14
78940,2013-14
78943,2013-14
78945,2013-14
78946,2013-14
78947,2013-14
78949,2013-14
78950,2013-14
78951,2013-14
78952,2013-14
78953,2013-14
78955,2013-14
78957,2013-14
78959,2013-14
78960,2013-14
78961,2013-14
78962,2013-14
78963,2013-14
78964,2013-14
78965,2013-14
78966,2013-14
78967,2013-14
78968,2013-14
78969,2013-14
78970,2013-14
78971,2013-14
78972,2013-14
78973,2013-14
78974,2013-14
78975,2013-14
78976,2013-14
78977,2013-14
78978,2013-14
78979,2013-14
78980,2013-14
78981,2013-14
78983,2013-14
78984,2013-14
78989,2013-14
78992,2013-14
78993,2013-14
78994,2013-14
78995,2013-14
78996,2013-14
78997,2013-14
78999,2013-14
79000,2013-14
79001,2013-14
79003,2013-14
79005,2013-14
79006,2013-14
79007,2013-14
79008,2013-14
79009,2013-14
79010,2013-14
79011,2013-14
79013,2013-14
79014,2013-14
79015,2013-14
79018,2013-14
79019,2013-14
79021,2013-14
79022,2013-14
79023,2013-14
79024,2013-14
79025,2013-14
79027,2013-14
79028,2013-14
79030,2013-14
79033,2013-14
79035,2013-14
79036,2013-14
79037,2013-14
79038,2013-14
79039,2013-14
79040,2013-14
79042,2013-14
79043,2013-14
79045,2013-14
79047,2013-14
79049,2013-14
79050,2013-14
79051,2013-14
79052,2013-14
79054,2013-14
79055,2013-14
79058,2013-14
79059,2013-14
79060,2013-14
79062,2013-14
79063,2013-14
79064,2013-14
79065,2013-14
79066,2013-14
79067,2013-14
79068,2013-14
79069,2013-14
79070,2013-14
79072,2013-14
79073,2013-14
79074,2013-14
79075,2013-14
79076,2013-14
79077,2013-14
79081,2013-14
79084,2013-14
79086,2013-14
79088,2013-14
79089,2013-14
79090,2013-14
79091,2013-14
79092,2013-14
79094,2013-14
79095,2013-14
79096,2013-14
79097,2013-14
79098,2013-14
79099,2013-14
79100,2013-14
79101,2013-14
79104,2013-14
79105,2013-14
79106,2013-14
79108,2013-14
79109,2013-14
79110,2013-14
79112,2013-14
79113,2013-14
79114,2013-14
79117,2013-14
79118,2013-14
79119,2013-14
79120,2013-14
79121,2013-14
79122,2013-14
79123,2013-14
79124,2013-14
79125,2013-14
79127,2013-14
79128,2013-14
79130,2013-14
79132,2013-14
79134,2013-14
79135,2013-14
79136,2013-14
79137,2013-14
79138,2013-14
79139,2013-14
79141,2013-14
79142,2013-14
79146,2013-14
79147,2013-14
79149,2013-14
79150,2013-14
79152,2013-14
79155,2013-14
79160,2013-14
79161,2013-14
79162,2013-14
79163,2013-14
79164,2013-14
79165,2013-14
79169,2013-14
79170,2013-14
79171,2013-14
79176,2013-14
79177,2013-14
79178,2013-14
79179,2013-14
79180,2013-14
79181,2013-14
79182,2013-14
79183,2013-14
79184,2013-14
79185,2013-14
79186,2013-14
79188,2013-14
79189,2013-14
79190,2013-14
79191,2013-14
79193,2013-14
79198,2013-14
79200,2013-14
79201,2013-14
79202,2013-14
79204,2013-14
79205,2013-14
79206,2013-14
79207,2013-14
79208,2013-14
79209,2013-14
79210,2013-14
79211,2013-14
79213,2013-14
79214,2013-14
79215,2013-14
79217,2013-14
79218,2013-14
79219,2013-14
79221,2013-14
79223,2013-14
79224,2013-14
79225,2013-14
79226,2013-14
79227,2013-14
79228,2013-14
79229,2013-14
79233,2013-14
79234,2013-14
79235,2013-14
79236,2013-14
79238,2013-14
79239,2013-14
79241,2013-14
79242,2013-14
79243,2013-14
79245,2013-14
79246,2013-14
79247,2013-14
79248,2013-14
79249,2013-14
79251,2013-14
79252,2013-14
79253,2013-14
79254,2013-14
79255,2013-14
79256,2013-14
79257,2013-14
79258,2013-14
79259,2013-14
79260,2013-14
79261,2013-14
79262,2013-14
79264,2013-14
79268,2013-14
79269,2013-14
79270,2013-14
79271,2013-14
79272,2013-14
79273,2013-14
79274,2013-14
79276,2013-14
79277,2013-14
79278,2013-14
79279,2013-14
79280,2013-14
79281,2013-14
79282,2013-14
79284,2013-14
79285,2013-14
79286,2013-14
79288,2013-14
79289,2013-14
79292,2013-14
79294,2013-14
79295,2013-14
79296,2013-14
79298,2013-14
79300,2013-14
79302,2013-14
79304,2013-14
79305,2013-14
79306,2013-14
79309,2013-14
79310,2013-14
79312,2013-14
79314,2013-14
79315,2013-14
79316,2013-14
79317,2013-14
79318,2013-14
79319,2013-14
79320,2013-14
79322,2013-14
79323,2013-14
79325,2013-14
79326,2013-14
79327,2013-14
79328,2013-14
79329,2013-14
79331,2013-14
79332,2013-14
79333,2013-14
79335,2013-14
79337,2013-14
79338,2013-14
79339,2013-14
79340,2013-14
79341,2013-14
79342,2013-14
79343,2013-14
79344,2013-14
79348,2013-14
79349,2013-14
79351,2013-14
79354,2013-14
79356,2013-14
79358,2013-14
79360,2013-14
79361,2013-14
79362,2013-14
79363,2013-14
79368,2013-14
79369,2013-14
79373,2013-14
79376,2013-14
79377,2013-14
79379,2013-14
79380,2013-14
79382,2013-14
79383,2013-14
79384,2013-14
79385,2013-14
79386,2013-14
79387,2013-14
79389,2013-14
79390,2013-14
79392,2013-14
79393,2013-14
79394,2013-14
79395,2013-14
79396,2013-14
79398,2013-14
79399,2013-14
79401,2013-14
79402,2013-14
79403,2013-14
79405,2013-14
79406,2013-14
79407,2013-14
79408,2013-14
79415,2013-14
79417,2013-14
79418,2013-14
79419,2013-14
79421,2013-14
79422,2013-14
79423,2013-14
79424,2013-14
79425,2013-14
79426,2013-14
79427,2013-14
79428,2013-14
79430,2013-14
79431,2013-14
79432,2013-14
79433,2013-14
79434,2013-14
79435,2013-14
79436,2013-14
79437,2013-14
79438,2013-14
79440,2013-14
79441,2013-14
79442,2013-14
79445,2013-14
79446,2013-14
79449,2013-14
79450,2013-14
79451,2013-14
79453,2013-14
79454,2013-14
79456,2013-14
79457,2013-14
79458,2013-14
79460,2013-14
79462,2013-14
79463,2013-14
79464,2013-14
79467,2013-14
79468,2013-14
79469,2013-14
79473,2013-14
79474,2013-14
79476,2013-14
79477,2013-14
79478,2013-14
79479,2013-14
79480,2013-14
79481,2013-14
79482,2013-14
79483,2013-14
79484,2013-14
79486,2013-14
79487,2013-14
79488,2013-14
79489,2013-14
79492,2013-14
79493,2013-14
79494,2013-14
79495,2013-14
79496,2013-14
79497,2013-14
79498,2013-14
79499,2013-14
79500,2013-14
79501,2013-14
79502,2013-14
79503,2013-14
79504,2013-14
79506,2013-14
79507,2013-14
79508,2013-14
79510,2013-14
79511,2013-14
79515,2013-14
79516,2013-14
79520,2013-14
79521,2013-14
79522,2013-14
79523,2013-14
79524,2013-14
79525,2013-14
79526,2013-14
79529,2013-14
79530,2013-14
79531,2013-14
79532,2013-14
79533,2013-14
79534,2013-14
79535,2013-14
79537,2013-14
79538,2013-14
79539,2013-14
79544,2013-14
79545,2013-14
79546,2013-14
79547,2013-14
79549,2013-14
79550,2013-14
79552,2013-14
79554,2013-14
79556,2013-14
79557,2013-14
79559,2013-14
79560,2013-14
79561,2013-14
79563,2013-14
79564,2013-14
79565,2013-14
79566,2013-14
79568,2013-14
79570,2013-14
79571,2013-14
79572,2013-14
79574,2013-14
79576,2013-14
79578,2013-14
79581,2013-14
79582,2013-14
79583,2013-14
79585,2013-14
79586,2013-14
79587,2013-14
79588,2013-14
79590,2013-14
79591,2013-14
79594,2013-14
79596,2013-14
79597,2013-14
79599,2013-14
79601,2013-14
79603,2013-14
79605,2013-14
79606,2013-14
79608,2013-14
79609,2013-14
79610,2013-14
79612,2013-14
79613,2013-14
79615,2013-14
79618,2013-14
79619,2013-14
79621,2013-14
79622,2013-14
79626,2013-14
79627,2013-14
79628,2013-14
79629,2013-14
79630,2013-14
79631,2013-14
79632,2013-14
79633,2013-14
79634,2013-14
79636,2013-14
79638,2013-14
79640,2013-14
79642,2013-14
79644,2013-14
79645,2013-14
79647,2013-14
79648,2013-14
79651,2013-14
79653,2013-14
79656,2013-14
79657,2013-14
79658,2013-14
79659,2013-14
79662,2013-14
79663,2013-14
79664,2013-14
79668,2013-14
79669,2013-14
79671,2013-14
79672,2013-14
79674,2013-14
79675,2013-14
79676,2013-14
79677,2013-14
79678,2013-14
79679,2013-14
79683,2013-14
79684,2013-14
79685,2013-14
79686,2013-14
79687,2013-14
79689,2013-14
79690,2013-14
79691,2013-14
79692,2013-14
79695,2013-14
79696,2013-14
79697,2013-14
79699,2013-14
79700,2013-14
79701,2013-14
79702,2013-14
79704,2013-14
79705,2013-14
79706,2013-14
79707,2013-14
79708,2013-14
79709,2013-14
79710,2013-14
79713,2013-14
79715,2013-14
79716,2013-14
79717,2013-14
79718,2013-14
79719,2013-14
79720,2013-14
79721,2013-14
79726,2013-14
79728,2013-14
79729,2013-14
79730,2013-14
79731,2013-14
79733,2013-14
79734,2013-14
79735,2013-14
79739,2013-14
79741,2013-14
79742,2013-14
79744,2013-14
79745,2013-14
79746,2013-14
79748,2013-14
79750,2013-14
79751,2013-14
79752,2013-14
79753,2013-14
79757,2013-14
79758,2013-14
79761,2013-14
79764,2013-14
79766,2013-14
79767,2013-14
79768,2013-14
79769,2013-14
79770,2013-14
79771,2013-14
79774,2013-14
79776,2013-14
79780,2013-14
79781,2013-14
79782,2013-14
79783,2013-14
79784,2013-14
79785,2013-14
79786,2013-14
79787,2013-14
79788,2013-14
79792,2013-14
79794,2013-14
79795,2013-14
79797,2013-14
79798,2013-14
79799,2013-14
79800,2013-14
79801,2013-14
79802,2013-14
79804,2013-14
79805,2013-14
79806,2013-14
79807,2013-14
79808,2013-14
79812,2013-14
79813,2013-14
79814,2013-14
79815,2013-14
79816,2013-14
79817,2013-14
79818,2013-14
79819,2013-14
79820,2013-14
79821,2013-14
79822,2013-14
79823,2013-14
79825,2013-14
79826,2013-14
79827,2013-14
79829,2013-14
79830,2013-14
79832,2013-14
79834,2013-14
79835,2013-14
79837,2013-14
79838,2013-14
79840,2013-14
79841,2013-14
79843,2013-14
79845,2013-14
79846,2013-14
79848,2013-14
79849,2013-14
79852,2013-14
79853,2013-14
79854,2013-14
79855,2013-14
79856,2013-14
79858,2013-14
79859,2013-14
79860,2013-14
79861,2013-14
79862,2013-14
79863,2013-14
79864,2013-14
79865,2013-14
79866,2013-14
79868,2013-14
79871,2013-14
79873,2013-14
79875,2013-14
79876,2013-14
79878,2013-14
79879,2013-14
79881,2013-14
79882,2013-14
79883,2013-14
79884,2013-14
79885,2013-14
79886,2013-14
79887,2013-14
79889,2013-14
79890,2013-14
79891,2013-14
79892,2013-14
79894,2013-14
79895,2013-14
79896,2013-14
79897,2013-14
79898,2013-14
79899,2013-14
79901,2013-14
79902,2013-14
79903,2013-14
79904,2013-14
79905,2013-14
79906,2013-14
79910,2013-14
79911,2013-14
79913,2013-14
79914,2013-14
79915,2013-14
79916,2013-14
79917,2013-14
79918,2013-14
79920,2013-14
79921,2013-14
79922,2013-14
79923,2013-14
79924,2013-14
79925,2013-14
79926,2013-14
79927,2013-14
79928,2013-14
79929,2013-14
79930,2013-14
79933,2013-14
79934,2013-14
79936,2013-14
79938,2013-14
79939,2013-14
79940,2013-14
79942,2013-14
79943,2013-14
79948,2013-14
79949,2013-14
79950,2013-14
79951,2013-14
79952,2013-14
79955,2013-14
79957,2013-14
79958,2013-14
79960,2013-14
79961,2013-14
79962,2013-14
79963,2013-14
79964,2013-14
79967,2013-14
79968,2013-14
79969,2013-14
79971,2013-14
79974,2013-14
79977,2013-14
79978,2013-14
79979,2013-14
79980,2013-14
79982,2013-14
79984,2013-14
79985,2013-14
79987,2013-14
79988,2013-14
79989,2013-14
79990,2013-14
79991,2013-14
79993,2013-14
79994,2013-14
79995,2013-14
79996,2013-14
79997,2013-14
79998,2013-14
80000,2013-14
80001,2013-14
80002,2013-14
80003,2013-14
80004,2013-14
80005,2013-14
80006,2013-14
80007,2013-14
80008,2013-14
80009,2013-14
80010,2013-14
80013,2013-14
80014,2013-14
80015,2013-14
80016,2013-14
80018,2013-14
80019,2013-14
80020,2013-14
80022,2013-14
80026,2013-14
80027,2013-14
80029,2013-14
80030,2013-14
80031,2013-14
80033,2013-14
80034,2013-14
80035,2013-14
80036,2013-14
80037,2013-14
80038,2013-14
80040,2013-14
80041,2013-14
80043,2013-14
80044,2013-14
80049,2013-14
80053,2013-14
80054,2013-14
80055,2013-14
80056,2013-14
80057,2013-14
80058,2013-14
80059,2013-14
80060,2013-14
80061,2013-14
80063,2013-14
80064,2013-14
80068,2013-14
80069,2013-14
80072,2013-14
80073,2013-14
80074,2013-14
80079,2013-14
80080,2013-14
80082,2013-14
80084,2013-14
80085,2013-14
80088,2013-14
80089,2013-14
80091,2013-14
80092,2013-14
80093,2013-14
80094,2013-14
80095,2013-14
80096,2013-14
80097,2013-14
80099,2013-14
80100,2013-14
80101,2013-14
80103,2013-14
80104,2013-14
80105,2013-14
80106,2013-14
80107,2013-14
80109,2013-14
80111,2013-14
80114,2013-14
80115,2013-14
80118,2013-14
80119,2013-14
80120,2013-14
80121,2013-14
80122,2013-14
80123,2013-14
80124,2013-14
80126,2013-14
80128,2013-14
80129,2013-14
80130,2013-14
80131,2013-14
80132,2013-14
80133,2013-14
80134,2013-14
80136,2013-14
80138,2013-14
80139,2013-14
80140,2013-14
80141,2013-14
80144,2013-14
80146,2013-14
80148,2013-14
80151,2013-14
80152,2013-14
80153,2013-14
80154,2013-14
80156,2013-14
80158,2013-14
80159,2013-14
80160,2013-14
80161,2013-14
80164,2013-14
80165,2013-14
80166,2013-14
80168,2013-14
80169,2013-14
80170,2013-14
80171,2013-14
80175,2013-14
80176,2013-14
80179,2013-14
80180,2013-14
80182,2013-14
80183,2013-14
80184,2013-14
80185,2013-14
80186,2013-14
80188,2013-14
80190,2013-14
80191,2013-14
80193,2013-14
80194,2013-14
80196,2013-14
80197,2013-14
80198,2013-14
80199,2013-14
80200,2013-14
80201,2013-14
80203,2013-14
80204,2013-14
80206,2013-14
80207,2013-14
80210,2013-14
80211,2013-14
80212,2013-14
80214,2013-14
80215,2013-14
80216,2013-14
80217,2013-14
80218,2013-14
80219,2013-14
80220,2013-14
80222,2013-14
80223,2013-14
80225,2013-14
80227,2013-14
80228,2013-14
80231,2013-14
80232,2013-14
80233,2013-14
80234,2013-14
80236,2013-14
80238,2013-14
80240,2013-14
80243,2013-14
80246,2013-14
80249,2013-14
80250,2013-14
80251,2013-14
80253,2013-14
80257,2013-14
80259,2013-14
80260,2013-14
80261,2013-14
80262,2013-14
80264,2013-14
80265,2013-14
80266,2013-14
80267,2013-14
80268,2013-14
80269,2013-14
80272,2013-14
80273,2013-14
80274,2013-14
80275,2013-14
80277,2013-14
80278,2013-14
80279,2013-14
80280,2013-14
80282,2013-14
80283,2013-14
80284,2013-14
80285,2013-14
80286,2013-14
80287,2013-14
80288,2013-14
80289,2013-14
80291,2013-14
80292,2013-14
80293,2013-14
80295,2013-14
80296,2013-14
80297,2013-14
80298,2013-14
80299,2013-14
80300,2013-14
80301,2013-14
80302,2013-14
80303,2013-14
80304,2013-14
80305,2013-14
80306,2013-14
80307,2013-14
80309,2013-14
80310,2013-14
80311,2013-14
80312,2013-14
80315,2013-14
80316,2013-14
80317,2013-14
80320,2013-14
80321,2013-14
80322,2013-14
80323,2013-14
80325,2013-14
80326,2013-14
80329,2013-14
80330,2013-14
80331,2013-14
80332,2013-14
80333,2013-14
80334,2013-14
80335,2013-14
80336,2013-14
80337,2013-14
80339,2013-14
80340,2013-14
80341,2013-14
80344,2013-14
80347,2013-14
80348,2013-14
80349,2013-14
80350,2013-14
80354,2013-14
80355,2013-14
80356,2013-14
80357,2013-14
80358,2013-14
80363,2013-14
80364,2013-14
80365,2013-14
80367,2013-14
80368,2013-14
80369,2013-14
80371,2013-14
80372,2013-14
80375,2013-14
80376,2013-14
80377,2013-14
80379,2013-14
80380,2013-14
80381,2013-14
80382,2013-14
80384,2013-14
80385,2013-14
80387,2013-14
80389,2013-14
80392,2013-14
80396,2013-14
80397,2013-14
80398,2013-14
80401,2013-14
80403,2013-14
80405,2013-14
80406,2013-14
80408,2013-14
80409,2013-14
80410,2013-14
80412,2013-14
80414,2013-14
80416,2013-14
80419,2013-14
80421,2013-14
80424,2013-14
80425,2013-14
80427,2013-14
80428,2013-14
80431,2013-14
80433,2013-14
80434,2013-14
80435,2013-14
80436,2013-14
80437,2013-14
80440,2013-14
80443,2013-14
80444,2013-14
80445,2013-14
80446,2013-14
80447,2013-14
80448,2013-14
80449,2013-14
80451,2013-14
80453,2013-14
80454,2013-14
80456,2013-14
80458,2013-14
80459,2013-14
80460,2013-14
80461,2013-14
80465,2013-14
80468,2013-14
80469,2013-14
80470,2013-14
80471,2013-14
80472,2013-14
80473,2013-14
80474,2013-14
80476,2013-14
80478,2013-14
80479,2013-14
80480,2013-14
80481,2013-14
80482,2013-14
80484,2013-14
80486,2013-14
80487,2013-14
80489,2013-14
80490,2013-14
80491,2013-14
80493,2013-14
80498,2013-14
80499,2013-14
80500,2013-14
80501,2013-14
80503,2013-14
80504,2013-14
80505,2013-14
80506,2013-14
80507,2013-14
80508,2013-14
80509,2013-14
80510,2013-14
80511,2013-14
80512,2013-14
80513,2013-14
80516,2013-14
80519,2013-14
80520,2013-14
80523,2013-14
80524,2013-14
80526,2013-14
80528,2013-14
80530,2013-14
80531,2013-14
80533,2013-14
80534,2013-14
80535,2013-14
80538,2013-14
80539,2013-14
80540,2013-14
80541,2013-14
80542,2013-14
80543,2013-14
80545,2013-14
80547,2013-14
80549,2013-14
80552,2013-14
80553,2013-14
80554,2013-14
80555,2013-14
80556,2013-14
80559,2013-14
80560,2013-14
80561,2013-14
80563,2013-14
80564,2013-14
80565,2013-14
80566,2013-14
80570,2013-14
80571,2013-14
80573,2013-14
80574,2013-14
80578,2013-14
80581,2013-14
80582,2013-14
80583,2013-14
80584,2013-14
80585,2013-14
80586,2013-14
80587,2013-14
80588,2013-14
80589,2013-14
80590,2013-14
80591,2013-14
80592,2013-14
80593,2013-14
80596,2013-14
80597,2013-14
80598,2013-14
80599,2013-14
80600,2013-14
80601,2013-14
80602,2013-14
80603,2013-14
80604,2013-14
80607,2013-14
80608,2013-14
80613,2013-14
80616,2013-14
80619,2013-14
80620,2013-14
80622,2013-14
80623,2013-14
80624,2013-14
80627,2013-14
80628,2013-14
80631,2013-14
80632,2013-14
80633,2013-14
80634,2013-14
80635,2013-14
80636,2013-14
80637,2013-14
80642,2013-14
80643,2013-14
80645,2013-14
80646,2013-14
80648,2013-14
80650,2013-14
80651,2013-14
80652,2013-14
80653,2013-14
80654,2013-14
80656,2013-14
80657,2013-14
80658,2013-14
80659,2013-14
80660,2013-14
80661,2013-14
80662,2013-14
80663,2013-14
80665,2013-14
80666,2013-14
80667,2013-14
80668,2013-14
80675,2013-14
80676,2013-14
80677,2013-14
80679,2013-14
80680,2013-14
80681,2013-14
80682,2013-14
80683,2013-14
80684,2013-14
80685,2013-14
80686,2013-14
80687,2013-14
80688,2013-14
80689,2013-14
80691,2013-14
80692,2013-14
80693,2013-14
80694,2013-14
80695,2013-14
80696,2013-14
80698,2013-14
80699,2013-14
80700,2013-14
80701,2013-14
80702,2013-14
80705,2013-14
80707,2013-14
80708,2013-14
80710,2013-14
80711,2013-14
80712,2013-14
80713,2013-14
80714,2013-14
80715,2013-14
80717,2013-14
80720,2013-14
80721,2013-14
80723,2013-14
80726,2013-14
80727,2013-14
80729,2013-14
80730,2013-14
80731,2013-14
80733,2013-14
80734,2013-14
80735,2013-14
80736,2013-14
80738,2013-14
80740,2013-14
80742,2013-14
80743,2013-14
80745,2013-14
80749,2013-14
80750,2013-14
80751,2013-14
80752,2013-14
80754,2013-14
80756,2013-14
80757,2013-14
80758,2013-14
80760,2013-14
80761,2013-14
80762,2013-14
80763,2013-14
80764,2013-14
80765,2013-14
80766,2013-14
80768,2013-14
80769,2013-14
80770,2013-14
80771,2013-14
80772,2013-14
80774,2013-14
80775,2013-14
80778,2013-14
80779,2013-14
80780,2013-14
80782,2013-14
80783,2013-14
80784,2013-14
80788,2013-14
80789,2013-14
80791,2013-14
80794,2013-14
80795,2013-14
80797,2013-14
80798,2013-14
80801,2013-14
80803,2013-14
80804,2013-14
80805,2013-14
80806,2013-14
80807,2013-14
80811,2013-14
80812,2013-14
80814,2013-14
80815,2013-14
80817,2013-14
80818,2013-14
80819,2013-14
80820,2013-14
80821,2013-14
80822,2013-14
80823,2013-14
80825,2013-14
80826,2013-14
80827,2013-14
80828,2013-14
80829,2013-14
80830,2013-14
80831,2013-14
80834,2013-14
80837,2013-14
80838,2013-14
80840,2013-14
80841,2013-14
80842,2013-14
80843,2013-14
80845,2013-14
80846,2013-14
80847,2013-14
80849,2013-14
80850,2013-14
80851,2013-14
80852,2013-14
80853,2013-14
80854,2013-14
80855,2013-14
80857,2013-14
80859,2013-14
80860,2013-14
80863,2013-14
80864,2013-14
80868,2013-14
80869,2013-14
80870,2013-14
80871,2013-14
80876,2013-14
80877,2013-14
80878,2013-14
80879,2013-14
80880,2013-14
80881,2013-14
80884,2013-14
80885,2013-14
80886,2013-14
80888,2013-14
80889,2013-14
80890,2013-14
80892,2013-14
80893,2013-14
80894,2013-14
80895,2013-14
80896,2013-14
80898,2013-14
80899,2013-14
80900,2013-14
80901,2013-14
80902,2013-14
80903,2013-14
80904,2013-14
80905,2013-14
80907,2013-14
80908,2013-14
80909,2013-14
80910,2013-14
80911,2013-14
80912,2013-14
80916,2013-14
80917,2013-14
80918,2013-14
80920,2013-14
80921,2013-14
80922,2013-14
80923,2013-14
80925,2013-14
80927,2013-14
80928,2013-14
80929,2013-14
80931,2013-14
80934,2013-14
80936,2013-14
80937,2013-14
80938,2013-14
80939,2013-14
80940,2013-14
80941,2013-14
80942,2013-14
80943,2013-14
80944,2013-14
80947,2013-14
80948,2013-14
80951,2013-14
80953,2013-14
80954,2013-14
80955,2013-14
80956,2013-14
80957,2013-14
80958,2013-14
80960,2013-14
80961,2013-14
80962,2013-14
80963,2013-14
80964,2013-14
80965,2013-14
80966,2013-14
80970,2013-14
80973,2013-14
80974,2013-14
80975,2013-14
80976,2013-14
80979,2013-14
80980,2013-14
80981,2013-14
80983,2013-14
80984,2013-14
80985,2013-14
80987,2013-14
80988,2013-14
80990,2013-14
80991,2013-14
80992,2013-14
80993,2013-14
80996,2013-14
80997,2013-14
80999,2013-14
81001,2013-14
81003,2013-14
81004,2013-14
81006,2013-14
81009,2013-14
81010,2013-14
81011,2013-14
81012,2013-14
81014,2013-14
81015,2013-14
81016,2013-14
81018,2013-14
81020,2013-14
81022,2013-14
81023,2013-14
81024,2013-14
81025,2013-14
81026,2013-14
81028,2013-14
81030,2013-14
81031,2013-14
81032,2013-14
81034,2013-14
81035,2013-14
81037,2013-14
81038,2013-14
81040,2013-14
81041,2013-14
81042,2013-14
81043,2013-14
81047,2013-14
81049,2013-14
81050,2013-14
81051,2013-14
81055,2013-14
81056,2013-14
81059,2013-14
81060,2013-14
81061,2013-14
81063,2013-14
81064,2013-14
81067,2013-14
81068,2013-14
81069,2013-14
81070,2013-14
81072,2013-14
81073,2013-14
81074,2013-14
81076,2013-14
81078,2013-14
81080,2013-14
81082,2013-14
81084,2013-14
81085,2013-14
81088,2013-14
81089,2013-14
81090,2013-14
81091,2013-14
81092,2013-14
81093,2013-14
81094,2013-14
81095,2013-14
81096,2013-14
81097,2013-14
81098,2013-14
81099,2013-14
81100,2013-14
81101,2013-14
81102,2013-14
81103,2013-14
81104,2013-14
81105,2013-14
81106,2013-14
81107,2013-14
81108,2013-14
81110,2013-14
81111,2013-14
81115,2013-14
81116,2013-14
81117,2013-14
81118,2013-14
81120,2013-14
81122,2013-14
81123,2013-14
81124,2013-14
81125,2013-14
81126,2013-14
81127,2013-14
81128,2013-14
81129,2013-14
81130,2013-14
81131,2013-14
81132,2013-14
81133,2013-14
81134,2013-14
81135,2013-14
81138,2013-14
81139,2013-14
81140,2013-14
81141,2013-14
81142,2013-14
81144,2013-14
81145,2013-14
81146,2013-14
81147,2013-14
81148,2013-14
81149,2013-14
81150,2013-14
81151,2013-14
81152,2013-14
81153,2013-14
81155,2013-14
81156,2013-14
81157,2013-14
81158,2013-14
81159,2013-14
81160,2013-14
81161,2013-14
81162,2013-14
81163,2013-14
81164,2013-14
81165,2013-14
81166,2013-14
81167,2013-14
81168,2013-14
81169,2013-14
81170,2013-14
81172,2013-14
81173,2013-14
81174,2013-14
81176,2013-14
81177,2013-14
81178,2013-14
81180,2013-14
81181,2013-14
81182,2013-14
81183,2013-14
81184,2013-14
81186,2013-14
81187,2013-14
81189,2013-14
81190,2013-14
81191,2013-14
81194,2013-14
81195,2013-14
81199,2013-14
81200,2013-14
81201,2013-14
81203,2013-14
81204,2013-14
81206,2013-14
81207,2013-14
81209,2013-14
81210,2013-14
81211,2013-14
81212,2013-14
81213,2013-14
81214,2013-14
81216,2013-14
81217,2013-14
81219,2013-14
81221,2013-14
81222,2013-14
81223,2013-14
81224,2013-14
81226,2013-14
81227,2013-14
81228,2013-14
81229,2013-14
81230,2013-14
81231,2013-14
81233,2013-14
81234,2013-14
81235,2013-14
81236,2013-14
81237,2013-14
81238,2013-14
81239,2013-14
81242,2013-14
81246,2013-14
81247,2013-14
81248,2013-14
81249,2013-14
81250,2013-14
81252,2013-14
81253,2013-14
81254,2013-14
81256,2013-14
81257,2013-14
81261,2013-14
81262,2013-14
81264,2013-14
81267,2013-14
81269,2013-14
81270,2013-14
81272,2013-14
81273,2013-14
81274,2013-14
81275,2013-14
81276,2013-14
81279,2013-14
81280,2013-14
81283,2013-14
81286,2013-14
81289,2013-14
81290,2013-14
81295,2013-14
81296,2013-14
81297,2013-14
81301,2013-14
81302,2013-14
81303,2013-14
81304,2013-14
81306,2013-14
81307,2013-14
81310,2013-14
81311,2013-14
81312,2013-14
81313,2013-14
81314,2013-14
81315,2013-14
81316,2013-14
81317,2013-14
81318,2013-14
81321,2013-14
81322,2013-14
81323,2013-14
81325,2013-14
81326,2013-14
81327,2013-14
81328,2013-14
81329,2013-14
81331,2013-14
81332,2013-14
81335,2013-14
81336,2013-14
81339,2013-14
81340,2013-14
81341,2013-14
81342,2013-14
81343,2013-14
81344,2013-14
81347,2013-14
81348,2013-14
81349,2013-14
81350,2013-14
81351,2013-14
81352,2013-14
81353,2013-14
81354,2013-14
81355,2013-14
81356,2013-14
81358,2013-14
81359,2013-14
81362,2013-14
81364,2013-14
81365,2013-14
81366,2013-14
81369,2013-14
81370,2013-14
81372,2013-14
81373,2013-14
81374,2013-14
81377,2013-14
81378,2013-14
81379,2013-14
81380,2013-14
81381,2013-14
81382,2013-14
81383,2013-14
81384,2013-14
81385,2013-14
81386,2013-14
81387,2013-14
81392,2013-14
81394,2013-14
81395,2013-14
81403,2013-14
81405,2013-14
81406,2013-14
81408,2013-14
81409,2013-14
81410,2013-14
81411,2013-14
81412,2013-14
81413,2013-14
81414,2013-14
81415,2013-14
81416,2013-14
81418,2013-14
81419,2013-14
81421,2013-14
81422,2013-14
81423,2013-14
81424,2013-14
81426,2013-14
81427,2013-14
81428,2013-14
81429,2013-14
81430,2013-14
81433,2013-14
81434,2013-14
81435,2013-14
81436,2013-14
81437,2013-14
81438,2013-14
81441,2013-14
81442,2013-14
81444,2013-14
81445,2013-14
81448,2013-14
81449,2013-14
81452,2013-14
81453,2013-14
81456,2013-14
81457,2013-14
81460,2013-14
81461,2013-14
81462,2013-14
81463,2013-14
81464,2013-14
81465,2013-14
81467,2013-14
81468,2013-14
81470,2013-14
81471,2013-14
81472,2013-14
81474,2013-14
81475,2013-14
81477,2013-14
81478,2013-14
81479,2013-14
81480,2013-14
81481,2013-14
81482,2013-14
81483,2013-14
81484,2013-14
81485,2013-14
81486,2013-14
81487,2013-14
81489,2013-14
81490,2013-14
81491,2013-14
81492,2013-14
81493,2013-14
81494,2013-14
81495,2013-14
81496,2013-14
81497,2013-14
81499,2013-14
81501,2013-14
81502,2013-14
81503,2013-14
81504,2013-14
81506,2013-14
81508,2013-14
81509,2013-14
81510,2013-14
81512,2013-14
81514,2013-14
81517,2013-14
81521,2013-14
81522,2013-14
81523,2013-14
81524,2013-14
81525,2013-14
81526,2013-14
81528,2013-14
81530,2013-14
81532,2013-14
81534,2013-14
81535,2013-14
81536,2013-14
81537,2013-14
81538,2013-14
81539,2013-14
81540,2013-14
81543,2013-14
81545,2013-14
81546,2013-14
81547,2013-14
81548,2013-14
81549,2013-14
81551,2013-14
81552,2013-14
81553,2013-14
81554,2013-14
81555,2013-14
81556,2013-14
81557,2013-14
81558,2013-14
81559,2013-14
81561,2013-14
81563,2013-14
81564,2013-14
81566,2013-14
81567,2013-14
81568,2013-14
81570,2013-14
81572,2013-14
81576,2013-14
81577,2013-14
81578,2013-14
81579,2013-14
81580,2013-14
81581,2013-14
81582,2013-14
81583,2013-14
81584,2013-14
81585,2013-14
81586,2013-14
81587,2013-14
81588,2013-14
81589,2013-14
81590,2013-14
81594,2013-14
81595,2013-14
81596,2013-14
81598,2013-14
81599,2013-14
81600,2013-14
81601,2013-14
81602,2013-14
81603,2013-14
81604,2013-14
81606,2013-14
81607,2013-14
81608,2013-14
81609,2013-14
81610,2013-14
81612,2013-14
81614,2013-14
81615,2013-14
81616,2013-14
81618,2013-14
81619,2013-14
81620,2013-14
81623,2013-14
81624,2013-14
81627,2013-14
81629,2013-14
81630,2013-14
81632,2013-14
81633,2013-14
81635,2013-14
81636,2013-14
81637,2013-14
81638,2013-14
81639,2013-14
81640,2013-14
81643,2013-14
81644,2013-14
81645,2013-14
81647,2013-14
81648,2013-14
81649,2013-14
81650,2013-14
81653,2013-14
81654,2013-14
81659,2013-14
81661,2013-14
81662,2013-14
81663,2013-14
81665,2013-14
81672,2013-14
81674,2013-14
81675,2013-14
81676,2013-14
81677,2013-14
81678,2013-14
81679,2013-14
81680,2013-14
81681,2013-14
81682,2013-14
81683,2013-14
81685,2013-14
81686,2013-14
81688,2013-14
81689,2013-14
81691,2013-14
81694,2013-14
81696,2013-14
81697,2013-14
81698,2013-14
81699,2013-14
81700,2013-14
81702,2013-14
81703,2013-14
81705,2013-14
81706,2013-14
81707,2013-14
81708,2013-14
81710,2013-14
81711,2013-14
81713,2013-14
81715,2013-14
81716,2013-14
81719,2013-14
81720,2013-14
81722,2013-14
81724,2013-14
81727,2013-14
81728,2013-14
81730,2013-14
81732,2013-14
81733,2013-14
81734,2013-14
81735,2013-14
81736,2013-14
81737,2013-14
81738,2013-14
81741,2013-14
81742,2013-14
81743,2013-14
81745,2013-14
81746,2013-14
81748,2013-14
81750,2013-14
81752,2013-14
81753,2013-14
81754,2013-14
81755,2013-14
81757,2013-14
81759,2013-14
81762,2013-14
81763,2013-14
81766,2013-14
81770,2013-14
81771,2013-14
81772,2013-14
81773,2013-14
81775,2013-14
81776,2013-14
81777,2013-14
81779,2013-14
81780,2013-14
81782,2013-14
81783,2013-14
81784,2013-14
81785,2013-14
81789,2013-14
81790,2013-14
81793,2013-14
81794,2013-14
81795,2013-14
81797,2013-14
81798,2013-14
81799,2013-14
81800,2013-14
81801,2013-14
81802,2013-14
81803,2013-14
81804,2013-14
81805,2013-14
81806,2013-14
81808,2013-14
81810,2013-14
81812,2013-14
81815,2013-14
81816,2013-14
81817,2013-14
81819,2013-14
81823,2013-14
81824,2013-14
81825,2013-14
81826,2013-14
81828,2013-14
81831,2013-14
81833,2013-14
81834,2013-14
81835,2013-14
81836,2013-14
81837,2013-14
81838,2013-14
81839,2013-14
81840,2013-14
81841,2013-14
81843,2013-14
81844,2013-14
81845,2013-14
81846,2013-14
81847,2013-14
81849,2013-14
81850,2013-14
81851,2013-14
81853,2013-14
81855,2013-14
81856,2013-14
81857,2013-14
81858,2013-14
81863,2013-14
81865,2013-14
81867,2013-14
81871,2013-14
81872,2013-14
81875,2013-14
81878,2013-14
81879,2013-14
81880,2013-14
81881,2013-14
81882,2013-14
81884,2013-14
81885,2013-14
81886,2013-14
81889,2013-14
81890,2013-14
81892,2013-14
81893,2013-14
81894,2013-14
81895,2013-14
81897,2013-14
81899,2013-14
81900,2013-14
81905,2013-14
81906,2013-14
81909,2013-14
81910,2013-14
81911,2013-14
81912,2013-14
81913,2013-14
81914,2013-14
81915,2013-14
81919,2013-14
81921,2013-14
81922,2013-14
81923,2013-14
81924,2013-14
81925,2013-14
81927,2013-14
81929,2013-14
81930,2013-14
81931,2013-14
81933,2013-14
81934,2013-14
81935,2013-14
81939,2013-14
81940,2013-14
81941,2013-14
81942,2013-14
81945,2013-14
81948,2013-14
81949,2013-14
81950,2013-14
81951,2013-14
81952,2013-14
81953,2013-14
81954,2013-14
81955,2013-14
81956,2013-14
81957,2013-14
81959,2013-14
81960,2013-14
81961,2013-14
81962,2013-14
81965,2013-14
81966,2013-14
81967,2013-14
81968,2013-14
81969,2013-14
81970,2013-14
81971,2013-14
81974,2013-14
81975,2013-14
81976,2013-14
81977,2013-14
81978,2013-14
81979,2013-14
81980,2013-14
81982,2013-14
81984,2013-14
81985,2013-14
81987,2013-14
81988,2013-14
81989,2013-14
81991,2013-14
81992,2013-14
81993,2013-14
81994,2013-14
81995,2013-14
81996,2013-14
81997,2013-14
81998,2013-14
81999,2013-14
82000,2013-14
82002,2013-14
82005,2013-14
82012,2013-14
82014,2013-14
82016,2013-14
82018,2013-14
82019,2013-14
82020,2013-14
82021,2013-14
82022,2013-14
82023,2013-14
82024,2013-14
82025,2013-14
82026,2013-14
82027,2013-14
82028,2013-14
82030,2013-14
82031,2013-14
82032,2013-14
82034,2013-14
82036,2013-14
82037,2013-14
82039,2013-14
82041,2013-14
82042,2013-14
82044,2013-14
82047,2013-14
82048,2013-14
82049,2013-14
82054,2013-14
82057,2013-14
82059,2013-14
82061,2013-14
82062,2013-14
82064,2013-14
82065,2013-14
82066,2013-14
82067,2013-14
82070,2013-14
82072,2013-14
82073,2013-14
82076,2013-14
82077,2013-14
82083,2013-14
82085,2013-14
82086,2013-14
82087,2013-14
82088,2013-14
82091,2013-14
82095,2013-14
82097,2013-14
82098,2013-14
82099,2013-14
82100,2013-14
82103,2013-14
82104,2013-14
82105,2013-14
82106,2013-14
82108,2013-14
82109,2013-14
82110,2013-14
82111,2013-14
82112,2013-14
82113,2013-14
82114,2013-14
82115,2013-14
82116,2013-14
82117,2013-14
82118,2013-14
82119,2013-14
82120,2013-14
82121,2013-14
82122,2013-14
82123,2013-14
82124,2013-14
82125,2013-14
82126,2013-14
82128,2013-14
82130,2013-14
82131,2013-14
82132,2013-14
82133,2013-14
82137,2013-14
82140,2013-14
82141,2013-14
82142,2013-14
82143,2013-14
82144,2013-14
82145,2013-14
82146,2013-14
82149,2013-14
82151,2013-14
82152,2013-14
82153,2013-14
82154,2013-14
82159,2013-14
82160,2013-14
82161,2013-14
82162,2013-14
82163,2013-14
82164,2013-14
82165,2013-14
82166,2013-14
82167,2013-14
82169,2013-14
82172,2013-14
82173,2013-14
82175,2013-14
82176,2013-14
82177,2013-14
82179,2013-14
82180,2013-14
82181,2013-14
82182,2013-14
82184,2013-14
82186,2013-14
82187,2013-14
82188,2013-14
82190,2013-14
82191,2013-14
82193,2013-14
82194,2013-14
82196,2013-14
82197,2013-14
82198,2013-14
82199,2013-14
82200,2013-14
82201,2013-14
82202,2013-14
82204,2013-14
82207,2013-14
82209,2013-14
82210,2013-14
82211,2013-14
82213,2013-14
82214,2013-14
82215,2013-14
82218,2013-14
82219,2013-14
82220,2013-14
82222,2013-14
82223,2013-14
82225,2013-14
82226,2013-14
82227,2013-14
82228,2013-14
82229,2013-14
82230,2013-14
82231,2013-14
82233,2013-14
82235,2013-14
82237,2013-14
82238,2013-14
82241,2013-14
82242,2013-14
82243,2013-14
82246,2013-14
82247,2013-14
82248,2013-14
82249,2013-14
82250,2013-14
82251,2013-14
82253,2013-14
82254,2013-14
82256,2013-14
82257,2013-14
82258,2013-14
82259,2013-14
82260,2013-14
82261,2013-14
82264,2013-14
82265,2013-14
82267,2013-14
82269,2013-14
82270,2013-14
82274,2013-14
82275,2013-14
82277,2013-14
82278,2013-14
82279,2013-14
82280,2013-14
82281,2013-14
82283,2013-14
82284,2013-14
82287,2013-14
82288,2013-14
82291,2013-14
82294,2013-14
82295,2013-14
82296,2013-14
82297,2013-14
82300,2013-14
82302,2013-14
82303,2013-14
82304,2013-14
82305,2013-14
82307,2013-14
82308,2013-14
82309,2013-14
82310,2013-14
82312,2013-14
82313,2013-14
82314,2013-14
82315,2013-14
82316,2013-14
82320,2013-14
82321,2013-14
82324,2013-14
82326,2013-14
82329,2013-14
82330,2013-14
82331,2013-14
82334,2013-14
82335,2013-14
82337,2013-14
82338,2013-14
82340,2013-14
82341,2013-14
82342,2013-14
82343,2013-14
82344,2013-14
82345,2013-14
82346,2013-14
82348,2013-14
82349,2013-14
82350,2013-14
82351,2013-14
82355,2013-14
82356,2013-14
82357,2013-14
82358,2013-14
82359,2013-14
82361,2013-14
82362,2013-14
82363,2013-14
82365,2013-14
82366,2013-14
82367,2013-14
82368,2013-14
82369,2013-14
82370,2013-14
82371,2013-14
82374,2013-14
82375,2013-14
82377,2013-14
82378,2013-14
82381,2013-14
82383,2013-14
82384,2013-14
82388,2013-14
82389,2013-14
82391,2013-14
82392,2013-14
82394,2013-14
82396,2013-14
82397,2013-14
82398,2013-14
82403,2013-14
82404,2013-14
82405,2013-14
82406,2013-14
82407,2013-14
82408,2013-14
82409,2013-14
82410,2013-14
82412,2013-14
82413,2013-14
82414,2013-14
82415,2013-14
82416,2013-14
82417,2013-14
82418,2013-14
82420,2013-14
82421,2013-14
82423,2013-14
82425,2013-14
82426,2013-14
82427,2013-14
82429,2013-14
82430,2013-14
82432,2013-14
82434,2013-14
82436,2013-14
82439,2013-14
82440,2013-14
82443,2013-14
82445,2013-14
82446,2013-14
82448,2013-14
82450,2013-14
82451,2013-14
82454,2013-14
82455,2013-14
82457,2013-14
82458,2013-14
82459,2013-14
82460,2013-14
82461,2013-14
82462,2013-14
82463,2013-14
82466,2013-14
82468,2013-14
82470,2013-14
82476,2013-14
82477,2013-14
82478,2013-14
82480,2013-14
82482,2013-14
82483,2013-14
82485,2013-14
82487,2013-14
82489,2013-14
82491,2013-14
82492,2013-14
82493,2013-14
82495,2013-14
82496,2013-14
82497,2013-14
82499,2013-14
82500,2013-14
82501,2013-14
82502,2013-14
82503,2013-14
82504,2013-14
82507,2013-14
82509,2013-14
82511,2013-14
82513,2013-14
82514,2013-14
82515,2013-14
82517,2013-14
82518,2013-14
82519,2013-14
82520,2013-14
82521,2013-14
82522,2013-14
82523,2013-14
82525,2013-14
82527,2013-14
82528,2013-14
82529,2013-14
82530,2013-14
82532,2013-14
82536,2013-14
82540,2013-14
82541,2013-14
82542,2013-14
82543,2013-14
82544,2013-14
82545,2013-14
82546,2013-14
82547,2013-14
82556,2013-14
82557,2013-14
82560,2013-14
82561,2013-14
82562,2013-14
82563,2013-14
82564,2013-14
82566,2013-14
82567,2013-14
82568,2013-14
82569,2013-14
82570,2013-14
82572,2013-14
82573,2013-14
82574,2013-14
82575,2013-14
82576,2013-14
82577,2013-14
82578,2013-14
82579,2013-14
82580,2013-14
82581,2013-14
82582,2013-14
82583,2013-14
82588,2013-14
82589,2013-14
82590,2013-14
82591,2013-14
82592,2013-14
82593,2013-14
82594,2013-14
82595,2013-14
82596,2013-14
82597,2013-14
82600,2013-14
82602,2013-14
82605,2013-14
82607,2013-14
82608,2013-14
82610,2013-14
82611,2013-14
82612,2013-14
82613,2013-14
82614,2013-14
82615,2013-14
82616,2013-14
82617,2013-14
82618,2013-14
82619,2013-14
82620,2013-14
82622,2013-14
82625,2013-14
82626,2013-14
82627,2013-14
82628,2013-14
82629,2013-14
82630,2013-14
82633,2013-14
82634,2013-14
82636,2013-14
82637,2013-14
82638,2013-14
82639,2013-14
82640,2013-14
82643,2013-14
82644,2013-14
82645,2013-14
82647,2013-14
82648,2013-14
82650,2013-14
82651,2013-14
82653,2013-14
82654,2013-14
82656,2013-14
82658,2013-14
82660,2013-14
82665,2013-14
82667,2013-14
82668,2013-14
82669,2013-14
82672,2013-14
82673,2013-14
82674,2013-14
82675,2013-14
82676,2013-14
82677,2013-14
82679,2013-14
82680,2013-14
82682,2013-14
82685,2013-14
82687,2013-14
82690,2013-14
82691,2013-14
82692,2013-14
82693,2013-14
82694,2013-14
82695,2013-14
82698,2013-14
82699,2013-14
82702,2013-14
82706,2013-14
82708,2013-14
82709,2013-14
82710,2013-14
82712,2013-14
82713,2013-14
82714,2013-14
82715,2013-14
82716,2013-14
82717,2013-14
82718,2013-14
82719,2013-14
82720,2013-14
82721,2013-14
82722,2013-14
82725,2013-14
82727,2013-14
82729,2013-14
82730,2013-14
82732,2013-14
82733,2013-14
82736,2013-14
82739,2013-14
82741,2013-14
82742,2013-14
82743,2013-14
82745,2013-14
82746,2013-14
82748,2013-14
82749,2013-14
82750,2013-14
82755,2013-14
82756,2013-14
82758,2013-14
82759,2013-14
82763,2013-14
82766,2013-14
82768,2013-14
82772,2013-14
82773,2013-14
82774,2013-14
82775,2013-14
82776,2013-14
82778,2013-14
82779,2013-14
82780,2013-14
82782,2013-14
82784,2013-14
82786,2013-14
82787,2013-14
82788,2013-14
82789,2013-14
82791,2013-14
82794,2013-14
82795,2013-14
82796,2013-14
82797,2013-14
82798,2013-14
82799,2013-14
82800,2013-14
82801,2013-14
82802,2013-14
82803,2013-14
82804,2013-14
82805,2013-14
82807,2013-14
82808,2013-14
82809,2013-14
82810,2013-14
82811,2013-14
82812,2013-14
82813,2013-14
82814,2013-14
82816,2013-14
82817,2013-14
82820,2013-14
82821,2013-14
82823,2013-14
82824,2013-14
82826,2013-14
82829,2013-14
82831,2013-14
82832,2013-14
82834,2013-14
82835,2013-14
82838,2013-14
82839,2013-14
82840,2013-14
82841,2013-14
82842,2013-14
82843,2013-14
82845,2013-14
82846,2013-14
82847,2013-14
82848,2013-14
82849,2013-14
82850,2013-14
82851,2013-14
82852,2013-14
82854,2013-14
82855,2013-14
82856,2013-14
82859,2013-14
82861,2013-14
82862,2013-14
82864,2013-14
82868,2013-14
82870,2013-14
82874,2013-14
82875,2013-14
82876,2013-14
82878,2013-14
82879,2013-14
82880,2013-14
82882,2013-14
82884,2013-14
82885,2013-14
82888,2013-14
82889,2013-14
82891,2013-14
82895,2013-14
82896,2013-14
82897,2013-14
82898,2013-14
82899,2013-14
82900,2013-14
82901,2013-14
82903,2013-14
82905,2013-14
82906,2013-14
82907,2013-14
82909,2013-14
82910,2013-14
82911,2013-14
82912,2013-14
82913,2013-14
82914,2013-14
82915,2013-14
82916,2013-14
82917,2013-14
82918,2013-14
82919,2013-14
82920,2013-14
82921,2013-14
82923,2013-14
82928,2013-14
82929,2013-14
82930,2013-14
82931,2013-14
82932,2013-14
82933,2013-14
82934,2013-14
82936,2013-14
82938,2013-14
82939,2013-14
82940,2013-14
82941,2013-14
82942,2013-14
82943,2013-14
82945,2013-14
82946,2013-14
82949,2013-14
82951,2013-14
82952,2013-14
82953,2013-14
82956,2013-14
82957,2013-14
82959,2013-14
82960,2013-14
82961,2013-14
82962,2013-14
82963,2013-14
82964,2013-14
82965,2013-14
82967,2013-14
82968,2013-14
82969,2013-14
82970,2013-14
82971,2013-14
82975,2013-14
82978,2013-14
82986,2013-14
82988,2013-14
82990,2013-14
82991,2013-14
82992,2013-14
82993,2013-14
82995,2013-14
82998,2013-14
83000,2013-14
83001,2013-14
83002,2013-14
83005,2013-14
83006,2013-14
83008,2013-14
83009,2013-14
83010,2013-14
83011,2013-14
83012,2013-14
83015,2013-14
83016,2013-14
83017,2013-14
83018,2013-14
83019,2013-14
83020,2013-14
83021,2013-14
83022,2013-14
83024,2013-14
83025,2013-14
83026,2013-14
83027,2013-14
83029,2013-14
83031,2013-14
83032,2013-14
83035,2013-14
83036,2013-14
83037,2013-14
83039,2013-14
83040,2013-14
83041,2013-14
83042,2013-14
83043,2013-14
83044,2013-14
83047,2013-14
83049,2013-14
83050,2013-14
83052,2013-14
83053,2013-14
83054,2013-14
83055,2013-14
83056,2013-14
83057,2013-14
83060,2013-14
83061,2013-14
83062,2013-14
83063,2013-14
83067,2013-14
83069,2013-14
83071,2013-14
83072,2013-14
83073,2013-14
83074,2013-14
83077,2013-14
83078,2013-14
83080,2013-14
83081,2013-14
83082,2013-14
83084,2013-14
83085,2013-14
83087,2013-14
83088,2013-14
83090,2013-14
83091,2013-14
83093,2013-14
83096,2013-14
83099,2013-14
83100,2013-14
83101,2013-14
83102,2013-14
83103,2013-14
83105,2013-14
83106,2013-14
83111,2013-14
83116,2013-14
83118,2013-14
83121,2013-14
83122,2013-14
83123,2013-14
83124,2013-14
83125,2013-14
83126,2013-14
83127,2013-14
83128,2013-14
83129,2013-14
83130,2013-14
83131,2013-14
83133,2013-14
83134,2013-14
83139,2013-14
83140,2013-14
83141,2013-14
83142,2013-14
83143,2013-14
83144,2013-14
83145,2013-14
83146,2013-14
83147,2013-14
83148,2013-14
83149,2013-14
83151,2013-14
83152,2013-14
83153,2013-14
83155,2013-14
83156,2013-14
83157,2013-14
83158,2013-14
83159,2013-14
83160,2013-14
83162,2013-14
83163,2013-14
83164,2013-14
83168,2013-14
83170,2013-14
83171,2013-14
83172,2013-14
83173,2013-14
83176,2013-14
83177,2013-14
83181,2013-14
83182,2013-14
83183,2013-14
83186,2013-14
83187,2013-14
83188,2013-14
83192,2013-14
83193,2013-14
83194,2013-14
83195,2013-14
83196,2013-14
83199,2013-14
83200,2013-14
83201,2013-14
83202,2013-14
83203,2013-14
83204,2013-14
83205,2013-14
83206,2013-14
83207,2013-14
83208,2013-14
83209,2013-14
83212,2013-14
83213,2013-14
83214,2013-14
83215,2013-14
83216,2013-14
83218,2013-14
83219,2013-14
83220,2013-14
83221,2013-14
83222,2013-14
83223,2013-14
83225,2013-14
83226,2013-14
83227,2013-14
83232,2013-14
83233,2013-14
83234,2013-14
83236,2013-14
83238,2013-14
83239,2013-14
83240,2013-14
83241,2013-14
83242,2013-14
83243,2013-14
83244,2013-14
83245,2013-14
83246,2013-14
83247,2013-14
83248,2013-14
83249,2013-14
83250,2013-14
83252,2013-14
83255,2013-14
83256,2013-14
83257,2013-14
83258,2013-14
83259,2013-14
83260,2013-14
83261,2013-14
83262,2013-14
83263,2013-14
83266,2013-14
83267,2013-14
83270,2013-14
83271,2013-14
83272,2013-14
83273,2013-14
83274,2013-14
83275,2013-14
83276,2013-14
83277,2013-14
83279,2013-14
83280,2013-14
83281,2013-14
83285,2013-14
83286,2013-14
83287,2013-14
83288,2013-14
83291,2013-14
83292,2013-14
83293,2013-14
83295,2013-14
83296,2013-14
83297,2013-14
83299,2013-14
83300,2013-14
83301,2013-14
83306,2013-14
83307,2013-14
83309,2013-14
83311,2013-14
83313,2013-14
83314,2013-14
83316,2013-14
83317,2013-14
83318,2013-14
83319,2013-14
83320,2013-14
83321,2013-14
83323,2013-14
83325,2013-14
83326,2013-14
83331,2013-14
83332,2013-14
83333,2013-14
83334,2013-14
83335,2013-14
83338,2013-14
83339,2013-14
83340,2013-14
83341,2013-14
83344,2013-14
83347,2013-14
83348,2013-14
83349,2013-14
83350,2013-14
83351,2013-14
83352,2013-14
83354,2013-14
83355,2013-14
83357,2013-14
83358,2013-14
83359,2013-14
83362,2013-14
83363,2013-14
83364,2013-14
83365,2013-14
83368,2013-14
83369,2013-14
83370,2013-14
83371,2013-14
83372,2013-14
83373,2013-14
83374,2013-14
83375,2013-14
83376,2013-14
83377,2013-14
83379,2013-14
83380,2013-14
83381,2013-14
83382,2013-14
83383,2013-14
83384,2013-14
83391,2013-14
83393,2013-14
83394,2013-14
83396,2013-14
83397,2013-14
83398,2013-14
83399,2013-14
83400,2013-14
83405,2013-14
83406,2013-14
83409,2013-14
83411,2013-14
83412,2013-14
83413,2013-14
83415,2013-14
83417,2013-14
83418,2013-14
83420,2013-14
83423,2013-14
83424,2013-14
83426,2013-14
83427,2013-14
83429,2013-14
83430,2013-14
83431,2013-14
83432,2013-14
83433,2013-14
83435,2013-14
83436,2013-14
83438,2013-14
83440,2013-14
83441,2013-14
83444,2013-14
83445,2013-14
83446,2013-14
83447,2013-14
83448,2013-14
83451,2013-14
83453,2013-14
83454,2013-14
83456,2013-14
83457,2013-14
83458,2013-14
83460,2013-14
83461,2013-14
83463,2013-14
83465,2013-14
83468,2013-14
83473,2013-14
83474,2013-14
83475,2013-14
83476,2013-14
83477,2013-14
83478,2013-14
83481,2013-14
83482,2013-14
83484,2013-14
83485,2013-14
83486,2013-14
83487,2013-14
83488,2013-14
83490,2013-14
83491,2013-14
83492,2013-14
83493,2013-14
83494,2013-14
83495,2013-14
83496,2013-14
83499,2013-14
83500,2013-14
83501,2013-14
83502,2013-14
83505,2013-14
83506,2013-14
83507,2013-14
83510,2013-14
83512,2013-14
83514,2013-14
83515,2013-14
83517,2013-14
83518,2013-14
83520,2013-14
83521,2013-14
83524,2013-14
83525,2013-14
83526,2013-14
83527,2013-14
83528,2013-14
83530,2013-14
83532,2013-14
83533,2013-14
83535,2013-14
83536,2013-14
83539,2013-14
83540,2013-14
83541,2013-14
83542,2013-14
83543,2013-14
83545,2013-14
83546,2013-14
83547,2013-14
83548,2013-14
83550,2013-14
83552,2013-14
83553,2013-14
83554,2013-14
83555,2013-14
83556,2013-14
83557,2013-14
83558,2013-14
83559,2013-14
83561,2013-14
83562,2013-14
83563,2013-14
83564,2013-14
83565,2013-14
83566,2013-14
83569,2013-14
83571,2013-14
83573,2013-14
83574,2013-14
83575,2013-14
83577,2013-14
83579,2013-14
83580,2013-14
83581,2013-14
83582,2013-14
83583,2013-14
83584,2013-14
83587,2013-14
83588,2013-14
83589,2013-14
83590,2013-14
83594,2013-14
83595,2013-14
83596,2013-14
83599,2013-14
83600,2013-14
83606,2013-14
83607,2013-14
83609,2013-14
83610,2013-14
83612,2013-14
83613,2013-14
83614,2013-14
83615,2013-14
83619,2013-14
83620,2013-14
83621,2013-14
83622,2013-14
83623,2013-14
83624,2013-14
83626,2013-14
83627,2013-14
83628,2013-14
83629,2013-14
83630,2013-14
83631,2013-14
83632,2013-14
83633,2013-14
83636,2013-14
83637,2013-14
83638,2013-14
83639,2013-14
83640,2013-14
83641,2013-14
83642,2013-14
83644,2013-14
83646,2013-14
83647,2013-14
83648,2013-14
83649,2013-14
83650,2013-14
83651,2013-14
83653,2013-14
83654,2013-14
83655,2013-14
83656,2013-14
83658,2013-14
83659,2013-14
83660,2013-14
83662,2013-14
83663,2013-14
83664,2013-14
83665,2013-14
83666,2013-14
83668,2013-14
83669,2013-14
83671,2013-14
83672,2013-14
83673,2013-14
83674,2013-14
83676,2013-14
83677,2013-14
83678,2013-14
83682,2013-14
83683,2013-14
83684,2013-14
83689,2013-14
83691,2013-14
83692,2013-14
83693,2013-14
83694,2013-14
83699,2013-14
83700,2013-14
83701,2013-14
83702,2013-14
83704,2013-14
83705,2013-14
83709,2013-14
83711,2013-14
83712,2013-14
83713,2013-14
83716,2013-14
83717,2013-14
83720,2013-14
83721,2013-14
83723,2013-14
83724,2013-14
83725,2013-14
83727,2013-14
83729,2013-14
83730,2013-14
